Price,Adj Close,Close,High,Low,Open,Volume
Ticker,^SET.BK,^SET.BK,^SET.BK,^SET.BK,^SET.BK,^SET.BK
Date,,,,,,
2018-01-03,1778.530029296875,1778.530029296875,1779.550048828125,1758.0699462890625,1759.6099853515625,12689600
2018-01-04,1791.02001953125,1791.02001953125,1791.3900146484375,1779.280029296875,1786.6400146484375,13110700
2018-01-05,1795.449951171875,1795.449951171875,1803.9300537109375,1787.3399658203125,1793.8900146484375,12718100
2018-01-08,1792.81005859375,1792.81005859375,1813.1700439453125,1792.81005859375,1799.5899658203125,12087600
2018-01-09,1795.2099609375,1795.2099609375,1798.68994140625,1784.75,1795.8900146484375,13874900
2018-01-10,1794.9200439453125,1794.9200439453125,1807.0899658203125,1791.8199462890625,1803.1400146484375,13491400
2018-01-11,1802.800048828125,1802.800048828125,1804.5400390625,1786.469970703125,1795.0799560546875,11604700
2018-01-12,1810.18994140625,1810.18994140625,1816.81005859375,1808.530029296875,1810.1300048828125,10684000
2018-01-15,1822.6600341796875,1822.6600341796875,1830.6800537109375,1818.510009765625,1819.239990234375,14124100
2018-01-16,1821.8299560546875,1821.8299560546875,1831.449951171875,1816.9000244140625,1829.0899658203125,11258300
2018-01-17,1828.8800048828125,1828.8800048828125,1828.9300537109375,1816.06005859375,1819.1300048828125,10172600
2018-01-18,1819.3199462890625,1819.3199462890625,1837.9200439453125,1819.1800537109375,1836.3499755859375,11953100
2018-01-19,1821.3399658203125,1821.3399658203125,1821.3399658203125,1803.550048828125,1815.199951171875,12175600
2018-01-22,1824.06005859375,1824.06005859375,1827.2900390625,1815.1300048828125,1819.1400146484375,10269000
2018-01-23,1831.780029296875,1831.780029296875,1836.6800537109375,1825.0699462890625,1830.9200439453125,14008200
2018-01-24,1838.9599609375,1838.9599609375,1841.2099609375,1829.0799560546875,1831.3900146484375,12080400
2018-01-25,1819.2900390625,1819.2900390625,1848.0699462890625,1819.2900390625,1843.300048828125,12172100
2018-01-26,1828.8800048828125,1828.8800048828125,1829.0699462890625,1806.1300048828125,1819.449951171875,13326500
2018-01-29,1837.489990234375,1837.489990234375,1839.8499755859375,1831.1500244140625,1835.9000244140625,10343700
2018-01-30,1826.6099853515625,1826.6099853515625,1835.5899658203125,1821.4000244140625,1834.3699951171875,10948700
2018-01-31,1826.8599853515625,1826.8599853515625,1834.260009765625,1819.5,1820.3499755859375,10758000
2018-02-01,1833.5999755859375,1833.5999755859375,1837.8599853515625,1830.550048828125,1833.530029296875,10696200
2018-02-02,1827.3499755859375,1827.3499755859375,1841.93994140625,1822.719970703125,1838.97998046875,10925200
2018-02-05,1810.3199462890625,1810.3199462890625,1813.93994140625,1796.9300537109375,1798.4200439453125,12664100
2018-02-06,1788.4300537109375,1788.4300537109375,1792.1700439453125,1758.31005859375,1775.4200439453125,17556200
2018-02-07,1785.43994140625,1785.43994140625,1804.75,1782.93994140625,1801.93994140625,11263800
2018-02-08,1786.6600341796875,1786.6600341796875,1796.0699462890625,1781.1800537109375,1787.239990234375,9393200
2018-02-09,1786.449951171875,1786.449951171875,1788.010009765625,1766.8199462890625,1767.31005859375,11577800
2018-02-12,1799.449951171875,1799.449951171875,1799.449951171875,1786.25,1790.0,9112200
2018-02-13,1800.030029296875,1800.030029296875,1806.1099853515625,1797.2900390625,1804.6400146484375,9704800
2018-02-14,1792.0899658203125,1792.0899658203125,1806.780029296875,1792.0,1805.6800537109375,9839800
2018-02-15,1800.8599853515625,1800.8599853515625,1801.949951171875,1790.800048828125,1799.68994140625,8694600
2018-02-16,1805.8900146484375,1805.8900146484375,1809.75,1802.3900146484375,1804.5999755859375,6893800
2018-02-19,1809.6700439453125,1809.6700439453125,1819.3599853515625,1809.1400146484375,1812.3599853515625,9526400
2018-02-20,1801.02001953125,1801.02001953125,1815.3299560546875,1801.02001953125,1811.1600341796875,8519900
2018-02-21,1801.1600341796875,1801.1600341796875,1814.8299560546875,1797.7900390625,1812.489990234375,12099500
2018-02-22,1788.6300048828125,1788.6300048828125,1808.5799560546875,1787.699951171875,1801.0799560546875,16028200
2018-02-23,1808.06005859375,1808.06005859375,1809.300048828125,1790.280029296875,1792.8299560546875,19007100
2018-02-26,1834.1800537109375,1834.1800537109375,1834.2099609375,1809.3299560546875,1811.5400390625,11054900
2018-02-27,1830.3900146484375,1830.3900146484375,1852.510009765625,1830.030029296875,1842.9200439453125,15918200
2018-02-28,1830.1300048828125,1830.1300048828125,1840.06005859375,1825.6700439453125,1828.6199951171875,12069700
2018-03-02,1811.97998046875,1811.97998046875,1825.6300048828125,1806.8399658203125,1821.1700439453125,10595800
2018-03-05,1808.8900146484375,1808.8900146484375,1817.0799560546875,1792.1400146484375,1812.27001953125,13921600
2018-03-06,1799.06005859375,1799.06005859375,1817.9300537109375,1795.3399658203125,1812.27001953125,13784700
2018-03-07,1781.6400146484375,1781.6400146484375,1798.1300048828125,1780.1199951171875,1797.0400390625,14634100
2018-03-08,1778.9000244140625,1778.9000244140625,1794.1800537109375,1772.7900390625,1785.43994140625,12928100
2018-03-09,1775.3699951171875,1775.3699951171875,1786.4300537109375,1761.6300048828125,1784.8800048828125,13753100
2018-03-12,1800.3199462890625,1800.3199462890625,1800.3299560546875,1784.3900146484375,1789.1600341796875,11134000
2018-03-13,1809.9000244140625,1809.9000244140625,1809.9000244140625,1793.780029296875,1797.800048828125,14744500
2018-03-14,1813.4000244140625,1813.4000244140625,1817.3599853515625,1803.5999755859375,1805.219970703125,14923100
2018-03-15,1816.0799560546875,1816.0799560546875,1820.510009765625,1809.93994140625,1815.1199951171875,12414100
2018-03-16,1811.760009765625,1811.760009765625,1818.530029296875,1809.4100341796875,1813.0,11820600
2018-03-19,1799.7900390625,1799.7900390625,1812.93994140625,1797.5799560546875,1812.3299560546875,10514600
2018-03-20,1799.8399658203125,1799.8399658203125,1803.8399658203125,1793.0899658203125,1793.6199951171875,9553700
2018-03-21,1801.4300537109375,1801.4300537109375,1808.8499755859375,1796.3499755859375,1806.9200439453125,9943200
2018-03-22,1798.550048828125,1798.550048828125,1813.6400146484375,1796.75,1809.0,10247600
2018-03-23,1794.2099609375,1794.2099609375,1794.2099609375,1779.72998046875,1780.8800048828125,10877200
2018-03-26,1801.0999755859375,1801.0999755859375,1801.5,1792.989990234375,1797.27001953125,7923100
2018-03-27,1802.5799560546875,1802.5799560546875,1810.530029296875,1799.8800048828125,1807.7900390625,10512600
2018-03-28,1784.989990234375,1784.989990234375,1802.7099609375,1782.0699462890625,1797.8399658203125,10546200
2018-03-29,1766.9200439453125,1766.9200439453125,1789.0,1756.6199951171875,1783.719970703125,12447900
2018-03-30,1776.260009765625,1776.260009765625,1777.06005859375,1753.9300537109375,1774.3399658203125,13025500
2018-04-02,1782.280029296875,1782.280029296875,1783.72998046875,1771.5799560546875,1774.719970703125,9089300
2018-04-03,1765.239990234375,1765.239990234375,1779.0400390625,1764.1800537109375,1773.699951171875,11079600
2018-04-04,1724.97998046875,1724.97998046875,1771.5799560546875,1724.9000244140625,1767.4599609375,17115100
2018-04-05,1739.9200439453125,1739.9200439453125,1740.8399658203125,1724.8800048828125,1735.739990234375,12908700
2018-04-09,1751.27001953125,1751.27001953125,1752.9100341796875,1735.3800048828125,1737.0799560546875,11428300
2018-04-10,1760.949951171875,1760.949951171875,1761.760009765625,1744.72998046875,1757.0,11310400
2018-04-11,1763.219970703125,1763.219970703125,1770.469970703125,1756.4000244140625,1763.31005859375,10382100
2018-04-12,1767.1700439453125,1767.1700439453125,1770.010009765625,1757.760009765625,1764.199951171875,9070800
2018-04-17,1755.530029296875,1755.530029296875,1768.3800048828125,1752.4300537109375,1766.8199462890625,9349600
2018-04-18,1771.56005859375,1771.56005859375,1772.27001953125,1760.6700439453125,1761.8299560546875,10750000
2018-04-19,1794.93994140625,1794.93994140625,1795.300048828125,1776.81005859375,1778.199951171875,13705300
2018-04-20,1801.280029296875,1801.280029296875,1805.72998046875,1787.949951171875,1797.31005859375,12670600
2018-04-23,1790.1400146484375,1790.1400146484375,1805.780029296875,1789.02001953125,1800.780029296875,12341900
2018-04-24,1788.199951171875,1788.199951171875,1803.2099609375,1784.47998046875,1796.5,13645500
2018-04-25,1779.52001953125,1779.52001953125,1787.0,1772.3499755859375,1781.280029296875,12475100
2018-04-26,1773.199951171875,1773.199951171875,1785.280029296875,1770.3399658203125,1780.010009765625,11714400
2018-04-27,1778.02001953125,1778.02001953125,1779.800048828125,1767.1199951171875,1777.3800048828125,11069100
2018-04-30,1780.1099853515625,1780.1099853515625,1784.5,1776.93994140625,1782.0999755859375,9936900
2018-05-02,1791.1300048828125,1791.1300048828125,1791.1400146484375,1771.6500244140625,1777.27001953125,11082900
2018-05-03,1790.800048828125,1790.800048828125,1797.56005859375,1786.0,1786.550048828125,12275400
2018-05-04,1779.8699951171875,1779.8699951171875,1792.219970703125,1777.0999755859375,1786.8699951171875,11943700
2018-05-07,1779.800048828125,1779.800048828125,1789.77001953125,1776.3199462890625,1785.6500244140625,9977200
2018-05-08,1760.25,1760.25,1782.0799560546875,1756.719970703125,1780.489990234375,13720200
2018-05-09,1756.9000244140625,1756.9000244140625,1763.25,1751.219970703125,1761.18994140625,12670600
2018-05-10,1746.8900146484375,1746.8900146484375,1763.06005859375,1744.550048828125,1762.3299560546875,12550300
2018-05-11,1765.9300537109375,1765.9300537109375,1765.93994140625,1746.030029296875,1749.93994140625,22326700
2018-05-14,1773.0999755859375,1773.0999755859375,1774.8199462890625,1767.22998046875,1770.3199462890625,15512000
2018-05-15,1766.8599853515625,1766.8599853515625,1774.7099609375,1759.219970703125,1773.4100341796875,15128500
2018-05-16,1750.6199951171875,1750.6199951171875,1761.06005859375,1747.3199462890625,1757.9000244140625,13969000
2018-05-17,1751.199951171875,1751.199951171875,1757.969970703125,1745.449951171875,1752.239990234375,14037100
2018-05-18,1754.1700439453125,1754.1700439453125,1755.530029296875,1745.9000244140625,1752.5699462890625,11684800
2018-05-21,1768.31005859375,1768.31005859375,1770.1300048828125,1758.469970703125,1761.0400390625,12155000
2018-05-22,1760.7099609375,1760.7099609375,1771.1600341796875,1754.8199462890625,1769.22998046875,12234700
2018-05-23,1753.5999755859375,1753.5999755859375,1761.6099853515625,1747.75,1756.199951171875,24691300
2018-05-24,1732.510009765625,1732.510009765625,1751.0400390625,1729.949951171875,1747.1700439453125,14240500
2018-05-25,1741.2099609375,1741.2099609375,1741.22998046875,1725.06005859375,1735.949951171875,12345500
2018-05-28,1734.5400390625,1734.5400390625,1738.9200439453125,1729.6600341796875,1735.81005859375,11840800
2018-05-30,1725.1400146484375,1725.1400146484375,1726.6500244140625,1711.72998046875,1717.5,15882900
2018-05-31,1726.969970703125,1726.969970703125,1734.280029296875,1720.31005859375,1730.02001953125,16041800
2018-06-01,1719.8199462890625,1719.8199462890625,1729.8800048828125,1714.6199951171875,1726.8499755859375,16834600
2018-06-04,1721.2900390625,1721.2900390625,1724.7099609375,1715.8199462890625,1718.9200439453125,14995800
2018-06-05,1732.7099609375,1732.7099609375,1734.3199462890625,1710.81005859375,1722.3800048828125,15586200
2018-06-06,1738.699951171875,1738.699951171875,1744.47998046875,1731.97998046875,1737.22998046875,12705300
2018-06-07,1733.050048828125,1733.050048828125,1746.5,1733.010009765625,1743.6300048828125,11526300
2018-06-08,1722.0400390625,1722.0400390625,1736.0,1721.8800048828125,1735.780029296875,10466700
2018-06-11,1723.1099853515625,1723.1099853515625,1727.6300048828125,1716.25,1723.800048828125,9196100
2018-06-12,1727.2900390625,1727.2900390625,1735.8399658203125,1724.7099609375,1725.9100341796875,13788900
2018-06-13,1718.3399658203125,1718.3399658203125,1728.5400390625,1716.3800048828125,1726.469970703125,10213500
2018-06-14,1709.8599853515625,1709.8599853515625,1715.6500244140625,1699.6600341796875,1714.52001953125,12043900
2018-06-15,1704.8199462890625,1704.8199462890625,1711.4000244140625,1695.3900146484375,1706.52001953125,12041100
2018-06-18,1679.6800537109375,1679.6800537109375,1695.43994140625,1679.47998046875,1694.239990234375,10294500
2018-06-19,1639.5400390625,1639.5400390625,1674.280029296875,1633.719970703125,1667.469970703125,16028600
2018-06-20,1664.260009765625,1664.260009765625,1665.27001953125,1640.1300048828125,1647.219970703125,11881500
2018-06-21,1634.43994140625,1634.43994140625,1664.969970703125,1629.260009765625,1663.6300048828125,12472400
2018-06-22,1634.97998046875,1634.97998046875,1648.739990234375,1628.1600341796875,1641.5799560546875,12834200
2018-06-25,1622.280029296875,1622.280029296875,1646.3699951171875,1621.1199951171875,1641.02001953125,10432700
2018-06-26,1623.97998046875,1623.97998046875,1629.02001953125,1608.239990234375,1615.7900390625,11335300
2018-06-27,1618.6600341796875,1618.6600341796875,1638.72998046875,1615.3800048828125,1631.3900146484375,12532800
2018-06-28,1599.5400390625,1599.5400390625,1624.969970703125,1599.43994140625,1623.6700439453125,14053400
2018-06-29,1595.5799560546875,1595.5799560546875,1609.8599853515625,1584.6800537109375,1604.510009765625,13846200
2018-07-02,1607.27001953125,1607.27001953125,1607.4100341796875,1586.3399658203125,1597.010009765625,12098300
2018-07-03,1626.6199951171875,1626.6199951171875,1628.300048828125,1600.7099609375,1607.199951171875,15296900
2018-07-04,1629.199951171875,1629.199951171875,1632.4300537109375,1615.9000244140625,1625.1700439453125,14475600
2018-07-05,1601.4200439453125,1601.4200439453125,1628.7900390625,1596.550048828125,1626.780029296875,13751100
2018-07-06,1614.760009765625,1614.760009765625,1618.3599853515625,1587.93994140625,1598.760009765625,15559400
2018-07-09,1622.9599609375,1622.9599609375,1629.2099609375,1620.9200439453125,1626.1099853515625,10823300
2018-07-10,1643.5999755859375,1643.5999755859375,1643.760009765625,1617.510009765625,1629.010009765625,13393400
2018-07-11,1636.6300048828125,1636.6300048828125,1641.3399658203125,1628.030029296875,1631.6300048828125,11550700
2018-07-12,1640.9300537109375,1640.9300537109375,1646.1199951171875,1633.530029296875,1634.72998046875,12133600
2018-07-13,1643.52001953125,1643.52001953125,1649.6600341796875,1639.489990234375,1645.3299560546875,10420500
2018-07-16,1627.68994140625,1627.68994140625,1640.739990234375,1623.4200439453125,1638.3499755859375,9962200
2018-07-17,1626.0699462890625,1626.0699462890625,1629.1800537109375,1616.5899658203125,1624.6800537109375,11194700
2018-07-18,1635.8499755859375,1635.8499755859375,1638.52001953125,1630.0400390625,1632.1700439453125,10143300
2018-07-19,1646.8900146484375,1646.8900146484375,1650.8499755859375,1637.199951171875,1641.219970703125,10075800
2018-07-20,1671.06005859375,1671.06005859375,1674.3199462890625,1648.43994140625,1651.3599853515625,15743100
2018-07-23,1675.75,1675.75,1681.739990234375,1665.9200439453125,1672.1099853515625,12533900
2018-07-24,1674.219970703125,1674.219970703125,1686.81005859375,1667.949951171875,1684.199951171875,14042700
2018-07-25,1690.0799560546875,1690.0799560546875,1695.199951171875,1678.0899658203125,1678.6300048828125,14299600
2018-07-26,1701.8699951171875,1701.8699951171875,1702.300048828125,1689.68994140625,1700.530029296875,11820100
2018-07-31,1701.7900390625,1701.7900390625,1709.5799560546875,1695.5899658203125,1704.0400390625,12263900
2018-08-01,1722.010009765625,1722.010009765625,1722.719970703125,1703.3900146484375,1705.47998046875,12957800
2018-08-02,1708.280029296875,1708.280029296875,1718.4100341796875,1700.68994140625,1716.3299560546875,13442600
2018-08-03,1712.0899658203125,1712.0899658203125,1715.47998046875,1706.5400390625,1708.18994140625,12004300
2018-08-06,1696.239990234375,1696.239990234375,1721.050048828125,1694.97998046875,1718.0,13139800
2018-08-07,1707.260009765625,1707.260009765625,1710.75,1692.010009765625,1701.010009765625,12788600
2018-08-08,1721.6400146484375,1721.6400146484375,1723.5,1707.5899658203125,1709.1600341796875,13341900
2018-08-09,1722.47998046875,1722.47998046875,1729.4200439453125,1716.9000244140625,1722.68994140625,11956600
2018-08-10,1705.9599609375,1705.9599609375,1719.030029296875,1705.199951171875,1718.5,13789700
2018-08-14,1695.3499755859375,1695.3499755859375,1697.06005859375,1684.0,1692.77001953125,13085100
2018-08-15,1676.2900390625,1676.2900390625,1690.239990234375,1673.77001953125,1688.6400146484375,14452700
2018-08-16,1680.9599609375,1680.9599609375,1682.4300537109375,1664.9000244140625,1673.3299560546875,14191100
2018-08-17,1690.0400390625,1690.0400390625,1694.3900146484375,1687.030029296875,1688.010009765625,11990300
2018-08-20,1701.4200439453125,1701.4200439453125,1705.3299560546875,1693.9000244140625,1698.969970703125,11129400
2018-08-21,1694.6300048828125,1694.6300048828125,1707.6300048828125,1688.5899658203125,1703.8199462890625,12457600
2018-08-22,1698.300048828125,1698.300048828125,1705.9100341796875,1695.3399658203125,1695.93994140625,10511600
2018-08-23,1704.800048828125,1704.800048828125,1709.9000244140625,1701.300048828125,1705.6300048828125,9909500
2018-08-24,1703.8199462890625,1703.8199462890625,1704.5899658203125,1697.5899658203125,1701.31005859375,19837300
2018-08-27,1717.239990234375,1717.239990234375,1717.449951171875,1708.93994140625,1710.0400390625,10287700
2018-08-28,1718.1500244140625,1718.1500244140625,1728.219970703125,1716.5699462890625,1723.9599609375,10236400
2018-08-29,1722.260009765625,1722.260009765625,1723.030029296875,1714.1400146484375,1721.3599853515625,9492800
2018-08-30,1720.4300537109375,1720.4300537109375,1730.6500244140625,1720.4100341796875,1726.280029296875,12026400
2018-08-31,1721.5799560546875,1721.5799560546875,1721.989990234375,1712.9200439453125,1714.47998046875,13723800
2018-09-03,1721.2099609375,1721.2099609375,1726.300048828125,1718.8699951171875,1721.93994140625,9891900
2018-09-04,1714.4100341796875,1714.4100341796875,1724.8599853515625,1713.9599609375,1722.56005859375,12018200
2018-09-05,1686.3699951171875,1686.3699951171875,1711.3699951171875,1685.949951171875,1709.260009765625,13137200
2018-09-06,1693.93994140625,1693.93994140625,1694.050048828125,1676.6700439453125,1685.3800048828125,13022500
2018-09-07,1689.489990234375,1689.489990234375,1694.56005859375,1683.5799560546875,1687.949951171875,9746700
2018-09-10,1691.510009765625,1691.510009765625,1692.1600341796875,1680.5,1686.780029296875,10781200
2018-09-11,1672.4200439453125,1672.4200439453125,1694.8599853515625,1672.4000244140625,1690.6500244140625,12262500
2018-09-12,1679.3900146484375,1679.3900146484375,1680.5400390625,1666.0699462890625,1672.0400390625,17223000
2018-09-13,1717.9599609375,1717.9599609375,1723.47998046875,1690.8399658203125,1691.0400390625,18816600
2018-09-14,1722.2099609375,1722.2099609375,1727.8299560546875,1718.1099853515625,1724.8299560546875,13604700
2018-09-17,1718.3900146484375,1718.3900146484375,1725.030029296875,1711.5699462890625,1717.989990234375,13539500
2018-09-18,1744.4200439453125,1744.4200439453125,1748.760009765625,1716.75,1718.489990234375,18571700
2018-09-19,1749.800048828125,1749.800048828125,1762.719970703125,1747.469970703125,1749.6300048828125,21990600
2018-09-20,1752.1099853515625,1752.1099853515625,1762.1700439453125,1749.719970703125,1757.4200439453125,20670300
2018-09-21,1756.1199951171875,1756.1199951171875,1766.6199951171875,1753.3199462890625,1758.800048828125,18372400
2018-09-24,1749.4200439453125,1749.4200439453125,1759.510009765625,1748.52001953125,1751.2900390625,12967800
2018-09-25,1747.989990234375,1747.989990234375,1756.8499755859375,1745.72998046875,1753.6600341796875,12142000
2018-09-26,1749.9300537109375,1749.9300537109375,1755.5699462890625,1746.989990234375,1752.52001953125,11115100
2018-09-27,1752.949951171875,1752.949951171875,1753.1600341796875,1735.5799560546875,1751.699951171875,14091000
2018-09-28,1756.4100341796875,1756.4100341796875,1758.949951171875,1751.0899658203125,1757.5999755859375,11257100
2018-10-01,1760.469970703125,1760.469970703125,1765.06005859375,1757.739990234375,1762.300048828125,12268100
2018-10-02,1748.0899658203125,1748.0899658203125,1762.239990234375,1746.06005859375,1757.3299560546875,15101500
2018-10-03,1741.9599609375,1741.9599609375,1757.4300537109375,1741.9599609375,1753.7900390625,13811000
2018-10-04,1729.4000244140625,1729.4000244140625,1740.5899658203125,1720.1300048828125,1735.739990234375,14671800
2018-10-05,1720.52001953125,1720.52001953125,1732.3599853515625,1718.1199951171875,1726.4100341796875,11973000
2018-10-08,1696.219970703125,1696.219970703125,1728.239990234375,1696.199951171875,1719.7099609375,17408500
2018-10-09,1696.9200439453125,1696.9200439453125,1708.719970703125,1690.9200439453125,1699.989990234375,14114900
2018-10-10,1721.8199462890625,1721.8199462890625,1721.8199462890625,1707.6300048828125,1709.3399658203125,12721900
2018-10-11,1682.8900146484375,1682.8900146484375,1688.6300048828125,1673.5899658203125,1679.27001953125,16931600
2018-10-12,1696.1600341796875,1696.1600341796875,1699.5999755859375,1688.43994140625,1690.280029296875,10378900
2018-10-16,1697.8699951171875,1697.8699951171875,1701.5699462890625,1689.8299560546875,1697.56005859375,10042800
2018-10-17,1695.0400390625,1695.0400390625,1710.3900146484375,1695.0400390625,1708.0899658203125,11130100
2018-10-18,1682.9100341796875,1682.9100341796875,1694.6700439453125,1681.239990234375,1692.1500244140625,12807400
2018-10-19,1667.9100341796875,1667.9100341796875,1681.9200439453125,1664.0899658203125,1680.1199951171875,14603800
2018-10-22,1658.56005859375,1658.56005859375,1674.25,1654.9000244140625,1669.8199462890625,12751300
2018-10-24,1623.3699951171875,1623.3699951171875,1647.9000244140625,1618.8199462890625,1641.6099853515625,18451600
2018-10-25,1644.3299560546875,1644.3299560546875,1645.9100341796875,1596.4000244140625,1605.9100341796875,20309000
2018-10-26,1628.9599609375,1628.9599609375,1639.6700439453125,1625.3299560546875,1637.47998046875,13383500
2018-10-29,1636.8800048828125,1636.8800048828125,1645.97998046875,1630.72998046875,1632.260009765625,11618900
2018-10-30,1638.510009765625,1638.510009765625,1645.31005859375,1633.72998046875,1638.8299560546875,11270500
2018-10-31,1669.0899658203125,1669.0899658203125,1669.27001953125,1649.27001953125,1651.0699462890625,13487200
2018-11-01,1667.550048828125,1667.550048828125,1674.8699951171875,1660.1099853515625,1672.1400146484375,15043800
2018-11-02,1681.8399658203125,1681.8399658203125,1687.760009765625,1672.0899658203125,1675.0899658203125,15333000
2018-11-05,1670.5799560546875,1670.5799560546875,1673.010009765625,1666.5,1670.4599609375,9698400
2018-11-06,1669.3299560546875,1669.3299560546875,1684.43994140625,1669.219970703125,1677.449951171875,10605700
2018-11-07,1675.3299560546875,1675.3299560546875,1676.0899658203125,1656.510009765625,1673.6500244140625,15121700
2018-11-08,1681.72998046875,1681.72998046875,1688.9000244140625,1681.25,1685.2900390625,11756200
2018-11-09,1668.52001953125,1668.52001953125,1677.510009765625,1664.8499755859375,1675.8399658203125,11114300
2018-11-12,1654.8499755859375,1654.8499755859375,1673.4200439453125,1654.800048828125,1672.8499755859375,10121700
2018-11-13,1659.780029296875,1659.780029296875,1664.510009765625,1642.8299560546875,1645.4200439453125,15353900
2018-11-14,1652.300048828125,1652.300048828125,1660.739990234375,1646.239990234375,1655.0899658203125,11813600
2018-11-15,1638.8299560546875,1638.8299560546875,1658.02001953125,1638.6700439453125,1656.5999755859375,12749000
2018-11-16,1635.0,1635.0,1646.4599609375,1632.93994140625,1640.469970703125,11409300
2018-11-19,1636.47998046875,1636.47998046875,1640.530029296875,1630.9599609375,1634.0999755859375,9534600
2018-11-20,1612.030029296875,1612.030029296875,1632.22998046875,1610.1800537109375,1631.81005859375,11186700
2018-11-21,1617.3299560546875,1617.3299560546875,1622.1400146484375,1598.5699462890625,1603.72998046875,13554600
2018-11-22,1604.4000244140625,1604.4000244140625,1622.010009765625,1603.0,1616.949951171875,10357000
2018-11-23,1622.0999755859375,1622.0999755859375,1623.010009765625,1600.6300048828125,1607.1099853515625,11999200
2018-11-26,1630.77001953125,1630.77001953125,1631.739990234375,1616.969970703125,1621.989990234375,10545900
2018-11-27,1634.27001953125,1634.27001953125,1636.8900146484375,1627.5400390625,1630.0799560546875,14990400
2018-11-28,1640.6300048828125,1640.6300048828125,1644.27001953125,1635.3699951171875,1636.5899658203125,9868300
2018-11-29,1636.489990234375,1636.489990234375,1650.68994140625,1635.18994140625,1646.6199951171875,10439600
2018-11-30,1641.800048828125,1641.800048828125,1647.8900146484375,1633.43994140625,1640.699951171875,10155200
2018-12-03,1672.6099853515625,1672.6099853515625,1675.4300537109375,1660.050048828125,1662.1500244140625,12969100
2018-12-04,1672.3199462890625,1672.3199462890625,1677.989990234375,1669.0999755859375,1674.530029296875,10596100
2018-12-06,1653.72998046875,1653.72998046875,1658.6400146484375,1649.22998046875,1653.0899658203125,10941800
2018-12-07,1649.989990234375,1649.989990234375,1659.449951171875,1648.3299560546875,1656.1099853515625,10340400
2018-12-11,1633.6199951171875,1633.6199951171875,1647.8800048828125,1633.1099853515625,1646.8699951171875,12195500
2018-12-12,1634.8800048828125,1634.8800048828125,1644.9000244140625,1632.3399658203125,1642.4200439453125,9590300
2018-12-13,1614.989990234375,1614.989990234375,1642.199951171875,1612.9100341796875,1638.9599609375,12404900
2018-12-14,1609.449951171875,1609.449951171875,1620.5999755859375,1602.4200439453125,1613.22998046875,12610000
2018-12-17,1601.47998046875,1601.47998046875,1615.6300048828125,1593.3699951171875,1612.8699951171875,14314000
2018-12-18,1583.18994140625,1583.18994140625,1595.3199462890625,1580.5799560546875,1594.0999755859375,11974300
2018-12-19,1601.1199951171875,1601.1199951171875,1601.1700439453125,1578.6400146484375,1582.5799560546875,13695500
2018-12-20,1596.0999755859375,1596.0999755859375,1599.199951171875,1583.1099853515625,1594.8599853515625,11519700
2018-12-21,1595.3299560546875,1595.3299560546875,1601.5799560546875,1586.3499755859375,1588.989990234375,12791200
2018-12-24,1591.2900390625,1591.2900390625,1599.8900146484375,1588.56005859375,1589.68994140625,9808300
2018-12-25,1556.6500244140625,1556.6500244140625,1576.75,1555.0,1576.4000244140625,11277700
2018-12-26,1556.9300537109375,1556.9300537109375,1562.0,1548.989990234375,1556.949951171875,11266100
2018-12-27,1548.3699951171875,1548.3699951171875,1585.77001953125,1546.6199951171875,1582.219970703125,13739900
2018-12-28,1563.8800048828125,1563.8800048828125,1564.02001953125,1549.699951171875,1550.8699951171875,10426000
2019-01-02,1565.93994140625,1565.93994140625,1575.219970703125,1563.6600341796875,1567.0899658203125,10194900
2019-01-03,1560.030029296875,1560.030029296875,1578.1700439453125,1556.77001953125,1571.47998046875,11329500
2019-01-04,1575.1300048828125,1575.1300048828125,1575.1300048828125,1550.219970703125,1559.6300048828125,13893000
2019-01-07,1592.719970703125,1592.719970703125,1596.969970703125,1582.68994140625,1584.739990234375,11990800
2019-01-08,1594.0,1594.0,1597.3499755859375,1587.469970703125,1594.0699462890625,10794000
2019-01-09,1590.5,1590.5,1609.3900146484375,1587.530029296875,1604.2099609375,11737800
2019-01-10,1587.6300048828125,1587.6300048828125,1599.0999755859375,1579.199951171875,1590.0699462890625,14417500
2019-01-11,1597.0400390625,1597.0400390625,1597.1800537109375,1586.9300537109375,1591.2099609375,12091900
2019-01-14,1582.5699462890625,1582.5699462890625,1594.06005859375,1580.56005859375,1592.5799560546875,12264700
2019-01-15,1577.0,1577.0,1590.1500244140625,1574.3699951171875,1587.1700439453125,12266100
2019-01-16,1577.4100341796875,1577.4100341796875,1582.43994140625,1565.47998046875,1581.3699951171875,16491000
2019-01-17,1580.300048828125,1580.300048828125,1586.8800048828125,1576.8399658203125,1578.1400146484375,12517900
2019-01-18,1583.77001953125,1583.77001953125,1588.75,1577.8599853515625,1585.0699462890625,12078300
2019-01-21,1588.3800048828125,1588.3800048828125,1595.1600341796875,1585.239990234375,1586.719970703125,11686000
2019-01-22,1601.77001953125,1601.77001953125,1601.800048828125,1586.18994140625,1587.8199462890625,12678200
2019-01-23,1617.3800048828125,1617.3800048828125,1620.510009765625,1600.3499755859375,1601.719970703125,17194400
2019-01-24,1620.530029296875,1620.530029296875,1628.2099609375,1614.56005859375,1619.1199951171875,14532200
2019-01-25,1623.6199951171875,1623.6199951171875,1628.6199951171875,1617.780029296875,1625.5899658203125,13251300
2019-01-28,1625.030029296875,1625.030029296875,1634.699951171875,1622.5799560546875,1627.7099609375,12346700
2019-01-29,1624.050048828125,1624.050048828125,1625.3599853515625,1616.449951171875,1623.0,12733800
2019-01-30,1632.5999755859375,1632.5999755859375,1632.8299560546875,1622.5899658203125,1626.550048828125,11903500
2019-01-31,1641.72998046875,1641.72998046875,1649.8499755859375,1639.9000244140625,1640.3399658203125,13667900
2019-02-01,1651.4000244140625,1651.4000244140625,1655.3399658203125,1642.239990234375,1644.6099853515625,12020800
2019-02-04,1653.6199951171875,1653.6199951171875,1659.260009765625,1652.1400146484375,1655.4200439453125,9646200
2019-02-05,1653.0899658203125,1653.0899658203125,1654.97998046875,1645.5699462890625,1653.530029296875,8180900
2019-02-06,1658.7099609375,1658.7099609375,1663.489990234375,1653.0,1655.1400146484375,11172100
2019-02-07,1653.1099853515625,1653.1099853515625,1667.010009765625,1649.5,1659.93994140625,14228900
2019-02-08,1651.6800537109375,1651.6800537109375,1657.5799560546875,1637.5799560546875,1647.6300048828125,17336800
2019-02-11,1638.0,1638.0,1647.489990234375,1632.8199462890625,1644.75,13052400
2019-02-12,1642.489990234375,1642.489990234375,1645.6300048828125,1635.5400390625,1637.47998046875,10872000
2019-02-13,1655.72998046875,1655.72998046875,1657.1199951171875,1645.8399658203125,1649.0899658203125,13093000
2019-02-14,1652.6400146484375,1652.6400146484375,1659.52001953125,1650.1300048828125,1658.4100341796875,12783200
2019-02-15,1636.93994140625,1636.93994140625,1652.06005859375,1634.8699951171875,1651.0999755859375,14856000
2019-02-18,1635.7099609375,1635.7099609375,1647.739990234375,1635.7099609375,1644.989990234375,10598900
2019-02-20,1645.3800048828125,1645.3800048828125,1647.2099609375,1636.1199951171875,1639.1600341796875,12474200
2019-02-21,1647.3199462890625,1647.3199462890625,1651.800048828125,1642.489990234375,1646.9599609375,11948000
2019-02-22,1659.199951171875,1659.199951171875,1661.0899658203125,1644.510009765625,1645.3299560546875,13635100
2019-02-25,1671.75,1671.75,1674.5400390625,1664.9200439453125,1665.300048828125,14260400
2019-02-26,1663.56005859375,1663.56005859375,1670.77001953125,1662.81005859375,1665.8900146484375,14778700
2019-02-27,1665.27001953125,1665.27001953125,1668.6099853515625,1659.6199951171875,1663.9200439453125,14815800
2019-02-28,1653.47998046875,1653.47998046875,1666.739990234375,1652.7099609375,1666.3299560546875,14365700
2019-03-01,1641.43994140625,1641.43994140625,1656.6400146484375,1640.5699462890625,1655.27001953125,15181700
2019-03-04,1635.300048828125,1635.300048828125,1643.530029296875,1632.8299560546875,1641.3199462890625,16037000
2019-03-05,1639.0,1639.0,1641.56005859375,1629.550048828125,1633.510009765625,12923500
2019-03-06,1625.510009765625,1625.510009765625,1639.4200439453125,1624.6800537109375,1636.6800537109375,14347400
2019-03-07,1633.2099609375,1633.2099609375,1635.77001953125,1623.3199462890625,1624.760009765625,12829400
2019-03-08,1630.1199951171875,1630.1199951171875,1637.4599609375,1626.3299560546875,1631.68994140625,12502900
2019-03-11,1627.4300537109375,1627.4300537109375,1636.199951171875,1625.06005859375,1633.449951171875,10917500
2019-03-12,1627.5899658203125,1627.5899658203125,1633.969970703125,1624.550048828125,1631.8800048828125,12350600
2019-03-13,1639.6700439453125,1639.6700439453125,1639.68994140625,1623.75,1626.4200439453125,12899900
2019-03-14,1635.8800048828125,1635.8800048828125,1643.56005859375,1634.699951171875,1642.3599853515625,12728300
2019-03-15,1625.5699462890625,1625.5699462890625,1639.0999755859375,1625.4100341796875,1636.8199462890625,13571900
2019-03-18,1617.5699462890625,1617.5699462890625,1630.449951171875,1612.8499755859375,1628.8499755859375,13555000
2019-03-19,1630.0899658203125,1630.0899658203125,1633.260009765625,1617.010009765625,1617.8699951171875,13414700
2019-03-20,1627.6199951171875,1627.6199951171875,1635.4200439453125,1626.969970703125,1631.43994140625,12315000
2019-03-21,1634.0,1634.0,1640.0400390625,1631.4100341796875,1631.7900390625,12442100
2019-03-22,1646.2900390625,1646.2900390625,1646.93994140625,1633.6700439453125,1636.68994140625,13681800
2019-03-25,1625.9100341796875,1625.9100341796875,1636.9300537109375,1617.8900146484375,1632.030029296875,13722700
2019-03-26,1632.3199462890625,1632.3199462890625,1634.18994140625,1622.93994140625,1626.8900146484375,13043300
2019-03-27,1629.4000244140625,1629.4000244140625,1635.4300537109375,1624.260009765625,1632.27001953125,14081000
2019-03-28,1634.25,1634.25,1637.5999755859375,1625.77001953125,1626.5999755859375,15464800
2019-03-29,1638.6500244140625,1638.6500244140625,1644.27001953125,1635.239990234375,1639.31005859375,11081100
2019-04-01,1644.6400146484375,1644.6400146484375,1651.1400146484375,1644.219970703125,1645.3699951171875,11050600
2019-04-02,1651.47998046875,1651.47998046875,1655.0899658203125,1647.9300537109375,1650.5400390625,10505500
2019-04-03,1649.06005859375,1649.06005859375,1654.02001953125,1646.010009765625,1653.0799560546875,14500200
2019-04-04,1644.219970703125,1644.219970703125,1650.75,1640.010009765625,1649.3900146484375,9786700
2019-04-05,1646.1800537109375,1646.1800537109375,1649.989990234375,1643.1300048828125,1646.030029296875,8162700
2019-04-09,1657.739990234375,1657.739990234375,1660.31005859375,1648.22998046875,1650.550048828125,11018200
2019-04-10,1662.1300048828125,1662.1300048828125,1664.6800537109375,1658.260009765625,1659.2900390625,9974900
2019-04-11,1659.0899658203125,1659.0899658203125,1662.530029296875,1656.3299560546875,1661.5699462890625,9339500
2019-04-12,1660.449951171875,1660.449951171875,1662.5999755859375,1654.4599609375,1658.0,9076700
2019-04-17,1673.199951171875,1673.199951171875,1676.0,1664.0400390625,1665.6800537109375,12408000
2019-04-18,1675.0,1675.0,1677.1400146484375,1667.699951171875,1674.739990234375,10629000
2019-04-19,1674.0999755859375,1674.0999755859375,1679.75,1671.8299560546875,1675.3699951171875,9115400
2019-04-22,1673.47998046875,1673.47998046875,1683.7900390625,1673.43994140625,1677.8299560546875,12461100
2019-04-23,1671.31005859375,1671.31005859375,1679.260009765625,1670.75,1674.8199462890625,10664600
2019-04-24,1673.4300537109375,1673.4300537109375,1676.8399658203125,1668.06005859375,1674.4300537109375,10800200
2019-04-25,1673.3199462890625,1673.3199462890625,1678.18994140625,1670.8399658203125,1673.25,9014200
2019-04-26,1667.1500244140625,1667.1500244140625,1674.010009765625,1663.1400146484375,1673.280029296875,10861700
2019-04-29,1666.6800537109375,1666.6800537109375,1669.550048828125,1663.3299560546875,1665.5699462890625,9390400
2019-04-30,1673.52001953125,1673.52001953125,1676.6400146484375,1667.2900390625,1668.02001953125,11314100
2019-05-02,1679.1700439453125,1679.1700439453125,1682.5,1675.9000244140625,1677.0,12450400
2019-05-03,1679.050048828125,1679.050048828125,1682.06005859375,1676.010009765625,1676.5699462890625,11482100
2019-05-07,1669.6800537109375,1669.6800537109375,1675.1600341796875,1665.5799560546875,1669.3800048828125,13149000
2019-05-08,1654.010009765625,1654.010009765625,1663.4000244140625,1650.239990234375,1662.050048828125,14458000
2019-05-09,1646.800048828125,1646.800048828125,1659.3800048828125,1646.0699462890625,1653.1199951171875,13557000
2019-05-10,1648.68994140625,1648.68994140625,1656.3699951171875,1638.7099609375,1654.260009765625,15135000
2019-05-13,1640.1300048828125,1640.1300048828125,1652.3299560546875,1634.9300537109375,1648.0899658203125,11560900
2019-05-14,1633.8399658203125,1633.8399658203125,1639.6300048828125,1629.56005859375,1631.52001953125,12605600
2019-05-15,1621.27001953125,1621.27001953125,1638.93994140625,1621.27001953125,1636.8299560546875,12622500
2019-05-16,1614.75,1614.75,1626.0799560546875,1604.760009765625,1623.3299560546875,16821900
2019-05-17,1608.1099853515625,1608.1099853515625,1622.3299560546875,1606.68994140625,1618.989990234375,13631000
2019-05-21,1610.489990234375,1610.489990234375,1616.550048828125,1602.56005859375,1608.8199462890625,13536200
2019-05-22,1626.9100341796875,1626.9100341796875,1628.06005859375,1616.489990234375,1616.550048828125,13760500
2019-05-23,1609.7900390625,1609.7900390625,1625.97998046875,1608.260009765625,1622.2099609375,13038600
2019-05-24,1614.1199951171875,1614.1199951171875,1617.6199951171875,1599.0999755859375,1604.6700439453125,14047400
2019-05-27,1624.8399658203125,1624.8399658203125,1628.3399658203125,1614.050048828125,1619.6600341796875,13060300
2019-05-28,1632.0400390625,1632.0400390625,1632.469970703125,1618.3299560546875,1627.8599853515625,19947900
2019-05-29,1619.3599853515625,1619.3599853515625,1632.06005859375,1618.7099609375,1631.2900390625,14922800
2019-05-30,1621.5699462890625,1621.5699462890625,1628.3699951171875,1618.6300048828125,1619.260009765625,13922700
2019-05-31,1620.219970703125,1620.219970703125,1627.3299560546875,1612.1700439453125,1620.5799560546875,15287000
2019-06-04,1637.68994140625,1637.68994140625,1640.5400390625,1622.989990234375,1624.6500244140625,17329100
2019-06-05,1648.4599609375,1648.4599609375,1650.699951171875,1642.3499755859375,1647.52001953125,13977400
2019-06-06,1653.4100341796875,1653.4100341796875,1655.3299560546875,1643.27001953125,1648.5400390625,14045400
2019-06-07,1653.5,1653.5,1658.9300537109375,1650.300048828125,1656.8399658203125,11126600
2019-06-10,1664.72998046875,1664.72998046875,1667.68994140625,1661.3699951171875,1661.719970703125,14028000
2019-06-11,1670.4100341796875,1670.4100341796875,1675.5999755859375,1663.3599853515625,1667.550048828125,14337700
2019-06-12,1671.1099853515625,1671.1099853515625,1672.5,1665.02001953125,1669.0799560546875,12480500
2019-06-13,1674.1400146484375,1674.1400146484375,1675.8399658203125,1663.3900146484375,1669.530029296875,15554100
2019-06-14,1672.3299560546875,1672.3299560546875,1675.9000244140625,1667.3800048828125,1673.550048828125,12218700
2019-06-17,1667.22998046875,1667.22998046875,1678.199951171875,1667.1500244140625,1674.260009765625,13650700
2019-06-18,1683.5999755859375,1683.5999755859375,1683.780029296875,1665.18994140625,1667.300048828125,17979700
2019-06-19,1705.97998046875,1705.97998046875,1711.8900146484375,1691.949951171875,1693.8499755859375,21956000
2019-06-20,1717.8199462890625,1717.8199462890625,1722.9000244140625,1708.1199951171875,1711.3699951171875,19611300
2019-06-21,1717.1400146484375,1717.1400146484375,1727.8299560546875,1714.0899658203125,1722.5999755859375,19028800
2019-06-24,1716.0,1716.0,1724.22998046875,1713.02001953125,1722.6400146484375,14622800
2019-06-25,1721.3299560546875,1721.3299560546875,1725.4200439453125,1707.77001953125,1716.050048828125,18289200
2019-06-26,1722.2099609375,1722.2099609375,1723.239990234375,1715.4100341796875,1717.18994140625,15751200
2019-06-27,1731.6400146484375,1731.6400146484375,1735.8800048828125,1725.550048828125,1726.77001953125,16689600
2019-06-28,1730.3399658203125,1730.3399658203125,1735.6099853515625,1729.4599609375,1731.8900146484375,13711200
2019-07-01,1740.9100341796875,1740.9100341796875,1747.530029296875,1739.47998046875,1744.1300048828125,20900800
2019-07-02,1732.22998046875,1732.22998046875,1741.6400146484375,1730.050048828125,1738.8399658203125,19094500
2019-07-03,1738.510009765625,1738.510009765625,1742.1700439453125,1729.7900390625,1733.510009765625,20100100
2019-07-04,1724.3699951171875,1724.3699951171875,1747.1099853515625,1714.97998046875,1741.31005859375,24204100
2019-07-05,1731.22998046875,1731.22998046875,1731.8399658203125,1719.6099853515625,1725.449951171875,20833400
2019-07-08,1731.030029296875,1731.030029296875,1734.1300048828125,1722.530029296875,1727.0999755859375,22027500
2019-07-09,1721.47998046875,1721.47998046875,1734.3499755859375,1721.3299560546875,1728.4599609375,23351400
2019-07-10,1739.4300537109375,1739.4300537109375,1741.760009765625,1724.5799560546875,1726.72998046875,20889300
2019-07-11,1740.449951171875,1740.449951171875,1748.1500244140625,1738.6300048828125,1745.8499755859375,20051100
2019-07-12,1731.5899658203125,1731.5899658203125,1746.2099609375,1728.3599853515625,1744.72998046875,22822300
2019-07-15,1727.97998046875,1727.97998046875,1737.6500244140625,1727.97998046875,1733.77001953125,21592000
2019-07-17,1718.8499755859375,1718.8499755859375,1729.8800048828125,1717.8199462890625,1726.0400390625,20075100
2019-07-18,1723.43994140625,1723.43994140625,1725.93994140625,1714.4100341796875,1714.75,16443000
2019-07-19,1735.0999755859375,1735.0999755859375,1738.699951171875,1732.1600341796875,1734.3800048828125,18374800
2019-07-22,1727.5799560546875,1727.5799560546875,1735.8800048828125,1723.6400146484375,1733.239990234375,18295700
2019-07-23,1724.8699951171875,1724.8699951171875,1732.68994140625,1719.9300537109375,1730.699951171875,20132300
2019-07-24,1725.43994140625,1725.43994140625,1730.7099609375,1720.5999755859375,1727.81005859375,18847500
2019-07-25,1730.9000244140625,1730.9000244140625,1732.9200439453125,1725.469970703125,1727.1300048828125,19321400
2019-07-26,1717.969970703125,1717.969970703125,1730.0799560546875,1714.81005859375,1729.260009765625,20281000
2019-07-30,1706.489990234375,1706.489990234375,1722.199951171875,1704.030029296875,1718.550048828125,17209300
2019-07-31,1711.969970703125,1711.969970703125,1716.050048828125,1702.719970703125,1704.0400390625,16772900
2019-08-01,1699.75,1699.75,1709.050048828125,1694.9300537109375,1706.56005859375,17602300
2019-08-02,1684.7099609375,1684.7099609375,1687.1500244140625,1671.969970703125,1680.52001953125,22170600
2019-08-05,1665.989990234375,1665.989990234375,1681.3599853515625,1664.72998046875,1675.02001953125,17680200
2019-08-06,1671.47998046875,1671.47998046875,1673.3800048828125,1647.489990234375,1652.719970703125,22209600
2019-08-07,1669.43994140625,1669.43994140625,1681.81005859375,1665.1400146484375,1672.52001953125,22106500
2019-08-08,1665.1199951171875,1665.1199951171875,1673.8399658203125,1660.3599853515625,1670.9300537109375,18088200
2019-08-09,1650.6400146484375,1650.6400146484375,1675.43994140625,1649.52001953125,1672.219970703125,17621800
2019-08-13,1620.22998046875,1620.22998046875,1644.1500244140625,1619.030029296875,1642.8199462890625,18529600
2019-08-14,1619.449951171875,1619.449951171875,1640.9200439453125,1612.0899658203125,1634.719970703125,20321200
2019-08-15,1604.030029296875,1604.030029296875,1614.0799560546875,1590.550048828125,1605.0,23104300
2019-08-16,1631.4000244140625,1631.4000244140625,1632.4200439453125,1607.219970703125,1608.97998046875,23700400
2019-08-19,1637.260009765625,1637.260009765625,1643.6500244140625,1633.7900390625,1639.4200439453125,18895800
2019-08-20,1625.5699462890625,1625.5699462890625,1643.4100341796875,1621.8499755859375,1642.8199462890625,20451700
2019-08-21,1638.239990234375,1638.239990234375,1642.0699462890625,1623.239990234375,1628.550048828125,22610000
2019-08-22,1633.56005859375,1633.56005859375,1638.030029296875,1627.300048828125,1628.0999755859375,21092000
2019-08-23,1646.6800537109375,1646.6800537109375,1646.739990234375,1636.199951171875,1637.699951171875,18467100
2019-08-26,1622.72998046875,1622.72998046875,1624.77001953125,1609.4000244140625,1620.3599853515625,24356300
2019-08-27,1615.469970703125,1615.469970703125,1630.550048828125,1612.0999755859375,1625.0400390625,20271600
2019-08-28,1616.9300537109375,1616.9300537109375,1624.27001953125,1615.18994140625,1618.300048828125,15468200
2019-08-29,1639.1400146484375,1639.1400146484375,1639.1700439453125,1621.06005859375,1621.9200439453125,20437600
2019-08-30,1654.9200439453125,1654.9200439453125,1654.9300537109375,1643.0400390625,1647.06005859375,20138200
2019-09-02,1654.1099853515625,1654.1099853515625,1658.6600341796875,1646.5899658203125,1651.199951171875,19025200
2019-09-03,1642.25,1642.25,1660.260009765625,1642.22998046875,1657.300048828125,19861100
2019-09-04,1658.6400146484375,1658.6400146484375,1664.56005859375,1647.2900390625,1650.8699951171875,19577900
2019-09-05,1669.7900390625,1669.7900390625,1673.8399658203125,1663.3399658203125,1670.9100341796875,17968000
2019-09-06,1670.06005859375,1670.06005859375,1679.6500244140625,1667.6099853515625,1677.4100341796875,15512900
2019-09-09,1671.219970703125,1671.219970703125,1676.6199951171875,1666.6099853515625,1673.219970703125,16597200
2019-09-10,1665.9300537109375,1665.9300537109375,1677.469970703125,1662.280029296875,1675.0999755859375,19431300
2019-09-11,1674.030029296875,1674.030029296875,1674.72998046875,1661.6600341796875,1669.3599853515625,19837700
2019-09-12,1660.6800537109375,1660.6800537109375,1679.030029296875,1659.4200439453125,1678.3199462890625,21124900
2019-09-13,1661.9599609375,1661.9599609375,1667.489990234375,1655.949951171875,1664.3699951171875,20921500
2019-09-16,1662.9300537109375,1662.9300537109375,1668.77001953125,1658.6500244140625,1666.77001953125,17591200
2019-09-17,1663.9300537109375,1663.9300537109375,1670.6199951171875,1659.1400146484375,1661.5899658203125,20373200
2019-09-18,1654.1400146484375,1654.1400146484375,1664.81005859375,1650.6400146484375,1663.6199951171875,19717600
2019-09-19,1640.6600341796875,1640.6600341796875,1660.81005859375,1638.469970703125,1656.6600341796875,18774600
2019-09-20,1636.199951171875,1636.199951171875,1644.2900390625,1627.9000244140625,1641.22998046875,18650500
2019-09-23,1622.7900390625,1622.7900390625,1636.1600341796875,1620.77001953125,1635.31005859375,14271600
2019-09-24,1630.5,1630.5,1634.0400390625,1622.75,1623.5999755859375,17032200
2019-09-25,1628.3800048828125,1628.3800048828125,1630.56005859375,1621.6300048828125,1624.68994140625,16288200
2019-09-26,1636.75,1636.75,1638.25,1630.81005859375,1633.9200439453125,16246100
2019-09-27,1643.760009765625,1643.760009765625,1648.6700439453125,1630.3900146484375,1636.4200439453125,14765100
2019-09-30,1637.219970703125,1637.219970703125,1645.06005859375,1634.0999755859375,1643.1300048828125,15021900
2019-10-01,1624.0899658203125,1624.0899658203125,1639.1400146484375,1623.030029296875,1637.5899658203125,14790100
2019-10-02,1613.6400146484375,1613.6400146484375,1619.3399658203125,1608.8900146484375,1617.8299560546875,14551100
2019-10-03,1610.68994140625,1610.68994140625,1614.8399658203125,1605.1300048828125,1606.3800048828125,13836700
2019-10-04,1605.9599609375,1605.9599609375,1615.3299560546875,1603.6099853515625,1613.699951171875,13190000
2019-10-07,1613.7099609375,1613.7099609375,1616.06005859375,1607.3199462890625,1611.739990234375,15557400
2019-10-08,1612.1700439453125,1612.1700439453125,1623.56005859375,1609.27001953125,1620.2900390625,16212100
2019-10-09,1616.1800537109375,1616.1800537109375,1617.3800048828125,1603.969970703125,1610.6500244140625,16645500
2019-10-10,1607.5,1607.5,1615.25,1606.7099609375,1614.0699462890625,18140900
2019-10-11,1626.0,1626.0,1627.260009765625,1613.0799560546875,1613.469970703125,20078100
2019-10-15,1627.010009765625,1627.010009765625,1633.8900146484375,1621.72998046875,1631.050048828125,19268700
2019-10-16,1634.4599609375,1634.4599609375,1636.510009765625,1628.8699951171875,1629.8800048828125,18959800
2019-10-17,1632.800048828125,1632.800048828125,1640.1500244140625,1630.469970703125,1638.97998046875,18964900
2019-10-18,1631.4300537109375,1631.4300537109375,1637.3599853515625,1623.3800048828125,1634.4000244140625,27911100
2019-10-21,1620.780029296875,1620.780029296875,1631.6300048828125,1619.489990234375,1630.4300537109375,16948000
2019-10-22,1631.4599609375,1631.4599609375,1631.93994140625,1624.43994140625,1625.06005859375,14277600
2019-10-24,1620.969970703125,1620.969970703125,1637.489990234375,1617.5899658203125,1636.0699462890625,19888600
2019-10-25,1593.280029296875,1593.280029296875,1622.6600341796875,1592.6600341796875,1620.6099853515625,24497500
2019-10-28,1596.47998046875,1596.47998046875,1599.0999755859375,1579.1300048828125,1591.6400146484375,20178500
2019-10-29,1591.2099609375,1591.2099609375,1605.449951171875,1588.8199462890625,1601.43994140625,19490900
2019-10-30,1601.8299560546875,1601.8299560546875,1601.8299560546875,1589.47998046875,1594.4000244140625,22288200
2019-10-31,1601.489990234375,1601.489990234375,1610.030029296875,1600.22998046875,1606.7099609375,22215900
2019-11-01,1592.52001953125,1592.52001953125,1603.530029296875,1589.719970703125,1600.72998046875,19551200
2019-11-04,1622.25,1622.25,1624.8299560546875,1600.949951171875,1601.9000244140625,25623700
2019-11-05,1626.8699951171875,1626.8699951171875,1629.77001953125,1617.719970703125,1628.72998046875,19667800
2019-11-06,1623.989990234375,1623.989990234375,1631.3399658203125,1621.3399658203125,1627.22998046875,23574500
2019-11-07,1640.8800048828125,1640.8800048828125,1641.3800048828125,1620.1199951171875,1623.6400146484375,23078400
2019-11-08,1637.8499755859375,1637.8499755859375,1642.5,1634.5,1641.550048828125,18844400
2019-11-11,1622.1199951171875,1622.1199951171875,1634.0899658203125,1619.02001953125,1632.77001953125,19044600
2019-11-12,1626.199951171875,1626.199951171875,1632.8199462890625,1622.1800537109375,1625.4200439453125,18621000
2019-11-13,1615.1400146484375,1615.1400146484375,1627.449951171875,1610.9300537109375,1621.9100341796875,20310100
2019-11-14,1609.469970703125,1609.469970703125,1619.8599853515625,1605.3199462890625,1616.6099853515625,20252000
2019-11-15,1602.22998046875,1602.22998046875,1615.47998046875,1595.3199462890625,1613.300048828125,19770000
2019-11-18,1608.0,1608.0,1609.989990234375,1596.800048828125,1605.18994140625,17545000
2019-11-19,1607.25,1607.25,1609.300048828125,1600.050048828125,1605.469970703125,17742100
2019-11-20,1596.8299560546875,1596.8299560546875,1603.5699462890625,1595.010009765625,1599.4200439453125,16067800
2019-11-21,1591.8599853515625,1591.8599853515625,1595.77001953125,1583.77001953125,1594.949951171875,17092900
2019-11-22,1597.719970703125,1597.719970703125,1599.489990234375,1591.1800537109375,1595.3800048828125,15654500
2019-11-25,1614.800048828125,1614.800048828125,1614.800048828125,1601.760009765625,1603.1300048828125,16835000
2019-11-26,1609.3800048828125,1609.3800048828125,1620.5999755859375,1608.6400146484375,1618.1500244140625,20303700
2019-11-27,1607.27001953125,1607.27001953125,1613.81005859375,1604.3399658203125,1611.8499755859375,17956500
2019-11-28,1597.6800537109375,1597.6800537109375,1608.6700439453125,1595.1099853515625,1607.969970703125,18688800
2019-11-29,1590.5899658203125,1590.5899658203125,1594.5400390625,1580.0799560546875,1594.0400390625,19935400
2019-12-02,1569.530029296875,1569.530029296875,1589.3399658203125,1566.6800537109375,1588.5899658203125,22701400
2019-12-03,1567.6300048828125,1567.6300048828125,1574.1199951171875,1561.4599609375,1562.6300048828125,18186100
2019-12-04,1565.449951171875,1565.449951171875,1570.3900146484375,1556.510009765625,1562.219970703125,21731000
2019-12-06,1558.989990234375,1558.989990234375,1575.7900390625,1558.5,1571.0999755859375,16452600
2019-12-09,1552.9599609375,1552.9599609375,1559.9300537109375,1548.010009765625,1559.8399658203125,17697300
2019-12-11,1551.8199462890625,1551.8199462890625,1559.18994140625,1546.510009765625,1555.3800048828125,17668800
2019-12-12,1563.8499755859375,1563.8499755859375,1568.6199951171875,1557.0999755859375,1558.5999755859375,18929200
2019-12-13,1573.9100341796875,1573.9100341796875,1582.1600341796875,1570.0699462890625,1577.3800048828125,18726500
2019-12-16,1549.739990234375,1549.739990234375,1573.4100341796875,1549.68994140625,1572.6400146484375,18161000
2019-12-17,1548.6500244140625,1548.6500244140625,1556.8199462890625,1543.219970703125,1551.7099609375,20389900
2019-12-18,1563.739990234375,1563.739990234375,1566.27001953125,1554.989990234375,1555.550048828125,17173900
2019-12-19,1573.510009765625,1573.510009765625,1576.5,1552.8800048828125,1558.800048828125,4136500
2019-12-20,1572.9200439453125,1572.9200439453125,1576.4300537109375,1566.77001953125,1572.6099853515625,3071700
2019-12-23,1573.5699462890625,1573.5699462890625,1581.4000244140625,1571.300048828125,1574.8499755859375,2616900
2019-12-24,1568.6300048828125,1568.6300048828125,1576.56005859375,1567.27001953125,1575.030029296875,2284200
2019-12-26,1579.030029296875,1579.030029296875,1579.3299560546875,1573.43994140625,1573.81005859375,1805600
2019-12-27,1578.219970703125,1578.219970703125,1588.02001953125,1568.050048828125,1583.4599609375,2156500
2019-12-30,1579.8399658203125,1579.8399658203125,1583.8599853515625,1575.9200439453125,1581.050048828125,1684900
2020-01-02,1595.8199462890625,1595.8199462890625,1597.9200439453125,1583.1800537109375,1584.3499755859375,3442200
2020-01-03,1594.969970703125,1594.969970703125,1604.4300537109375,1592.9000244140625,1596.949951171875,3251500
2020-01-06,1568.5,1568.5,1585.56005859375,1565.9300537109375,1584.1300048828125,4116100
2020-01-07,1585.22998046875,1585.22998046875,1585.43994140625,1570.0400390625,1578.52001953125,3201300
2020-01-08,1559.27001953125,1559.27001953125,1572.030029296875,1555.75,1569.8199462890625,3619500
2020-01-09,1579.6400146484375,1579.6400146484375,1581.5,1568.1600341796875,1572.739990234375,3876300
2020-01-10,1580.6300048828125,1580.6300048828125,1584.1600341796875,1573.800048828125,1583.47998046875,2945800
2020-01-13,1586.1600341796875,1586.1600341796875,1588.7900390625,1579.3399658203125,1586.1300048828125,3438800
2020-01-14,1586.9000244140625,1586.9000244140625,1592.8399658203125,1579.8299560546875,1589.6800537109375,3676600
2020-01-15,1581.050048828125,1581.050048828125,1587.77001953125,1575.97998046875,1582.9599609375,3496000
2020-01-16,1595.8699951171875,1595.8699951171875,1598.3800048828125,1581.75,1582.77001953125,4047600
2020-01-17,1600.47998046875,1600.47998046875,1604.280029296875,1595.9599609375,1600.280029296875,3489700
2020-01-20,1589.1099853515625,1589.1099853515625,1598.699951171875,1586.72998046875,1597.5,3526200
2020-01-21,1574.93994140625,1574.93994140625,1587.8499755859375,1573.260009765625,1584.1700439453125,4115600
2020-01-22,1574.5899658203125,1574.5899658203125,1580.3399658203125,1566.8599853515625,1579.25,3707200
2020-01-23,1573.699951171875,1573.699951171875,1577.9200439453125,1567.0999755859375,1570.6600341796875,3027800
2020-01-24,1569.550048828125,1569.550048828125,1576.6800537109375,1567.0699462890625,1575.0699462890625,2952700
2020-01-27,1524.1500244140625,1524.1500244140625,1548.1099853515625,1519.030029296875,1546.9000244140625,4517700
2020-01-28,1513.260009765625,1513.260009765625,1535.22998046875,1507.3599853515625,1519.550048828125,3512900
2020-01-29,1524.5899658203125,1524.5899658203125,1528.1400146484375,1511.1500244140625,1522.8800048828125,3104100
2020-01-30,1523.989990234375,1523.989990234375,1525.1700439453125,1515.6800537109375,1516.3599853515625,2644100
2020-01-31,1514.1400146484375,1514.1400146484375,1532.0899658203125,1514.1400146484375,1528.8599853515625,2744300
2020-02-03,1496.06005859375,1496.06005859375,1513.4300537109375,1495.93994140625,1507.280029296875,2636200
2020-02-04,1519.3800048828125,1519.3800048828125,1520.0999755859375,1499.2099609375,1501.3399658203125,3098100
2020-02-05,1534.1400146484375,1534.1400146484375,1534.9300537109375,1516.550048828125,1521.6700439453125,4081900
2020-02-06,1535.7900390625,1535.7900390625,1541.81005859375,1530.510009765625,1538.2900390625,3755500
2020-02-07,1535.239990234375,1535.239990234375,1539.3599853515625,1527.3399658203125,1536.280029296875,2859800
2020-02-11,1523.9300537109375,1523.9300537109375,1539.4300537109375,1522.969970703125,1538.31005859375,2755500
2020-02-12,1539.8399658203125,1539.8399658203125,1542.760009765625,1529.1500244140625,1530.5899658203125,2925600
2020-02-13,1532.77001953125,1532.77001953125,1542.18994140625,1530.43994140625,1539.31005859375,2423700
2020-02-14,1526.300048828125,1526.300048828125,1540.4599609375,1524.1500244140625,1537.1600341796875,3912800
2020-02-17,1527.25,1527.25,1532.8699951171875,1523.739990234375,1528.47998046875,16807500
2020-02-18,1513.6800537109375,1513.6800537109375,1522.3299560546875,1510.52001953125,1521.0,2443300
2020-02-19,1505.5400390625,1505.5400390625,1523.6099853515625,1501.739990234375,1517.780029296875,3100600
2020-02-20,1491.239990234375,1491.239990234375,1504.949951171875,1484.510009765625,1504.47998046875,3325500
2020-02-21,1495.0899658203125,1495.0899658203125,1495.1700439453125,1476.8900146484375,1480.530029296875,2862000
2020-02-24,1435.56005859375,1435.56005859375,1474.1199951171875,1435.56005859375,1473.5699462890625,4007200
2020-02-25,1439.0999755859375,1439.0999755859375,1446.6300048828125,1416.4000244140625,1436.239990234375,4473800
2020-02-26,1366.4100341796875,1366.4100341796875,1428.3499755859375,1366.4100341796875,1425.56005859375,5428800
2020-02-27,1395.0799560546875,1395.0799560546875,1397.68994140625,1355.6300048828125,1369.8299560546875,4939400
2020-02-28,1340.52001953125,1340.52001953125,1357.1500244140625,1337.0,1348.4599609375,4817700
2020-03-02,1335.719970703125,1335.719970703125,1358.52001953125,1317.449951171875,1355.989990234375,4166200
2020-03-03,1375.02001953125,1375.02001953125,1380.3900146484375,1352.219970703125,1357.719970703125,3974200
2020-03-04,1378.6099853515625,1378.6099853515625,1380.8199462890625,1358.239990234375,1361.43994140625,3046900
2020-03-05,1390.8299560546875,1390.8299560546875,1408.3499755859375,1390.8299560546875,1391.3499755859375,3823100
2020-03-06,1364.5699462890625,1364.5699462890625,1374.199951171875,1359.75,1373.18994140625,2983800
2020-03-09,1255.93994140625,1255.93994140625,1299.77001953125,1249.31005859375,1272.949951171875,5759600
2020-03-10,1271.25,1271.25,1285.6500244140625,1258.699951171875,1262.800048828125,4071500
2020-03-11,1249.8900146484375,1249.8900146484375,1281.6300048828125,1238.0,1268.56005859375,3878900
2020-03-12,1114.9100341796875,1114.9100341796875,1187.3900146484375,1095.3699951171875,1184.1600341796875,7644200
2020-03-13,1128.9100341796875,1128.9100341796875,1164.1600341796875,969.0800170898438,1008.0599975585938,8341500
2020-03-16,1046.0799560546875,1046.0799560546875,1105.199951171875,1043.7900390625,1072.300048828125,5095700
2020-03-17,1035.1700439453125,1035.1700439453125,1068.8499755859375,1035.1600341796875,1045.0899658203125,4758600
2020-03-18,1048.1500244140625,1048.1500244140625,1076.1600341796875,1026.8900146484375,1053.0400390625,4333100
2020-03-19,1044.18994140625,1044.18994140625,1048.800048828125,1010.5999755859375,1019.0700073242188,4613300
2020-03-20,1127.239990234375,1127.239990234375,1133.56005859375,1070.050048828125,1077.6500244140625,6815100
2020-03-23,1024.4599609375,1024.4599609375,1065.6700439453125,1022.8300170898438,1045.6500244140625,4843400
2020-03-24,1033.8399658203125,1033.8399658203125,1067.510009765625,1024.3800048828125,1064.3299560546875,4541800
2020-03-25,1080.030029296875,1080.030029296875,1099.93994140625,1050.719970703125,1063.22998046875,5078200
2020-03-26,1091.9599609375,1091.9599609375,1103.5899658203125,1072.93994140625,1074.6400146484375,4370300
2020-03-27,1099.760009765625,1099.760009765625,1124.280029296875,1089.1400146484375,1112.8299560546875,4453400
2020-03-30,1087.8199462890625,1087.8199462890625,1094.1199951171875,1073.3699951171875,1087.3499755859375,2830500
2020-03-31,1125.8599853515625,1125.8599853515625,1127.9200439453125,1104.1199951171875,1108.7900390625,4501300
2020-04-01,1105.510009765625,1105.510009765625,1132.0999755859375,1105.3399658203125,1117.510009765625,13438800
2020-04-02,1138.27001953125,1138.27001953125,1142.469970703125,1105.31005859375,1113.9100341796875,6268100
2020-04-03,1138.8399658203125,1138.8399658203125,1156.5899658203125,1130.5400390625,1150.8599853515625,5843200
2020-04-07,1214.949951171875,1214.949951171875,1220.6700439453125,1173.1400146484375,1184.8699951171875,6748500
2020-04-08,1205.77001953125,1205.77001953125,1213.550048828125,1192.97998046875,1202.0,5861200
2020-04-09,1210.47998046875,1210.47998046875,1243.5,1202.25,1220.780029296875,6188900
2020-04-10,1228.030029296875,1228.030029296875,1228.0699462890625,1205.1500244140625,1207.469970703125,4110300
2020-04-13,1236.780029296875,1236.780029296875,1237.22998046875,1220.0,1229.2099609375,3805500
2020-04-14,1256.3499755859375,1256.3499755859375,1267.550048828125,1241.0999755859375,1252.5,5810200
2020-04-15,1236.0999755859375,1236.0999755859375,1261.6600341796875,1233.6600341796875,1253.9200439453125,5160700
2020-04-16,1200.1500244140625,1200.1500244140625,1231.050048828125,1200.1400146484375,1226.1600341796875,4606400
2020-04-17,1239.239990234375,1239.239990234375,1239.52001953125,1218.5699462890625,1230.3399658203125,4027200
2020-04-20,1266.4000244140625,1266.4000244140625,1273.25,1237.219970703125,1241.93994140625,4466200
2020-04-21,1252.9200439453125,1252.9200439453125,1260.9599609375,1243.5799560546875,1247.52001953125,4526900
2020-04-22,1261.81005859375,1261.81005859375,1262.4300537109375,1231.5799560546875,1245.9000244140625,4698400
2020-04-23,1272.530029296875,1272.530029296875,1276.1800537109375,1260.800048828125,1266.6099853515625,4869000
2020-04-24,1258.780029296875,1258.780029296875,1280.02001953125,1255.72998046875,1274.2099609375,5181900
2020-04-27,1267.4100341796875,1267.4100341796875,1272.75,1258.449951171875,1271.219970703125,3816400
2020-04-28,1274.989990234375,1274.989990234375,1283.010009765625,1260.9599609375,1267.4599609375,4857100
2020-04-29,1282.6800537109375,1282.6800537109375,1286.449951171875,1275.6800537109375,1282.5699462890625,4591400
2020-04-30,1301.6600341796875,1301.6600341796875,1301.6600341796875,1292.969970703125,1297.9300537109375,5666100
2020-05-05,1278.6300048828125,1278.6300048828125,1289.0899658203125,1278.5,1287.699951171875,4419300
2020-05-07,1257.97998046875,1257.97998046875,1277.3599853515625,1252.199951171875,1274.5,4719700
2020-05-08,1266.02001953125,1266.02001953125,1270.5400390625,1256.739990234375,1265.22998046875,3586300
2020-05-11,1287.300048828125,1287.300048828125,1293.3499755859375,1276.5999755859375,1277.4100341796875,4224700
2020-05-12,1299.68994140625,1299.68994140625,1301.8800048828125,1283.8699951171875,1286.31005859375,4250700
2020-05-13,1294.550048828125,1294.550048828125,1303.280029296875,1290.469970703125,1297.030029296875,4975300
2020-05-14,1280.4000244140625,1280.4000244140625,1290.239990234375,1275.8499755859375,1286.6300048828125,5125900
2020-05-15,1280.760009765625,1280.760009765625,1289.239990234375,1278.8599853515625,1287.06005859375,4539100
2020-05-18,1286.530029296875,1286.530029296875,1295.93994140625,1283.5999755859375,1290.1099853515625,4745100
2020-05-19,1309.949951171875,1309.949951171875,1318.010009765625,1304.489990234375,1308.9599609375,5935800
2020-05-20,1322.199951171875,1322.199951171875,1322.219970703125,1306.9599609375,1311.3599853515625,5978800
2020-05-21,1320.68994140625,1320.68994140625,1333.25,1315.030029296875,1330.8399658203125,6180200
2020-05-22,1303.969970703125,1303.969970703125,1311.5400390625,1286.760009765625,1309.9200439453125,6012400
2020-05-25,1320.97998046875,1320.97998046875,1323.4300537109375,1302.1199951171875,1308.1600341796875,7031100
2020-05-26,1336.0899658203125,1336.0899658203125,1345.31005859375,1332.300048828125,1335.8699951171875,8389600
2020-05-27,1345.1099853515625,1345.1099853515625,1345.530029296875,1328.0699462890625,1339.1800537109375,7640700
2020-05-28,1337.510009765625,1337.510009765625,1358.5999755859375,1337.5,1356.02001953125,6952000
2020-05-29,1342.8499755859375,1342.8499755859375,1342.8800048828125,1323.1199951171875,1333.699951171875,8738200
2020-06-01,1352.3699951171875,1352.3699951171875,1362.4599609375,1348.989990234375,1355.3900146484375,7147900
2020-06-02,1374.1800537109375,1374.1800537109375,1374.2900390625,1357.22998046875,1361.6400146484375,7472300
2020-06-04,1411.010009765625,1411.010009765625,1413.5400390625,1393.2099609375,1396.25,10389900
2020-06-05,1435.699951171875,1435.699951171875,1438.0899658203125,1402.77001953125,1416.719970703125,10138300
2020-06-08,1438.6600341796875,1438.6600341796875,1454.949951171875,1429.6800537109375,1449.760009765625,9420800
2020-06-09,1408.3699951171875,1408.3699951171875,1448.1300048828125,1400.8699951171875,1438.6400146484375,10598300
2020-06-10,1418.77001953125,1418.77001953125,1423.3599853515625,1402.4599609375,1417.0400390625,6505100
2020-06-11,1396.77001953125,1396.77001953125,1421.510009765625,1384.6800537109375,1413.199951171875,11370000
2020-06-12,1382.56005859375,1382.56005859375,1386.219970703125,1353.510009765625,1359.0,11574500
2020-06-15,1341.989990234375,1341.989990234375,1379.780029296875,1338.25,1373.5,9549000
2020-06-16,1367.1300048828125,1367.1300048828125,1376.989990234375,1362.3800048828125,1374.5899658203125,9219500
2020-06-17,1376.1800537109375,1376.1800537109375,1381.0,1358.27001953125,1362.780029296875,7679100
2020-06-18,1372.97998046875,1372.97998046875,1377.3900146484375,1358.1099853515625,1359.6800537109375,8802800
2020-06-19,1370.8199462890625,1370.8199462890625,1380.02001953125,1368.030029296875,1376.8900146484375,6319500
2020-06-22,1352.1800537109375,1352.1800537109375,1367.97998046875,1347.5999755859375,1359.300048828125,7491300
2020-06-23,1356.4300537109375,1356.4300537109375,1361.8399658203125,1351.9200439453125,1359.550048828125,6303800
2020-06-24,1333.4300537109375,1333.4300537109375,1365.4599609375,1333.3199462890625,1362.4200439453125,5901500
2020-06-25,1325.8800048828125,1325.8800048828125,1325.8800048828125,1306.6700439453125,1317.719970703125,5734600
2020-06-26,1330.3399658203125,1330.3399658203125,1344.0400390625,1328.489990234375,1335.550048828125,4112000
2020-06-29,1329.760009765625,1329.760009765625,1329.93994140625,1312.5899658203125,1320.72998046875,3986600
2020-06-30,1339.030029296875,1339.030029296875,1351.5899658203125,1339.030029296875,1344.5400390625,4821100
2020-07-01,1349.43994140625,1349.43994140625,1350.1600341796875,1331.5999755859375,1345.6199951171875,4718700
2020-07-02,1374.1300048828125,1374.1300048828125,1376.31005859375,1353.5,1357.2099609375,5286100
2020-07-03,1372.27001953125,1372.27001953125,1380.0799560546875,1370.3699951171875,1377.6700439453125,7010300
2020-07-07,1373.219970703125,1373.219970703125,1391.77001953125,1373.199951171875,1389.1800537109375,7738500
2020-07-08,1362.4599609375,1362.4599609375,1379.7099609375,1361.239990234375,1371.9100341796875,5573400
2020-07-09,1365.81005859375,1365.81005859375,1370.800048828125,1358.030029296875,1367.239990234375,5381900
2020-07-10,1350.5,1350.5,1363.280029296875,1346.719970703125,1357.989990234375,4792600
2020-07-13,1342.3699951171875,1342.3699951171875,1363.8199462890625,1339.68994140625,1361.75,5871600
2020-07-14,1341.0699462890625,1341.0699462890625,1342.300048828125,1326.6500244140625,1332.8699951171875,4584200
2020-07-15,1354.31005859375,1354.31005859375,1356.9300537109375,1344.760009765625,1351.5,4342200
2020-07-16,1347.8599853515625,1347.8599853515625,1357.260009765625,1343.02001953125,1354.22998046875,3503900
2020-07-17,1359.5799560546875,1359.5799560546875,1361.3900146484375,1350.0999755859375,1353.27001953125,3832100
2020-07-20,1358.2900390625,1358.2900390625,1365.7099609375,1352.030029296875,1358.6199951171875,4079600
2020-07-21,1377.0,1377.0,1379.1500244140625,1366.5899658203125,1366.8299560546875,5295600
2020-07-22,1357.0400390625,1357.0400390625,1382.2900390625,1356.8599853515625,1380.969970703125,4839000
2020-07-23,1359.6500244140625,1359.6500244140625,1363.9000244140625,1348.9200439453125,1356.969970703125,4384500
2020-07-24,1340.9200439453125,1340.9200439453125,1350.9300537109375,1337.2099609375,1348.81005859375,4062100
2020-07-29,1338.3499755859375,1338.3499755859375,1349.9100341796875,1337.030029296875,1346.5999755859375,3957600
2020-07-30,1315.739990234375,1315.739990234375,1347.449951171875,1313.0999755859375,1345.0899658203125,6424600
2020-07-31,1328.530029296875,1328.530029296875,1328.6400146484375,1303.25,1314.989990234375,4741600
2020-08-03,1321.22998046875,1321.22998046875,1325.31005859375,1311.25,1324.4599609375,4162600
2020-08-04,1330.81005859375,1330.81005859375,1338.0799560546875,1328.1300048828125,1330.5999755859375,4677700
2020-08-05,1337.3499755859375,1337.3499755859375,1341.22998046875,1326.0699462890625,1335.52001953125,4661200
2020-08-06,1333.219970703125,1333.219970703125,1346.489990234375,1333.1800537109375,1336.1300048828125,4934600
2020-08-07,1324.4000244140625,1324.4000244140625,1333.2099609375,1321.1600341796875,1331.9200439453125,3508000
2020-08-10,1322.010009765625,1322.010009765625,1330.1700439453125,1321.9000244140625,1327.1600341796875,3352500
2020-08-11,1336.8399658203125,1336.8399658203125,1343.1600341796875,1332.239990234375,1334.0999755859375,5931100
2020-08-13,1346.68994140625,1346.68994140625,1353.530029296875,1343.0899658203125,1349.0799560546875,5629400
2020-08-14,1327.050048828125,1327.050048828125,1347.6300048828125,1324.969970703125,1345.56005859375,4314000
2020-08-17,1320.9100341796875,1320.9100341796875,1331.800048828125,1315.8900146484375,1329.8199462890625,4091500
2020-08-18,1330.1099853515625,1330.1099853515625,1330.4000244140625,1321.0699462890625,1321.3800048828125,3838300
2020-08-19,1308.6700439453125,1308.6700439453125,1332.7900390625,1301.969970703125,1331.5400390625,5028600
2020-08-20,1296.7900390625,1296.7900390625,1303.719970703125,1292.5899658203125,1296.3699951171875,3790200
2020-08-21,1299.260009765625,1299.260009765625,1307.6400146484375,1296.6800537109375,1305.8199462890625,3195200
2020-08-24,1317.1099853515625,1317.1099853515625,1318.199951171875,1299.050048828125,1305.219970703125,3723400
2020-08-25,1315.989990234375,1315.989990234375,1327.4200439453125,1315.1300048828125,1324.81005859375,4159200
2020-08-26,1322.550048828125,1322.550048828125,1323.969970703125,1311.1400146484375,1317.739990234375,3948500
2020-08-27,1326.81005859375,1326.81005859375,1331.6400146484375,1320.9100341796875,1322.47998046875,4374300
2020-08-28,1323.31005859375,1323.31005859375,1337.6099853515625,1319.449951171875,1335.300048828125,3882800
2020-08-31,1310.6600341796875,1310.6600341796875,1333.300048828125,1308.72998046875,1328.699951171875,3937800
2020-09-01,1305.5699462890625,1305.5699462890625,1316.6800537109375,1301.1400146484375,1312.75,4041700
2020-09-02,1315.8800048828125,1315.8800048828125,1316.0799560546875,1301.780029296875,1304.699951171875,3290600
2020-09-03,1311.949951171875,1311.949951171875,1322.6600341796875,1308.8399658203125,1320.6300048828125,3575700
2020-09-08,1293.800048828125,1293.800048828125,1305.8499755859375,1293.3299560546875,1305.6400146484375,3721900
2020-09-09,1293.4000244140625,1293.4000244140625,1295.550048828125,1276.3800048828125,1279.239990234375,3877200
2020-09-10,1290.8900146484375,1290.8900146484375,1298.3299560546875,1286.1500244140625,1295.010009765625,4237400
2020-09-11,1279.9599609375,1279.9599609375,1296.1300048828125,1279.3299560546875,1290.1600341796875,4994400
2020-09-14,1272.3399658203125,1272.3399658203125,1287.3499755859375,1270.5899658203125,1285.1600341796875,3733500
2020-09-15,1286.1800537109375,1286.1800537109375,1287.0400390625,1274.6199951171875,1276.9300537109375,3580700
2020-09-16,1293.47998046875,1293.47998046875,1295.800048828125,1284.0899658203125,1287.010009765625,3795200
2020-09-17,1284.4000244140625,1284.4000244140625,1292.4200439453125,1280.1099853515625,1289.5999755859375,3927600
2020-09-18,1288.3900146484375,1288.3900146484375,1293.2900390625,1280.4300537109375,1287.739990234375,4185600
2020-09-21,1275.1600341796875,1275.1600341796875,1295.3499755859375,1273.43994140625,1293.77001953125,3332600
2020-09-22,1267.6300048828125,1267.6300048828125,1275.27001953125,1262.4100341796875,1271.3599853515625,3343800
2020-09-23,1264.010009765625,1264.010009765625,1272.5899658203125,1260.6400146484375,1271.18994140625,3846700
2020-09-24,1247.4599609375,1247.4599609375,1260.31005859375,1241.52001953125,1255.7900390625,4148500
2020-09-25,1244.93994140625,1244.93994140625,1256.4000244140625,1241.6600341796875,1251.6700439453125,3491500
2020-09-28,1263.02001953125,1263.02001953125,1264.5,1251.1199951171875,1251.22998046875,3364900
2020-09-29,1257.3399658203125,1257.3399658203125,1267.6700439453125,1254.3399658203125,1266.77001953125,3134200
2020-09-30,1237.0400390625,1237.0400390625,1260.06005859375,1236.530029296875,1259.0799560546875,4210300
2020-10-01,1247.5899658203125,1247.5899658203125,1251.1099853515625,1232.81005859375,1244.22998046875,4376100
2020-10-02,1237.5400390625,1237.5400390625,1246.780029296875,1231.1099853515625,1245.1099853515625,4704600
2020-10-05,1242.989990234375,1242.989990234375,1248.6700439453125,1239.06005859375,1245.7900390625,3595100
2020-10-06,1250.1500244140625,1250.1500244140625,1257.4599609375,1249.1400146484375,1251.8900146484375,4926900
2020-10-07,1263.7099609375,1263.7099609375,1264.2900390625,1245.0899658203125,1248.25,4450200
2020-10-08,1274.8299560546875,1274.8299560546875,1282.6500244140625,1269.5,1269.8499755859375,5649500
2020-10-09,1267.1400146484375,1267.1400146484375,1280.81005859375,1264.239990234375,1279.7900390625,5578700
2020-10-12,1273.4300537109375,1273.4300537109375,1277.6400146484375,1265.27001953125,1269.5,4105300
2020-10-14,1263.989990234375,1263.989990234375,1271.0999755859375,1257.8399658203125,1269.489990234375,4284000
2020-10-15,1242.9599609375,1242.9599609375,1258.0899658203125,1240.75,1255.050048828125,4574100
2020-10-16,1233.6800537109375,1233.6800537109375,1247.8900146484375,1226.949951171875,1245.4000244140625,3654100
2020-10-19,1208.75,1208.75,1223.1500244140625,1205.6099853515625,1221.8800048828125,4352000
2020-10-20,1210.6700439453125,1210.6700439453125,1219.1600341796875,1202.030029296875,1205.3299560546875,3824300
2020-10-21,1216.47998046875,1216.47998046875,1222.6199951171875,1211.8499755859375,1217.0999755859375,4005500
2020-10-22,1213.6099853515625,1213.6099853515625,1223.47998046875,1204.72998046875,1214.6300048828125,4323500
2020-10-26,1207.969970703125,1207.969970703125,1215.7900390625,1205.81005859375,1212.489990234375,3134100
2020-10-27,1208.949951171875,1208.949951171875,1212.030029296875,1197.739990234375,1201.449951171875,2993700
2020-10-28,1207.93994140625,1207.93994140625,1217.8800048828125,1205.8800048828125,1207.4200439453125,6282200
2020-10-29,1201.6400146484375,1201.6400146484375,1206.8399658203125,1195.989990234375,1200.4300537109375,3736700
2020-10-30,1194.949951171875,1194.949951171875,1204.989990234375,1187.489990234375,1204.050048828125,4145500
2020-11-02,1202.1600341796875,1202.1600341796875,1202.550048828125,1191.43994140625,1196.6400146484375,4007200
2020-11-03,1221.3299560546875,1221.3299560546875,1222.780029296875,1209.9000244140625,1210.06005859375,4761000
2020-11-04,1222.43994140625,1222.43994140625,1231.050048828125,1214.489990234375,1223.6700439453125,4012900
2020-11-05,1264.3199462890625,1264.3199462890625,1266.5799560546875,1232.719970703125,1234.6099853515625,5186100
2020-11-06,1260.0799560546875,1260.0799560546875,1270.219970703125,1251.0799560546875,1265.8399658203125,5165000
2020-11-09,1285.8800048828125,1285.8800048828125,1293.9000244140625,1277.52001953125,1281.4100341796875,5664500
2020-11-10,1341.239990234375,1341.239990234375,1346.719970703125,1313.0400390625,1330.1400146484375,10107800
2020-11-11,1345.3399658203125,1345.3399658203125,1356.8299560546875,1331.3900146484375,1353.6500244140625,6993800
2020-11-12,1336.31005859375,1336.31005859375,1341.5699462890625,1327.1700439453125,1340.4300537109375,5868500
2020-11-13,1346.469970703125,1346.469970703125,1352.510009765625,1327.72998046875,1330.489990234375,7102000
2020-11-16,1351.06005859375,1351.06005859375,1365.8699951171875,1351.0400390625,1360.93994140625,6362400
2020-11-17,1349.81005859375,1349.81005859375,1365.9100341796875,1344.550048828125,1356.4100341796875,7016700
2020-11-18,1364.5899658203125,1364.5899658203125,1364.6400146484375,1341.4599609375,1345.760009765625,4910200
2020-11-19,1369.4200439453125,1369.4200439453125,1375.02001953125,1362.4100341796875,1363.5799560546875,5430500
2020-11-20,1389.3399658203125,1389.3399658203125,1390.3699951171875,1368.199951171875,1369.9599609375,7083400
2020-11-23,1420.4300537109375,1420.4300537109375,1422.4300537109375,1395.5799560546875,1397.530029296875,9370900
2020-11-24,1401.6300048828125,1401.6300048828125,1432.56005859375,1401.2900390625,1429.43994140625,8609700
2020-11-25,1415.719970703125,1415.719970703125,1428.3599853515625,1392.4200439453125,1416.8399658203125,7762300
2020-11-26,1433.56005859375,1433.56005859375,1433.5699462890625,1416.7900390625,1420.9599609375,5721400
2020-11-27,1437.780029296875,1437.780029296875,1444.530029296875,1429.4300537109375,1431.260009765625,6389100
2020-11-30,1408.31005859375,1408.31005859375,1435.0400390625,1408.02001953125,1429.989990234375,10534200
2020-12-01,1420.8699951171875,1420.8699951171875,1430.030029296875,1416.3900146484375,1418.06005859375,6473500
2020-12-02,1417.949951171875,1417.949951171875,1430.489990234375,1415.0999755859375,1416.5799560546875,6002300
2020-12-03,1438.3199462890625,1438.3199462890625,1439.219970703125,1420.68994140625,1424.1600341796875,6848000
2020-12-04,1449.8299560546875,1449.8299560546875,1454.93994140625,1439.1400146484375,1439.8199462890625,8383700
2020-12-08,1478.9200439453125,1478.9200439453125,1484.72998046875,1442.6500244140625,1448.0799560546875,11189200
2020-12-09,1482.6700439453125,1482.6700439453125,1503.8900146484375,1474.8299560546875,1490.77001953125,10605000
2020-12-14,1476.1300048828125,1476.1300048828125,1495.1800537109375,1471.56005859375,1491.8699951171875,8577700
2020-12-15,1477.2099609375,1477.2099609375,1478.6099853515625,1459.969970703125,1468.219970703125,8445500
2020-12-16,1482.0899658203125,1482.0899658203125,1488.8599853515625,1475.0899658203125,1487.280029296875,12948800
2020-12-17,1483.8900146484375,1483.8900146484375,1495.3699951171875,1483.3199462890625,1487.699951171875,21202300
2020-12-18,1482.3800048828125,1482.3800048828125,1489.780029296875,1475.010009765625,1485.27001953125,8923200
2020-12-21,1401.780029296875,1401.780029296875,1453.8800048828125,1401.5799560546875,1429.5,12916400
2020-12-22,1424.3900146484375,1424.3900146484375,1428.1099853515625,1388.22998046875,1405.4200439453125,8687700
2020-12-23,1416.02001953125,1416.02001953125,1440.52001953125,1414.2099609375,1422.5899658203125,8280800
2020-12-24,1451.52001953125,1451.52001953125,1453.8699951171875,1409.75,1420.5999755859375,8244400
2020-12-28,1452.6700439453125,1452.6700439453125,1512.989990234375,1452.47998046875,1505.1500244140625,7321500
2020-12-29,1461.949951171875,1461.949951171875,1468.5999755859375,1440.5899658203125,1452.3900146484375,5354800
2020-12-30,1449.3499755859375,1449.3499755859375,1479.0400390625,1445.3599853515625,1467.739990234375,6853900
2021-01-04,1468.239990234375,1468.239990234375,1468.27001953125,1425.47998046875,1428.800048828125,7392300
2021-01-05,1506.6500244140625,1506.6500244140625,1506.6600341796875,1466.050048828125,1467.8900146484375,9102500
2021-01-06,1492.3599853515625,1492.3599853515625,1514.8900146484375,1485.7900390625,1506.56005859375,11038300
2021-01-07,1513.780029296875,1513.780029296875,1519.9100341796875,1502.81005859375,1510.6400146484375,10910800
2021-01-08,1536.43994140625,1536.43994140625,1538.6099853515625,1521.1700439453125,1528.1199951171875,9493700
2021-01-11,1536.489990234375,1536.489990234375,1550.75,1527.75,1539.7900390625,7236300
2021-01-12,1539.8499755859375,1539.8499755859375,1542.6500244140625,1528.5,1536.75,5985400
2021-01-13,1547.31005859375,1547.31005859375,1561.6600341796875,1542.4200439453125,1548.300048828125,7920100
2021-01-14,1535.97998046875,1535.97998046875,1552.780029296875,1533.52001953125,1545.3499755859375,6741500
2021-01-15,1519.1300048828125,1519.1300048828125,1544.1099853515625,1513.47998046875,1537.030029296875,6662100
2021-01-18,1510.1300048828125,1510.1300048828125,1515.510009765625,1503.0400390625,1511.0400390625,5512000
2021-01-19,1522.5899658203125,1522.5899658203125,1529.1700439453125,1518.6600341796875,1519.3699951171875,6418600
2021-01-20,1515.719970703125,1515.719970703125,1529.5,1511.4100341796875,1524.9100341796875,6986900
2021-01-21,1513.510009765625,1513.510009765625,1529.27001953125,1510.800048828125,1525.6300048828125,6840300
2021-01-22,1497.8800048828125,1497.8800048828125,1518.050048828125,1494.449951171875,1508.9200439453125,5931400
2021-01-25,1501.6199951171875,1501.6199951171875,1505.469970703125,1491.6300048828125,1498.3599853515625,5119800
2021-01-26,1512.8299560546875,1512.8299560546875,1514.8199462890625,1490.3699951171875,1497.030029296875,4824600
2021-01-27,1498.1300048828125,1498.1300048828125,1515.3199462890625,1498.050048828125,1510.6800537109375,5104800
2021-01-28,1468.510009765625,1468.510009765625,1492.0,1467.739990234375,1482.5,6541700
2021-01-29,1466.97998046875,1466.97998046875,1480.43994140625,1455.550048828125,1478.760009765625,7044400
2021-02-01,1478.050048828125,1478.050048828125,1481.6600341796875,1456.449951171875,1465.760009765625,5609600
2021-02-02,1486.25,1486.25,1496.4599609375,1480.5,1491.02001953125,5374400
2021-02-03,1481.75,1481.75,1500.1700439453125,1481.68994140625,1498.5,6094800
2021-02-04,1482.97998046875,1482.97998046875,1492.3900146484375,1477.8800048828125,1486.5,5762700
2021-02-05,1496.6099853515625,1496.6099853515625,1498.3499755859375,1488.72998046875,1491.0699462890625,6544300
2021-02-08,1516.4300537109375,1516.4300537109375,1517.31005859375,1507.0899658203125,1508.449951171875,7090800
2021-02-09,1518.27001953125,1518.27001953125,1529.489990234375,1516.5,1524.5799560546875,6992900
2021-02-10,1516.93994140625,1516.93994140625,1527.8800048828125,1513.1300048828125,1526.3399658203125,5612500
2021-02-11,1508.3499755859375,1508.3499755859375,1521.31005859375,1503.18994140625,1520.6800537109375,6045100
2021-02-15,1522.719970703125,1522.719970703125,1529.97998046875,1513.3299560546875,1515.9100341796875,6117200
2021-02-16,1523.1099853515625,1523.1099853515625,1531.2900390625,1522.4100341796875,1528.4300537109375,5570500
2021-02-17,1514.9100341796875,1514.9100341796875,1528.5799560546875,1513.9599609375,1519.739990234375,5802200
2021-02-18,1511.030029296875,1511.030029296875,1524.1099853515625,1510.77001953125,1519.7900390625,6121600
2021-02-19,1500.510009765625,1500.510009765625,1507.6300048828125,1493.52001953125,1504.97998046875,6438500
2021-02-22,1478.1400146484375,1478.1400146484375,1505.469970703125,1476.5,1504.6500244140625,7143100
2021-02-23,1500.6099853515625,1500.6099853515625,1506.93994140625,1486.1800537109375,1487.530029296875,5616000
2021-02-24,1491.1099853515625,1491.1099853515625,1507.780029296875,1485.93994140625,1503.56005859375,6332300
2021-02-25,1496.780029296875,1496.780029296875,1511.300048828125,1494.3599853515625,1508.8199462890625,9071000
2021-03-01,1500.9200439453125,1500.9200439453125,1505.6099853515625,1487.989990234375,1493.550048828125,7440600
2021-03-02,1503.3599853515625,1503.3599853515625,1509.6500244140625,1500.800048828125,1503.9100341796875,6187000
2021-03-03,1543.4000244140625,1543.4000244140625,1543.47998046875,1510.0699462890625,1510.27001953125,7888100
2021-03-04,1534.1099853515625,1534.1099853515625,1540.6600341796875,1527.8800048828125,1535.760009765625,8047900
2021-03-05,1544.1099853515625,1544.1099853515625,1553.9200439453125,1529.8299560546875,1531.050048828125,7313400
2021-03-08,1543.760009765625,1543.760009765625,1562.56005859375,1540.6400146484375,1559.1700439453125,7550200
2021-03-09,1550.5899658203125,1550.5899658203125,1554.9599609375,1537.22998046875,1553.0,7105800
2021-03-10,1573.050048828125,1573.050048828125,1573.550048828125,1550.449951171875,1553.27001953125,9569500
2021-03-11,1575.1300048828125,1575.1300048828125,1584.6099853515625,1569.8699951171875,1582.68994140625,8957800
2021-03-12,1568.18994140625,1568.18994140625,1584.4000244140625,1562.9000244140625,1579.7099609375,8550600
2021-03-15,1565.72998046875,1565.72998046875,1575.9599609375,1562.68994140625,1573.1099853515625,6713900
2021-03-16,1564.030029296875,1564.030029296875,1573.1300048828125,1562.3499755859375,1569.010009765625,100
2021-03-17,1566.760009765625,1566.760009765625,1571.530029296875,1559.219970703125,1562.9200439453125,100
2021-03-18,1568.8199462890625,1568.8199462890625,1583.300048828125,1567.6700439453125,1579.719970703125,8691000
2021-03-19,1563.9599609375,1563.9599609375,1566.6700439453125,1554.9599609375,1562.300048828125,9513400
2021-03-22,1566.3599853515625,1566.3599853515625,1571.739990234375,1555.3800048828125,1563.56005859375,9179700
2021-03-23,1564.25,1564.25,1574.1400146484375,1562.030029296875,1572.699951171875,11706200
2021-03-24,1570.8299560546875,1570.8299560546875,1570.8399658203125,1555.719970703125,1557.5,12329000
2021-03-25,1571.0400390625,1571.0400390625,1580.1700439453125,1571.0400390625,1576.27001953125,12229700
2021-03-26,1574.8599853515625,1574.8599853515625,1580.739990234375,1566.8900146484375,1577.469970703125,11133500
2021-03-29,1583.8900146484375,1583.8900146484375,1592.469970703125,1580.9000244140625,1582.72998046875,9677200
2021-03-30,1589.530029296875,1589.530029296875,1593.52001953125,1585.06005859375,1589.6800537109375,13674800
2021-03-31,1587.2099609375,1587.2099609375,1593.9300537109375,1585.5799560546875,1592.260009765625,10021000
2021-04-01,1595.1199951171875,1595.1199951171875,1600.5999755859375,1590.3299560546875,1594.010009765625,11897700
2021-04-05,1579.6600341796875,1579.6600341796875,1601.239990234375,1575.56005859375,1599.3299560546875,12548000
2021-04-07,1556.56005859375,1556.56005859375,1570.68994140625,1555.5699462890625,1566.1099853515625,14163000
2021-04-08,1558.8299560546875,1558.8299560546875,1564.050048828125,1552.1800537109375,1554.6400146484375,11160300
2021-04-09,1566.3399658203125,1566.3399658203125,1572.1300048828125,1561.760009765625,1562.199951171875,9163500
2021-04-12,1541.1199951171875,1541.1199951171875,1562.0699462890625,1539.239990234375,1561.530029296875,7729900
2021-04-16,1548.9599609375,1548.9599609375,1550.260009765625,1529.2900390625,1543.5899658203125,8198400
2021-04-19,1574.9100341796875,1574.9100341796875,1574.969970703125,1552.9100341796875,1555.010009765625,8305600
2021-04-20,1580.0400390625,1580.0400390625,1582.489990234375,1570.530029296875,1574.3800048828125,8597000
2021-04-21,1580.010009765625,1580.010009765625,1584.5699462890625,1575.56005859375,1576.18994140625,9382600
2021-04-22,1568.2099609375,1568.2099609375,1587.949951171875,1564.8299560546875,1585.9100341796875,10940600
2021-04-23,1553.5899658203125,1553.5899658203125,1564.6199951171875,1550.6199951171875,1563.4599609375,10808200
2021-04-26,1559.530029296875,1559.530029296875,1561.52001953125,1544.0999755859375,1552.050048828125,12430900
2021-04-27,1559.22998046875,1559.22998046875,1570.5799560546875,1553.030029296875,1564.06005859375,19043900
2021-04-28,1576.7900390625,1576.7900390625,1578.6199951171875,1562.8399658203125,1565.699951171875,13603100
2021-04-29,1590.4599609375,1590.4599609375,1592.9000244140625,1583.97998046875,1584.550048828125,12642900
2021-04-30,1583.1300048828125,1583.1300048828125,1593.22998046875,1580.739990234375,1591.1199951171875,14643800
2021-05-05,1549.219970703125,1549.219970703125,1583.27001953125,1547.3499755859375,1581.8599853515625,13820400
2021-05-06,1571.9100341796875,1571.9100341796875,1575.3699951171875,1551.4200439453125,1553.27001953125,10170200
2021-05-07,1585.030029296875,1585.030029296875,1589.2099609375,1577.18994140625,1582.25,10863500
2021-05-10,1588.1500244140625,1588.1500244140625,1596.800048828125,1576.7900390625,1596.6099853515625,10488500
2021-05-11,1578.9300537109375,1578.9300537109375,1590.5400390625,1566.9100341796875,1579.25,11679000
2021-05-12,1571.8499755859375,1571.8499755859375,1578.3399658203125,1557.93994140625,1576.6600341796875,11216400
2021-05-13,1548.1300048828125,1548.1300048828125,1561.800048828125,1501.02001953125,1554.0999755859375,15380300
2021-05-14,1549.47998046875,1549.47998046875,1558.8599853515625,1532.2900390625,1555.719970703125,11225500
2021-05-17,1549.1600341796875,1549.1600341796875,1554.0799560546875,1529.68994140625,1542.22998046875,15165200
2021-05-18,1566.800048828125,1566.800048828125,1570.3699951171875,1558.8499755859375,1559.9300537109375,15861200
2021-05-19,1562.239990234375,1562.239990234375,1570.050048828125,1557.8299560546875,1561.969970703125,14202000
2021-05-20,1554.5400390625,1554.5400390625,1568.719970703125,1554.5400390625,1565.3900146484375,11873300
2021-05-21,1552.43994140625,1552.43994140625,1560.510009765625,1546.550048828125,1559.8199462890625,12633000
2021-05-24,1551.8499755859375,1551.8499755859375,1559.5999755859375,1547.1400146484375,1555.22998046875,12485200
2021-05-25,1568.5799560546875,1568.5799560546875,1572.030029296875,1560.1300048828125,1562.8900146484375,10342900
2021-05-27,1582.9599609375,1582.9599609375,1587.5400390625,1568.8900146484375,1570.5,11667600
2021-05-28,1581.97998046875,1581.97998046875,1595.449951171875,1579.530029296875,1590.43994140625,11565500
2021-05-31,1593.5899658203125,1593.5899658203125,1594.6500244140625,1578.0899658203125,1582.56005859375,12498700
2021-06-01,1618.5899658203125,1618.5899658203125,1620.530029296875,1598.6600341796875,1602.6500244140625,13305800
2021-06-02,1617.550048828125,1617.550048828125,1627.6700439453125,1612.93994140625,1624.8299560546875,12570400
2021-06-04,1611.530029296875,1611.530029296875,1622.8900146484375,1611.3399658203125,1613.719970703125,11939800
2021-06-07,1612.5899658203125,1612.5899658203125,1625.56005859375,1611.780029296875,1618.739990234375,11673900
2021-06-08,1612.8800048828125,1612.8800048828125,1618.699951171875,1605.31005859375,1614.8499755859375,14218100
2021-06-09,1626.27001953125,1626.27001953125,1628.4200439453125,1617.8299560546875,1618.06005859375,11055300
2021-06-10,1625.27001953125,1625.27001953125,1636.219970703125,1623.5699462890625,1631.9200439453125,14273500
2021-06-11,1636.56005859375,1636.56005859375,1636.9200439453125,1628.1400146484375,1632.0400390625,15376400
2021-06-14,1633.06005859375,1633.06005859375,1642.800048828125,1629.3299560546875,1641.6800537109375,11952900
2021-06-15,1622.31005859375,1622.31005859375,1636.0999755859375,1618.5999755859375,1634.449951171875,10420800
2021-06-16,1624.7900390625,1624.7900390625,1631.22998046875,1619.22998046875,1622.780029296875,7869900
2021-06-17,1617.6500244140625,1617.6500244140625,1631.68994140625,1615.6199951171875,1621.3800048828125,10010600
2021-06-18,1612.97998046875,1612.97998046875,1622.4300537109375,1604.43994140625,1619.8800048828125,11421200
2021-06-21,1601.1300048828125,1601.1300048828125,1602.6600341796875,1590.550048828125,1596.9599609375,10636400
2021-06-22,1599.22998046875,1599.22998046875,1613.6600341796875,1598.56005859375,1610.8499755859375,8937700
2021-06-23,1592.0799560546875,1592.0799560546875,1606.3900146484375,1590.6300048828125,1605.31005859375,8337400
2021-06-24,1585.719970703125,1585.719970703125,1589.3299560546875,1569.9300537109375,1587.72998046875,9499900
2021-06-25,1582.6700439453125,1582.6700439453125,1596.1600341796875,1577.6300048828125,1592.02001953125,7379800
2021-06-28,1579.1700439453125,1579.1700439453125,1581.3399658203125,1565.31005859375,1572.1800537109375,7616000
2021-06-29,1591.4300537109375,1591.4300537109375,1596.0799560546875,1579.43994140625,1580.8900146484375,7264300
2021-06-30,1587.7900390625,1587.7900390625,1600.5699462890625,1584.469970703125,1597.260009765625,8653600
2021-07-01,1593.75,1593.75,1596.3599853515625,1584.68994140625,1591.0400390625,9308100
2021-07-02,1578.489990234375,1578.489990234375,1596.050048828125,1574.9200439453125,1591.3699951171875,9145600
2021-07-05,1579.280029296875,1579.280029296875,1582.4599609375,1573.6700439453125,1580.68994140625,7261100
2021-07-06,1591.4300537109375,1591.4300537109375,1594.1500244140625,1585.3399658203125,1585.9599609375,8137100
2021-07-07,1576.5999755859375,1576.5999755859375,1587.699951171875,1574.1400146484375,1585.0400390625,13275400
2021-07-08,1543.6700439453125,1543.6700439453125,1567.3299560546875,1540.56005859375,1563.9599609375,13851300
2021-07-09,1552.0899658203125,1552.0899658203125,1554.5999755859375,1535.68994140625,1537.969970703125,9741300
2021-07-12,1549.8399658203125,1549.8399658203125,1561.719970703125,1544.7099609375,1558.6300048828125,6930100
2021-07-13,1570.989990234375,1570.989990234375,1571.8199462890625,1555.8800048828125,1557.260009765625,7348100
2021-07-14,1569.699951171875,1569.699951171875,1573.0400390625,1561.0,1570.1199951171875,23024900
2021-07-15,1572.010009765625,1572.010009765625,1580.4300537109375,1570.9599609375,1575.050048828125,7782400
2021-07-16,1574.3699951171875,1574.3699951171875,1575.6600341796875,1567.1700439453125,1569.22998046875,7923900
2021-07-19,1556.010009765625,1556.010009765625,1563.8800048828125,1551.7900390625,1557.81005859375,6192500
2021-07-20,1538.8599853515625,1538.8599853515625,1552.3800048828125,1530.6199951171875,1551.260009765625,8512300
2021-07-21,1540.8800048828125,1540.8800048828125,1545.3900146484375,1532.3399658203125,1543.1700439453125,5934600
2021-07-22,1552.3599853515625,1552.3599853515625,1554.6500244140625,1546.260009765625,1549.8499755859375,6264000
2021-07-23,1545.0999755859375,1545.0999755859375,1553.25,1540.3499755859375,1550.8599853515625,7420000
2021-07-27,1537.6300048828125,1537.6300048828125,1551.4300537109375,1531.81005859375,1547.4000244140625,8034200
2021-07-29,1537.780029296875,1537.780029296875,1545.0799560546875,1533.93994140625,1541.800048828125,8741800
2021-07-30,1521.9200439453125,1521.9200439453125,1539.030029296875,1516.77001953125,1536.9100341796875,8477600
2021-08-02,1525.1099853515625,1525.1099853515625,1525.72998046875,1513.7099609375,1523.4200439453125,6102000
2021-08-03,1540.510009765625,1540.510009765625,1540.52001953125,1524.3699951171875,1525.239990234375,6171100
2021-08-04,1545.8599853515625,1545.8599853515625,1548.6300048828125,1533.3599853515625,1542.1099853515625,6378900
2021-08-05,1527.6600341796875,1527.6600341796875,1547.3800048828125,1526.9100341796875,1544.8299560546875,10398600
2021-08-06,1521.719970703125,1521.719970703125,1537.27001953125,1514.6700439453125,1530.4300537109375,7711900
2021-08-09,1540.18994140625,1540.18994140625,1543.7099609375,1525.2900390625,1528.1600341796875,7281900
2021-08-10,1542.6199951171875,1542.6199951171875,1551.6099853515625,1539.4000244140625,1544.31005859375,9092600
2021-08-11,1532.7099609375,1532.7099609375,1550.739990234375,1531.5799560546875,1549.4100341796875,9601600
2021-08-13,1528.3199462890625,1528.3199462890625,1541.0799560546875,1525.510009765625,1530.6800537109375,9130300
2021-08-16,1531.239990234375,1531.239990234375,1532.93994140625,1512.280029296875,1527.0799560546875,7756900
2021-08-17,1544.219970703125,1544.219970703125,1545.949951171875,1533.3199462890625,1536.93994140625,6373500
2021-08-18,1551.8699951171875,1551.8699951171875,1557.0799560546875,1545.3299560546875,1546.7099609375,7470100
2021-08-19,1544.280029296875,1544.280029296875,1553.9000244140625,1543.75,1546.699951171875,8691500
2021-08-20,1553.1800537109375,1553.1800537109375,1554.449951171875,1545.9200439453125,1549.9200439453125,9187300
2021-08-23,1582.0699462890625,1582.0699462890625,1583.1300048828125,1565.9300537109375,1566.0999755859375,10366800
2021-08-24,1586.97998046875,1586.97998046875,1598.3900146484375,1585.4599609375,1590.1199951171875,9388300
2021-08-25,1600.489990234375,1600.489990234375,1601.0899658203125,1588.3699951171875,1591.2900390625,9269000
2021-08-26,1601.9100341796875,1601.9100341796875,1603.989990234375,1595.68994140625,1601.989990234375,11321400
2021-08-27,1611.199951171875,1611.199951171875,1615.219970703125,1600.0,1602.1600341796875,10413700
2021-08-30,1633.77001953125,1633.77001953125,1634.9200439453125,1621.4200439453125,1621.6800537109375,11606900
2021-08-31,1638.75,1638.75,1643.760009765625,1628.1199951171875,1632.6500244140625,11805400
2021-09-01,1634.47998046875,1634.47998046875,1646.0699462890625,1628.1600341796875,1643.010009765625,15016600
2021-09-02,1647.75,1647.75,1652.030029296875,1633.1199951171875,1634.25,12572400
2021-09-03,1650.3299560546875,1650.3299560546875,1657.7900390625,1644.1199951171875,1654.0,13519400
2021-09-06,1648.3699951171875,1648.3699951171875,1655.0400390625,1644.56005859375,1652.3299560546875,17453600
2021-09-07,1636.449951171875,1636.449951171875,1658.0799560546875,1635.1099853515625,1653.6700439453125,17815400
2021-09-08,1640.449951171875,1640.449951171875,1641.2900390625,1627.1700439453125,1632.1800537109375,16254200
2021-09-09,1629.1199951171875,1629.1199951171875,1646.0699462890625,1626.949951171875,1637.6500244140625,15780100
2021-09-10,1635.3499755859375,1635.3499755859375,1639.6500244140625,1620.5799560546875,1633.0999755859375,13847400
2021-09-13,1633.760009765625,1633.760009765625,1642.6300048828125,1627.2900390625,1634.4300537109375,20187900
2021-09-14,1623.8399658203125,1623.8399658203125,1640.4000244140625,1621.9599609375,1639.9000244140625,13400300
2021-09-15,1628.0400390625,1628.0400390625,1630.050048828125,1620.8399658203125,1624.1700439453125,10532900
2021-09-16,1631.699951171875,1631.699951171875,1636.010009765625,1628.5699462890625,1633.280029296875,11034400
2021-09-17,1625.6500244140625,1625.6500244140625,1635.0400390625,1617.31005859375,1632.1800537109375,12874300
2021-09-20,1603.06005859375,1603.06005859375,1620.719970703125,1601.1600341796875,1617.43994140625,13860500
2021-09-21,1614.8599853515625,1614.8599853515625,1618.18994140625,1591.81005859375,1604.6400146484375,11752500
2021-09-22,1619.5899658203125,1619.5899658203125,1623.8599853515625,1611.760009765625,1614.739990234375,17194800
2021-09-23,1631.1500244140625,1631.1500244140625,1637.6500244140625,1623.0,1632.9200439453125,19815000
2021-09-27,1620.02001953125,1620.02001953125,1639.969970703125,1616.5999755859375,1637.300048828125,19432900
2021-09-28,1616.5,1616.5,1626.550048828125,1614.31005859375,1623.8800048828125,17164300
2021-09-29,1616.97998046875,1616.97998046875,1622.6199951171875,1604.4599609375,1605.18994140625,10072700
2021-09-30,1605.6800537109375,1605.6800537109375,1621.1500244140625,1601.7900390625,1616.989990234375,12339900
2021-10-01,1605.1700439453125,1605.1700439453125,1609.47998046875,1593.3199462890625,1600.5899658203125,9922700
2021-10-04,1614.47998046875,1614.47998046875,1619.6199951171875,1610.9599609375,1611.68994140625,8128400
2021-10-05,1624.239990234375,1624.239990234375,1626.43994140625,1611.4200439453125,1612.5,9875700
2021-10-06,1619.47998046875,1619.47998046875,1631.81005859375,1617.239990234375,1626.6500244140625,13212400
2021-10-07,1633.719970703125,1633.719970703125,1637.8199462890625,1624.5899658203125,1627.1500244140625,11643700
2021-10-08,1639.4100341796875,1639.4100341796875,1644.1600341796875,1635.77001953125,1641.9200439453125,11146100
2021-10-11,1633.43994140625,1633.43994140625,1646.5,1629.949951171875,1644.3800048828125,12398700
2021-10-12,1643.6400146484375,1643.6400146484375,1646.8499755859375,1637.489990234375,1644.56005859375,12331600
2021-10-14,1640.969970703125,1640.969970703125,1648.6199951171875,1637.4200439453125,1647.56005859375,12034900
2021-10-15,1638.3399658203125,1638.3399658203125,1651.4100341796875,1635.1400146484375,1646.3499755859375,12657900
2021-10-18,1643.9200439453125,1643.9200439453125,1648.0,1639.9200439453125,1641.969970703125,11244300
2021-10-19,1630.3900146484375,1630.3900146484375,1649.6600341796875,1627.1199951171875,1648.47998046875,12565000
2021-10-20,1637.550048828125,1637.550048828125,1639.4100341796875,1632.6199951171875,1633.8800048828125,10783400
2021-10-21,1643.4200439453125,1643.4200439453125,1646.5,1639.1600341796875,1644.3900146484375,10961000
2021-10-25,1634.199951171875,1634.199951171875,1645.9100341796875,1631.2900390625,1645.0,8411800
2021-10-26,1635.969970703125,1635.969970703125,1639.9300537109375,1627.6800537109375,1635.6099853515625,8972800
2021-10-27,1627.6099853515625,1627.6099853515625,1635.6800537109375,1626.56005859375,1632.43994140625,11390900
2021-10-28,1624.31005859375,1624.31005859375,1632.300048828125,1622.56005859375,1626.06005859375,8545900
2021-10-29,1623.4300537109375,1623.4300537109375,1629.25,1619.1400146484375,1626.27001953125,7225100
2021-11-01,1613.780029296875,1613.780029296875,1632.72998046875,1611.3900146484375,1627.5899658203125,6953100
2021-11-02,1617.8900146484375,1617.8900146484375,1621.68994140625,1608.6400146484375,1616.739990234375,7273500
2021-11-03,1611.9200439453125,1611.9200439453125,1623.0799560546875,1607.719970703125,1620.52001953125,9541300
2021-11-04,1626.27001953125,1626.27001953125,1627.5699462890625,1607.72998046875,1613.449951171875,5774100
2021-11-05,1626.219970703125,1626.219970703125,1628.5999755859375,1619.6199951171875,1627.449951171875,4930000
2021-11-08,1626.1300048828125,1626.1300048828125,1635.6199951171875,1621.3499755859375,1631.3399658203125,7402800
2021-11-09,1631.68994140625,1631.68994140625,1633.760009765625,1623.6400146484375,1626.800048828125,6473800
2021-11-10,1630.469970703125,1630.469970703125,1633.4300537109375,1625.1300048828125,1627.6700439453125,6404800
2021-11-11,1632.43994140625,1632.43994140625,1634.43994140625,1626.800048828125,1629.280029296875,6530000
2021-11-12,1633.93994140625,1633.93994140625,1640.6600341796875,1632.8800048828125,1636.6300048828125,7900600
2021-11-15,1638.72998046875,1638.72998046875,1642.5999755859375,1635.219970703125,1636.4100341796875,7931700
2021-11-16,1644.010009765625,1644.010009765625,1648.4300537109375,1639.0799560546875,1642.050048828125,8418000
2021-11-17,1644.5999755859375,1644.5999755859375,1651.510009765625,1642.3599853515625,1646.8599853515625,8903400
2021-11-18,1651.02001953125,1651.02001953125,1653.6800537109375,1642.5,1643.3900146484375,9742000
2021-11-19,1645.06005859375,1645.06005859375,1656.27001953125,1641.52001953125,1653.3599853515625,16123800
2021-11-22,1649.5400390625,1649.5400390625,1653.3299560546875,1645.0899658203125,1648.1400146484375,10949800
2021-11-23,1646.4200439453125,1646.4200439453125,1654.489990234375,1644.02001953125,1652.6199951171875,10390300
2021-11-24,1649.8199462890625,1649.8199462890625,1658.5999755859375,1647.9000244140625,1650.5400390625,10532600
2021-11-25,1648.4599609375,1648.4599609375,1656.4599609375,1644.8699951171875,1654.93994140625,8606300
2021-11-26,1610.6099853515625,1610.6099853515625,1640.9100341796875,1608.550048828125,1639.5400390625,14088200
2021-11-29,1589.68994140625,1589.68994140625,1617.550048828125,1587.780029296875,1608.010009765625,9665600
2021-11-30,1568.68994140625,1568.68994140625,1612.0999755859375,1565.949951171875,1601.52001953125,12215600
2021-12-01,1590.81005859375,1590.81005859375,1591.8599853515625,1563.0400390625,1576.260009765625,8240400
2021-12-02,1591.8399658203125,1591.8399658203125,1592.0,1580.0799560546875,1583.3800048828125,7972200
2021-12-03,1588.18994140625,1588.18994140625,1597.25,1587.530029296875,1593.0799560546875,7998100
2021-12-07,1609.280029296875,1609.280029296875,1611.5799560546875,1595.1400146484375,1600.1700439453125,8871400
2021-12-08,1618.3599853515625,1618.3599853515625,1621.2099609375,1610.300048828125,1617.0899658203125,9884100
2021-12-09,1618.22998046875,1618.22998046875,1623.8199462890625,1612.5699462890625,1621.6300048828125,10130200
2021-12-13,1625.8299560546875,1625.8299560546875,1628.9300537109375,1618.5699462890625,1626.260009765625,10397200
2021-12-14,1630.6400146484375,1630.6400146484375,1630.9300537109375,1616.510009765625,1619.68994140625,9946600
2021-12-15,1623.6600341796875,1623.6600341796875,1630.8900146484375,1622.489990234375,1628.010009765625,10625900
2021-12-16,1645.3199462890625,1645.3199462890625,1645.43994140625,1624.31005859375,1629.47998046875,10346700
2021-12-17,1641.72998046875,1641.72998046875,1646.8499755859375,1637.0899658203125,1644.0999755859375,9972400
2021-12-20,1615.800048828125,1615.800048828125,1633.800048828125,1612.9599609375,1631.219970703125,9202600
2021-12-21,1622.25,1622.25,1628.8399658203125,1618.5699462890625,1623.199951171875,12577800
2021-12-22,1626.7900390625,1626.7900390625,1632.3299560546875,1624.77001953125,1628.4200439453125,6893000
2021-12-23,1641.469970703125,1641.469970703125,1645.7099609375,1632.9000244140625,1633.199951171875,7344600
2021-12-24,1637.219970703125,1637.219970703125,1644.1199951171875,1635.18994140625,1642.6400146484375,7129300
2021-12-27,1636.5,1636.5,1642.4200439453125,1632.7900390625,1641.280029296875,6564300
2021-12-28,1641.52001953125,1641.52001953125,1650.280029296875,1640.6099853515625,1640.969970703125,8423900
2021-12-29,1653.3299560546875,1653.3299560546875,1654.97998046875,1641.75,1643.4300537109375,7430100
2021-12-30,1657.6199951171875,1657.6199951171875,1660.8499755859375,1652.3699951171875,1657.2900390625,6530800
2022-01-04,1670.280029296875,1670.280029296875,1674.18994140625,1663.5,1664.510009765625,9290800
2022-01-05,1676.7900390625,1676.7900390625,1677.949951171875,1670.5899658203125,1672.8900146484375,9828200
2022-01-06,1653.030029296875,1653.030029296875,1666.219970703125,1653.030029296875,1663.5899658203125,11581600
2022-01-07,1657.6199951171875,1657.6199951171875,1662.4200439453125,1650.530029296875,1659.1500244140625,10326200
2022-01-10,1657.06005859375,1657.06005859375,1664.22998046875,1654.050048828125,1661.5,10171700
2022-01-11,1667.1199951171875,1667.1199951171875,1667.699951171875,1659.0,1659.3299560546875,12100100
2022-01-12,1678.5,1678.5,1680.8499755859375,1673.0,1676.030029296875,13461700
2022-01-13,1680.02001953125,1680.02001953125,1682.7099609375,1675.739990234375,1680.8299560546875,15930700
2022-01-14,1672.6300048828125,1672.6300048828125,1680.02001953125,1670.699951171875,1676.5799560546875,16685400
2022-01-17,1676.8699951171875,1676.8699951171875,1680.3900146484375,1672.9300537109375,1675.81005859375,12545300
2022-01-18,1660.27001953125,1660.27001953125,1682.9300537109375,1660.1500244140625,1680.280029296875,16066500
2022-01-19,1658.239990234375,1658.239990234375,1667.43994140625,1653.3800048828125,1658.8599853515625,13832500
2022-01-20,1656.9599609375,1656.9599609375,1666.5999755859375,1656.469970703125,1663.31005859375,12022700
2022-01-21,1652.72998046875,1652.72998046875,1655.4200439453125,1641.8599853515625,1651.2099609375,11896700
2022-01-24,1640.5400390625,1640.5400390625,1654.989990234375,1639.1400146484375,1650.3399658203125,11219400
2022-01-25,1639.0899658203125,1639.0899658203125,1641.6800537109375,1624.2900390625,1636.3299560546875,11009600
2022-01-26,1643.43994140625,1643.43994140625,1649.8199462890625,1642.0699462890625,1645.489990234375,9852700
2022-01-27,1634.1700439453125,1634.1700439453125,1635.1400146484375,1617.8699951171875,1633.780029296875,11055300
2022-01-28,1639.510009765625,1639.510009765625,1646.47998046875,1636.699951171875,1637.8199462890625,7052200
2022-01-31,1648.81005859375,1648.81005859375,1655.47998046875,1646.8800048828125,1647.6800537109375,6870800
2022-02-01,1661.75,1661.75,1663.760009765625,1658.260009765625,1659.4300537109375,6160400
2022-02-02,1667.75,1667.75,1669.5,1658.5799560546875,1665.800048828125,6474400
2022-02-03,1669.050048828125,1669.050048828125,1673.75,1664.0899658203125,1664.6300048828125,9487300
2022-02-04,1674.219970703125,1674.219970703125,1678.719970703125,1672.3900146484375,1672.9000244140625,7177400
2022-02-07,1677.239990234375,1677.239990234375,1681.1700439453125,1667.2900390625,1679.0799560546875,0
2022-02-08,1684.22998046875,1684.22998046875,1685.1400146484375,1677.47998046875,1680.6099853515625,7841100
2022-02-09,1703.1600341796875,1703.1600341796875,1708.030029296875,1688.949951171875,1689.52001953125,10694300
2022-02-10,1703.0,1703.0,1707.43994140625,1696.72998046875,1705.72998046875,10006800
2022-02-11,1699.199951171875,1699.199951171875,1703.949951171875,1690.68994140625,1694.7099609375,8260100
2022-02-14,1684.68994140625,1684.68994140625,1694.18994140625,1680.8299560546875,1692.8900146484375,11234800
2022-02-15,1701.449951171875,1701.449951171875,1702.739990234375,1687.1800537109375,1688.6700439453125,9237600
2022-02-17,1711.5799560546875,1711.5799560546875,1718.550048828125,1708.4300537109375,1709.5,8533500
2022-02-18,1713.199951171875,1713.199951171875,1716.1400146484375,1703.5999755859375,1709.030029296875,10592600
2022-02-21,1694.3199462890625,1694.3199462890625,1713.8699951171875,1692.1300048828125,1712.949951171875,9978900
2022-02-22,1691.1199951171875,1691.1199951171875,1691.6199951171875,1673.31005859375,1681.239990234375,8630600
2022-02-23,1696.449951171875,1696.449951171875,1700.3499755859375,1686.0899658203125,1694.0699462890625,10054000
2022-02-24,1662.719970703125,1662.719970703125,1690.5,1656.6199951171875,1683.9200439453125,12489700
2022-02-25,1679.9000244140625,1679.9000244140625,1684.5,1670.1300048828125,1676.1199951171875,7614200
2022-02-28,1685.1800537109375,1685.1800537109375,1690.6099853515625,1668.050048828125,1678.050048828125,7588100
2022-03-01,1694.280029296875,1694.280029296875,1701.68994140625,1690.8199462890625,1694.949951171875,7949600
2022-03-02,1689.81005859375,1689.81005859375,1699.5799560546875,1684.530029296875,1694.6400146484375,7968200
2022-03-03,1696.0799560546875,1696.0799560546875,1705.5,1691.199951171875,1701.260009765625,7763900
2022-03-04,1671.719970703125,1671.719970703125,1689.8900146484375,1671.699951171875,1687.989990234375,10830200
2022-03-07,1626.699951171875,1626.699951171875,1655.18994140625,1616.0799560546875,1654.4300537109375,11939100
2022-03-08,1619.0999755859375,1619.0999755859375,1633.5,1580.800048828125,1622.030029296875,14194400
2022-03-09,1643.6400146484375,1643.6400146484375,1643.8699951171875,1610.3399658203125,1626.719970703125,10990700
2022-03-10,1647.0799560546875,1647.0799560546875,1659.2900390625,1643.3900146484375,1652.989990234375,10038000
2022-03-11,1658.010009765625,1658.010009765625,1659.6700439453125,1637.9300537109375,1642.27001953125,10267300
2022-03-14,1660.1500244140625,1660.1500244140625,1662.6600341796875,1651.9000244140625,1656.3599853515625,7698000
2022-03-15,1644.3599853515625,1644.3599853515625,1663.3199462890625,1639.9000244140625,1656.780029296875,8493900
2022-03-16,1667.9200439453125,1667.9200439453125,1668.949951171875,1653.8699951171875,1655.010009765625,6360200
2022-03-17,1681.760009765625,1681.760009765625,1686.449951171875,1677.18994140625,1679.27001953125,7930900
2022-03-18,1678.510009765625,1678.510009765625,1685.6800537109375,1677.1600341796875,1684.1199951171875,7508200
2022-03-21,1673.8699951171875,1673.8699951171875,1685.780029296875,1671.0799560546875,1683.68994140625,6833200
2022-03-22,1677.8699951171875,1677.8699951171875,1680.0,1670.550048828125,1672.989990234375,6708400
2022-03-23,1677.949951171875,1677.949951171875,1686.1400146484375,1676.8800048828125,1684.030029296875,6830500
2022-03-24,1680.8900146484375,1680.8900146484375,1685.1199951171875,1675.18994140625,1677.52001953125,6238100
2022-03-25,1676.800048828125,1676.800048828125,1685.4100341796875,1674.1199951171875,1683.6700439453125,6556600
2022-03-28,1684.300048828125,1684.300048828125,1687.199951171875,1676.75,1678.1300048828125,5591600
2022-03-29,1689.739990234375,1689.739990234375,1692.9000244140625,1686.8399658203125,1688.52001953125,7110900
2022-03-30,1698.4000244140625,1698.4000244140625,1702.6700439453125,1692.72998046875,1694.8399658203125,8530000
2022-03-31,1695.239990234375,1695.239990234375,1701.949951171875,1693.1600341796875,1698.800048828125,8493900
2022-04-01,1701.31005859375,1701.31005859375,1701.989990234375,1690.699951171875,1693.6700439453125,7818900
2022-04-04,1702.9300537109375,1702.9300537109375,1706.77001953125,1699.8199462890625,1704.6400146484375,6906100
2022-04-05,1701.1800537109375,1701.1800537109375,1708.8900146484375,1698.3299560546875,1705.8599853515625,6493000
2022-04-07,1682.4100341796875,1682.4100341796875,1694.22998046875,1674.81005859375,1693.4599609375,8524400
2022-04-08,1686.0,1686.0,1690.5799560546875,1678.0699462890625,1684.6600341796875,5788100
2022-04-11,1678.4599609375,1678.4599609375,1685.949951171875,1675.949951171875,1683.449951171875,6022800
2022-04-12,1674.3399658203125,1674.3399658203125,1678.43994140625,1669.3599853515625,1673.719970703125,4331900
2022-04-18,1668.06005859375,1668.06005859375,1675.949951171875,1665.25,1669.0899658203125,5437700
2022-04-19,1675.6199951171875,1675.6199951171875,1681.75,1673.9100341796875,1675.260009765625,6926000
2022-04-20,1680.3499755859375,1680.3499755859375,1685.9000244140625,1675.5799560546875,1678.5,6160600
2022-04-21,1690.550048828125,1690.550048828125,1693.969970703125,1682.6500244140625,1686.31005859375,6054700
2022-04-22,1690.5899658203125,1690.5899658203125,1690.5899658203125,1680.8599853515625,1686.260009765625,7478300
2022-04-25,1675.3299560546875,1675.3299560546875,1683.06005859375,1672.989990234375,1677.550048828125,6904400
2022-04-26,1668.969970703125,1668.969970703125,1685.4200439453125,1668.760009765625,1681.739990234375,9374000
2022-04-27,1661.8900146484375,1661.8900146484375,1670.219970703125,1655.25,1667.449951171875,7155900
2022-04-28,1667.739990234375,1667.739990234375,1669.0400390625,1658.469970703125,1663.1400146484375,22400
2022-04-29,1667.43994140625,1667.43994140625,1673.5400390625,1666.8399658203125,1667.81005859375,5194300
2022-05-03,1652.2900390625,1652.2900390625,1668.5400390625,1649.5,1667.4100341796875,5905500
2022-05-05,1643.300048828125,1643.300048828125,1667.1199951171875,1643.1700439453125,1663.25,5954300
2022-05-06,1629.5799560546875,1629.5799560546875,1634.6500244140625,1617.93994140625,1626.0799560546875,5542000
2022-05-09,1604.489990234375,1604.489990234375,1624.260009765625,1604.06005859375,1623.7099609375,6539000
2022-05-10,1622.780029296875,1622.780029296875,1622.8199462890625,1592.6400146484375,1599.97998046875,6227300
2022-05-11,1613.3399658203125,1613.3399658203125,1622.699951171875,1604.300048828125,1621.3499755859375,5593800
2022-05-12,1584.52001953125,1584.52001953125,1607.8800048828125,1580.0999755859375,1607.280029296875,6953400
2022-05-13,1584.3800048828125,1584.3800048828125,1597.5799560546875,1578.1099853515625,1592.469970703125,6016000
2022-05-17,1614.489990234375,1614.489990234375,1615.47998046875,1590.9599609375,1595.5999755859375,5738200
2022-05-18,1620.3299560546875,1620.3299560546875,1622.1700439453125,1607.31005859375,1617.699951171875,4932700
2022-05-19,1605.97998046875,1605.97998046875,1611.6700439453125,1592.0999755859375,1595.4300537109375,5626100
2022-05-20,1622.949951171875,1622.949951171875,1626.1600341796875,1616.4599609375,1618.9200439453125,5152700
2022-05-23,1635.280029296875,1635.280029296875,1635.3499755859375,1623.5999755859375,1627.7099609375,4822100
2022-05-24,1626.22998046875,1626.22998046875,1636.969970703125,1625.9300537109375,1636.1199951171875,5386600
2022-05-25,1625.1800537109375,1625.1800537109375,1640.68994140625,1624.030029296875,1632.1199951171875,5428600
2022-05-26,1633.72998046875,1633.72998046875,1636.02001953125,1629.31005859375,1630.530029296875,5151400
2022-05-27,1638.75,1638.75,1646.3699951171875,1632.6600341796875,1643.1800537109375,7442300
2022-05-30,1653.6099853515625,1653.6099853515625,1656.5400390625,1646.949951171875,1649.510009765625,5228500
2022-05-31,1663.4100341796875,1663.4100341796875,1663.52001953125,1649.5999755859375,1654.27001953125,5839900
2022-06-01,1660.010009765625,1660.010009765625,1664.9000244140625,1655.800048828125,1662.3199462890625,5487300
2022-06-02,1647.6700439453125,1647.6700439453125,1658.050048828125,1645.8900146484375,1657.010009765625,5051800
2022-06-06,1646.0799560546875,1646.0799560546875,1652.1099853515625,1636.0799560546875,1650.4100341796875,5016800
2022-06-07,1631.9200439453125,1631.9200439453125,1645.4100341796875,1630.3699951171875,1644.219970703125,5820300
2022-06-08,1636.8900146484375,1636.8900146484375,1641.0799560546875,1631.1199951171875,1639.0999755859375,4809600
2022-06-09,1641.3399658203125,1641.3399658203125,1646.43994140625,1636.199951171875,1637.530029296875,5699800
2022-06-10,1632.6199951171875,1632.6199951171875,1640.8599853515625,1631.4300537109375,1637.3599853515625,4738700
2022-06-13,1600.06005859375,1600.06005859375,1616.31005859375,1599.3399658203125,1611.8399658203125,5915700
2022-06-14,1603.030029296875,1603.030029296875,1605.530029296875,1590.75,1597.1700439453125,4565900
2022-06-15,1593.5400390625,1593.5400390625,1606.31005859375,1589.280029296875,1605.5400390625,5838700
2022-06-16,1561.0999755859375,1561.0999755859375,1607.18994140625,1560.93994140625,1604.72998046875,8281400
2022-06-17,1559.3900146484375,1559.3900146484375,1567.8199462890625,1544.260009765625,1553.0699462890625,7250900
2022-06-20,1559.2099609375,1559.2099609375,1563.969970703125,1549.97998046875,1554.8399658203125,4446100
2022-06-21,1574.52001953125,1574.52001953125,1576.050048828125,1563.1400146484375,1568.6300048828125,4498400
2022-06-22,1560.02001953125,1560.02001953125,1572.6600341796875,1551.4200439453125,1571.3499755859375,5763400
2022-06-23,1557.6099853515625,1557.6099853515625,1565.530029296875,1555.52001953125,1564.2099609375,5190800
2022-06-24,1568.760009765625,1568.760009765625,1570.6199951171875,1559.739990234375,1567.1400146484375,4141000
2022-06-27,1580.199951171875,1580.199951171875,1584.050048828125,1575.2900390625,1577.8900146484375,4381900
2022-06-28,1594.469970703125,1594.469970703125,1596.27001953125,1576.75,1580.6800537109375,4839000
2022-06-29,1586.1800537109375,1586.1800537109375,1590.050048828125,1582.52001953125,1588.030029296875,4404200
2022-06-30,1568.3299560546875,1568.3299560546875,1591.22998046875,1564.8199462890625,1587.8199462890625,5881000
2022-07-01,1572.6700439453125,1572.6700439453125,1575.77001953125,1563.3900146484375,1571.18994140625,3630400
2022-07-04,1560.27001953125,1560.27001953125,1577.0999755859375,1559.6400146484375,1575.030029296875,5204800
2022-07-05,1541.300048828125,1541.300048828125,1569.9599609375,1539.3199462890625,1566.510009765625,6957500
2022-07-06,1541.7900390625,1541.7900390625,1546.8399658203125,1530.4300537109375,1539.6500244140625,6476900
2022-07-07,1562.3699951171875,1562.3699951171875,1563.6500244140625,1542.75,1545.3299560546875,4284400
2022-07-08,1557.8699951171875,1557.8699951171875,1569.47998046875,1554.260009765625,1568.5999755859375,3680700
2022-07-11,1557.4000244140625,1557.4000244140625,1560.010009765625,1548.8699951171875,1556.010009765625,3072000
2022-07-12,1546.800048828125,1546.800048828125,1556.9000244140625,1542.949951171875,1553.8299560546875,3146700
2022-07-14,1536.8199462890625,1536.8199462890625,1550.3299560546875,1532.0799560546875,1543.4000244140625,3796500
2022-07-15,1533.3699951171875,1533.3699951171875,1539.9599609375,1517.510009765625,1538.760009765625,4183200
2022-07-18,1544.81005859375,1544.81005859375,1546.2900390625,1535.81005859375,1539.1300048828125,3090700
2022-07-19,1533.4300537109375,1533.4300537109375,1541.550048828125,1520.77001953125,1540.4200439453125,3498600
2022-07-20,1539.3199462890625,1539.3199462890625,1545.25,1535.52001953125,1542.5899658203125,3306800
2022-07-21,1546.31005859375,1546.31005859375,1547.8299560546875,1535.510009765625,1538.4000244140625,3678100
2022-07-22,1552.72998046875,1552.72998046875,1556.260009765625,1541.969970703125,1551.199951171875,5006700
2022-07-25,1560.31005859375,1560.31005859375,1563.27001953125,1548.0999755859375,1553.699951171875,4096100
2022-07-26,1553.1800537109375,1553.1800537109375,1563.8399658203125,1551.9599609375,1563.1600341796875,3626600
2022-07-27,1576.4100341796875,1576.4100341796875,1576.780029296875,1555.6400146484375,1557.1099853515625,3681900
2022-08-01,1593.239990234375,1593.239990234375,1596.6600341796875,1581.22998046875,1584.9300537109375,4578100
2022-08-02,1589.1600341796875,1589.1600341796875,1598.5400390625,1585.7099609375,1588.760009765625,3867600
2022-08-03,1594.72998046875,1594.72998046875,1597.739990234375,1586.489990234375,1590.52001953125,3833300
2022-08-04,1598.75,1598.75,1604.8499755859375,1592.280029296875,1599.9599609375,3898400
2022-08-05,1601.0899658203125,1601.0899658203125,1603.8599853515625,1595.8900146484375,1602.0400390625,3712300
2022-08-08,1608.8699951171875,1608.8699951171875,1608.8800048828125,1589.6199951171875,1602.81005859375,3913100
2022-08-09,1618.800048828125,1618.800048828125,1620.97998046875,1606.47998046875,1608.9599609375,3708900
2022-08-10,1617.2099609375,1617.2099609375,1618.0699462890625,1606.0899658203125,1616.4000244140625,4104300
2022-08-11,1622.260009765625,1622.260009765625,1626.280029296875,1612.6099853515625,1624.75,4612400
2022-08-15,1625.25,1625.25,1630.1199951171875,1617.0,1621.199951171875,4624500
2022-08-16,1629.949951171875,1629.949951171875,1632.8599853515625,1624.9200439453125,1629.43994140625,4761400
2022-08-17,1639.719970703125,1639.719970703125,1642.1700439453125,1632.260009765625,1633.6500244140625,4680100
2022-08-18,1636.0699462890625,1636.0699462890625,1641.31005859375,1630.989990234375,1638.739990234375,4382800
2022-08-19,1625.9200439453125,1625.9200439453125,1638.75,1623.68994140625,1635.3499755859375,5522900
2022-08-22,1615.8199462890625,1615.8199462890625,1628.510009765625,1612.4100341796875,1623.719970703125,4363300
2022-08-23,1633.5699462890625,1633.5699462890625,1635.780029296875,1609.81005859375,1613.199951171875,4855000
2022-08-24,1631.550048828125,1631.550048828125,1638.75,1624.5999755859375,1632.969970703125,5773200
2022-08-25,1643.52001953125,1643.52001953125,1646.550048828125,1636.9100341796875,1638.510009765625,4883900
2022-08-26,1644.780029296875,1644.780029296875,1650.7099609375,1639.0400390625,1646.1800537109375,4831300
2022-08-29,1626.52001953125,1626.52001953125,1634.6300048828125,1619.5799560546875,1622.4300537109375,4873200
2022-08-30,1639.449951171875,1639.449951171875,1641.510009765625,1627.7099609375,1631.1700439453125,4599700
2022-08-31,1638.9300537109375,1638.9300537109375,1644.0899658203125,1630.010009765625,1632.9200439453125,5733600
2022-09-01,1621.949951171875,1621.949951171875,1640.6500244140625,1617.75,1636.52001953125,5228000
2022-09-02,1622.1500244140625,1622.1500244140625,1626.47998046875,1611.18994140625,1622.8599853515625,4876600
2022-09-05,1622.0,1622.0,1622.719970703125,1611.8599853515625,1622.3800048828125,4289900
2022-09-06,1633.8699951171875,1633.8699951171875,1636.699951171875,1624.9200439453125,1626.6199951171875,4996200
2022-09-07,1639.9200439453125,1639.9200439453125,1641.25,1628.800048828125,1631.489990234375,5313700
2022-09-08,1640.0,1640.0,1649.1700439453125,1636.3299560546875,1645.75,5230100
2022-09-09,1654.6199951171875,1654.6199951171875,1658.9599609375,1641.8199462890625,1646.6400146484375,5128200
2022-09-12,1665.739990234375,1665.739990234375,1672.6400146484375,1660.8299560546875,1661.3900146484375,5641000
2022-09-13,1661.0899658203125,1661.0899658203125,1671.18994140625,1660.81005859375,1669.5799560546875,6206500
2022-09-14,1656.5799560546875,1656.5799560546875,1660.4200439453125,1642.530029296875,1643.3900146484375,5617800
2022-09-15,1642.3299560546875,1642.3299560546875,1661.0400390625,1642.0699462890625,1660.1400146484375,5684500
2022-09-16,1630.4000244140625,1630.4000244140625,1642.72998046875,1629.31005859375,1639.1500244140625,6688700
2022-09-19,1631.5699462890625,1631.5699462890625,1638.6800537109375,1628.9599609375,1632.6099853515625,4697900
2022-09-20,1638.5899658203125,1638.5899658203125,1645.1500244140625,1636.199951171875,1640.6199951171875,5097900
2022-09-21,1633.449951171875,1633.449951171875,1642.8199462890625,1633.4100341796875,1640.5,5406700
2022-09-22,1645.2900390625,1645.2900390625,1649.2900390625,1627.3399658203125,1631.010009765625,4711900
2022-09-23,1631.7099609375,1631.7099609375,1647.3399658203125,1631.5,1646.02001953125,4676200
2022-09-26,1621.25,1621.25,1627.949951171875,1615.3199462890625,1626.6099853515625,5794600
2022-09-27,1610.5799560546875,1610.5799560546875,1627.300048828125,1610.3199462890625,1622.739990234375,8565000
2022-09-28,1599.22998046875,1599.22998046875,1606.22998046875,1595.760009765625,1600.93994140625,4992600
2022-09-29,1592.3699951171875,1592.3699951171875,1617.22998046875,1589.7900390625,1607.8399658203125,5451700
2022-09-30,1589.510009765625,1589.510009765625,1597.43994140625,1584.219970703125,1589.97998046875,5168400
2022-10-03,1558.050048828125,1558.050048828125,1592.719970703125,1556.72998046875,1586.510009765625,5746000
2022-10-04,1578.0,1578.0,1584.5699462890625,1567.47998046875,1576.9300537109375,4765000
2022-10-05,1580.27001953125,1580.27001953125,1590.3399658203125,1576.7099609375,1586.5799560546875,4387200
2022-10-06,1589.1800537109375,1589.1800537109375,1597.800048828125,1586.1600341796875,1586.3599853515625,4081600
2022-10-07,1579.6600341796875,1579.6600341796875,1592.1199951171875,1572.52001953125,1590.3599853515625,3792700
2022-10-10,1570.5699462890625,1570.5699462890625,1573.4100341796875,1562.3499755859375,1570.3800048828125,4235100
2022-10-11,1562.6800537109375,1562.6800537109375,1569.1300048828125,1559.219970703125,1567.3699951171875,4250800
2022-10-12,1560.780029296875,1560.780029296875,1567.030029296875,1557.739990234375,1564.4200439453125,4309000
2022-10-17,1571.4000244140625,1571.4000244140625,1573.6700439453125,1553.800048828125,1563.050048828125,4134100
2022-10-18,1590.3599853515625,1590.3599853515625,1594.6800537109375,1576.6199951171875,1577.75,4494600
2022-10-19,1588.719970703125,1588.719970703125,1596.030029296875,1583.81005859375,1592.6199951171875,3222300
2022-10-20,1592.72998046875,1592.72998046875,1595.5699462890625,1579.780029296875,1585.1199951171875,4718500
2022-10-21,1591.3199462890625,1591.3199462890625,1597.9300537109375,1588.010009765625,1592.719970703125,4168200
2022-10-25,1600.6600341796875,1600.6600341796875,1602.8800048828125,1593.6800537109375,1598.2900390625,4385200
2022-10-26,1596.4599609375,1596.4599609375,1604.989990234375,1593.7900390625,1602.6199951171875,5328100
2022-10-27,1602.3299560546875,1602.3299560546875,1605.760009765625,1592.489990234375,1600.4000244140625,4929600
2022-10-28,1606.0699462890625,1606.0699462890625,1607.75,1598.1800537109375,1603.43994140625,4858300
2022-10-31,1608.760009765625,1608.760009765625,1619.0799560546875,1605.760009765625,1614.6600341796875,4453500
2022-11-01,1625.72998046875,1625.72998046875,1628.2900390625,1613.9599609375,1614.22998046875,5365100
2022-11-02,1625.02001953125,1625.02001953125,1630.56005859375,1622.300048828125,1627.9200439453125,5911100
2022-11-03,1625.6199951171875,1625.6199951171875,1628.780029296875,1619.989990234375,1621.8699951171875,4483800
2022-11-04,1626.3199462890625,1626.3199462890625,1635.9300537109375,1626.18994140625,1628.1300048828125,4271600
2022-11-07,1623.5699462890625,1623.5699462890625,1634.6500244140625,1621.0999755859375,1632.18994140625,4194200
2022-11-08,1632.6099853515625,1632.6099853515625,1635.8699951171875,1627.9300537109375,1628.18994140625,4502900
2022-11-09,1622.449951171875,1622.449951171875,1635.3699951171875,1619.68994140625,1633.5799560546875,4479200
2022-11-10,1619.22998046875,1619.22998046875,1623.969970703125,1611.1700439453125,1614.010009765625,4856500
2022-11-11,1637.2900390625,1637.2900390625,1640.030029296875,1629.5699462890625,1635.3599853515625,5474300
2022-11-14,1623.3800048828125,1623.3800048828125,1633.760009765625,1618.280029296875,1630.4599609375,5123700
2022-11-15,1629.3800048828125,1629.3800048828125,1632.4200439453125,1623.3299560546875,1625.5799560546875,4522700
2022-11-16,1619.97998046875,1619.97998046875,1629.06005859375,1616.8199462890625,1628.739990234375,4435900
2022-11-17,1614.949951171875,1614.949951171875,1619.050048828125,1611.280029296875,1617.6500244140625,3478400
2022-11-18,1617.3800048828125,1617.3800048828125,1622.030029296875,1610.75,1615.5799560546875,3822000
2022-11-21,1618.8599853515625,1618.8599853515625,1623.300048828125,1611.449951171875,1613.4300537109375,4461000
2022-11-22,1615.3299560546875,1615.3299560546875,1629.219970703125,1612.25,1620.3399658203125,4566600
2022-11-23,1624.4000244140625,1624.4000244140625,1626.219970703125,1617.56005859375,1619.8699951171875,4875600
2022-11-24,1624.9599609375,1624.9599609375,1630.0799560546875,1621.5699462890625,1628.7900390625,4167000
2022-11-25,1620.8399658203125,1620.8399658203125,1622.8900146484375,1615.949951171875,1622.3900146484375,3252800
2022-11-28,1616.9100341796875,1616.9100341796875,1620.780029296875,1612.56005859375,1616.4300537109375,13000300
2022-11-29,1624.3900146484375,1624.3900146484375,1625.6700439453125,1613.8699951171875,1619.22998046875,3976500
2022-11-30,1635.3599853515625,1635.3599853515625,1636.0799560546875,1622.239990234375,1626.1400146484375,4983900
2022-12-01,1648.43994140625,1648.43994140625,1651.760009765625,1639.02001953125,1642.1600341796875,5887500
2022-12-02,1641.6300048828125,1641.6300048828125,1651.18994140625,1639.1300048828125,1649.7900390625,4079000
2022-12-06,1632.969970703125,1632.969970703125,1640.8699951171875,1628.6600341796875,1639.25,4746000
2022-12-07,1622.280029296875,1622.280029296875,1636.1500244140625,1621.010009765625,1632.199951171875,4458100
2022-12-08,1620.489990234375,1620.489990234375,1625.9000244140625,1615.06005859375,1624.2900390625,3849800
2022-12-09,1623.1300048828125,1623.1300048828125,1629.9300537109375,1618.1300048828125,1621.969970703125,3281100
2022-12-13,1625.9100341796875,1625.9100341796875,1633.0699462890625,1621.4100341796875,1629.8299560546875,4968900
2022-12-14,1633.3599853515625,1633.3599853515625,1638.8800048828125,1628.1700439453125,1630.489990234375,4761200
2022-12-15,1620.280029296875,1620.280029296875,1634.02001953125,1616.989990234375,1632.6400146484375,5614400
2022-12-16,1619.010009765625,1619.010009765625,1620.43994140625,1612.02001953125,1615.550048828125,5454700
2022-12-19,1618.199951171875,1618.199951171875,1624.3399658203125,1613.93994140625,1619.030029296875,4185500
2022-12-20,1604.43994140625,1604.43994140625,1621.5400390625,1597.030029296875,1619.719970703125,5529500
2022-12-21,1609.93994140625,1609.93994140625,1612.6099853515625,1605.2900390625,1611.260009765625,3608600
2022-12-22,1616.6700439453125,1616.6700439453125,1618.8599853515625,1611.81005859375,1614.530029296875,2857800
2022-12-23,1617.550048828125,1617.550048828125,1619.3199462890625,1609.8199462890625,1611.9200439453125,3223500
2022-12-26,1626.800048828125,1626.800048828125,1629.260009765625,1619.68994140625,1620.68994140625,2656700
2022-12-27,1643.1600341796875,1643.1600341796875,1645.760009765625,1631.1400146484375,1632.06005859375,4015200
2022-12-28,1647.280029296875,1647.280029296875,1649.4200439453125,1641.5400390625,1644.0,3836100
2022-12-29,1661.199951171875,1661.199951171875,1662.0699462890625,1642.47998046875,1644.72998046875,3567500
2022-12-30,1668.6600341796875,1668.6600341796875,1678.1700439453125,1661.47998046875,1662.6500244140625,4527700
2023-01-03,1678.969970703125,1678.969970703125,1683.3800048828125,1673.2900390625,1675.699951171875,4618100
2023-01-04,1673.25,1673.25,1685.1099853515625,1668.0699462890625,1680.0699462890625,5777500
2023-01-05,1663.8599853515625,1663.8599853515625,1676.8199462890625,1659.9000244140625,1674.81005859375,6321200
2023-01-06,1673.8599853515625,1673.8599853515625,1677.7900390625,1665.489990234375,1667.1400146484375,4912600
2023-01-09,1691.1199951171875,1691.1199951171875,1693.4200439453125,1684.9000244140625,1685.300048828125,4677700
2023-01-10,1691.4100341796875,1691.4100341796875,1695.530029296875,1684.9000244140625,1694.1700439453125,5305200
2023-01-11,1685.75,1685.75,1695.1300048828125,1681.8800048828125,1693.219970703125,4781800
2023-01-12,1687.449951171875,1687.449951171875,1690.3199462890625,1679.989990234375,1688.3399658203125,4943300
2023-01-13,1681.72998046875,1681.72998046875,1695.989990234375,1673.9200439453125,1691.52001953125,5770600
2023-01-16,1684.8599853515625,1684.8599853515625,1691.3499755859375,1679.989990234375,1686.3499755859375,4457100
2023-01-17,1681.0400390625,1681.0400390625,1688.56005859375,1679.199951171875,1686.0899658203125,4216500
2023-01-18,1685.43994140625,1685.43994140625,1689.4100341796875,1679.1500244140625,1682.0400390625,4130300
2023-01-19,1688.47998046875,1688.47998046875,1690.68994140625,1681.719970703125,1682.1300048828125,4050400
2023-01-20,1677.25,1677.25,1688.5899658203125,1672.489990234375,1687.4200439453125,5394100
2023-01-23,1684.0400390625,1684.0400390625,1689.52001953125,1677.52001953125,1681.3299560546875,4418700
2023-01-24,1682.93994140625,1682.93994140625,1693.969970703125,1682.5799560546875,1689.9000244140625,4043600
2023-01-25,1682.1099853515625,1682.1099853515625,1687.510009765625,1678.7099609375,1686.1300048828125,4597000
2023-01-26,1671.3399658203125,1671.3399658203125,1684.8399658203125,1667.4300537109375,1682.800048828125,5208700
2023-01-27,1681.300048828125,1681.300048828125,1683.77001953125,1670.9100341796875,1674.4100341796875,4194700
2023-01-30,1681.219970703125,1681.219970703125,1685.239990234375,1676.510009765625,1683.56005859375,5482700
2023-01-31,1671.4599609375,1671.4599609375,1683.9000244140625,1671.0,1681.6600341796875,6744600
2023-02-01,1685.75,1685.75,1687.97998046875,1675.72998046875,1676.6700439453125,5582400
2023-02-02,1682.5799560546875,1682.5799560546875,1692.93994140625,1681.739990234375,1689.1600341796875,5921900
2023-02-03,1688.3599853515625,1688.3599853515625,1690.4000244140625,1679.0,1684.3299560546875,5595300
2023-02-06,1682.1099853515625,1682.1099853515625,1687.780029296875,1680.219970703125,1686.010009765625,6575300
2023-02-07,1680.489990234375,1680.489990234375,1689.510009765625,1676.1400146484375,1684.68994140625,6515400
2023-02-08,1670.3399658203125,1670.3399658203125,1684.75,1667.7900390625,1683.530029296875,6738800
2023-02-09,1669.1700439453125,1669.1700439453125,1672.0899658203125,1656.739990234375,1670.0799560546875,5168800
2023-02-10,1664.5699462890625,1664.5699462890625,1668.969970703125,1660.0999755859375,1665.8499755859375,4169900
2023-02-13,1664.8900146484375,1664.8900146484375,1669.97998046875,1658.4300537109375,1661.3699951171875,4210600
2023-02-14,1652.760009765625,1652.760009765625,1669.7099609375,1648.739990234375,1667.969970703125,6726900
2023-02-15,1647.3900146484375,1647.3900146484375,1657.530029296875,1642.969970703125,1651.18994140625,12343500
2023-02-16,1658.2900390625,1658.2900390625,1660.5799560546875,1648.989990234375,1653.8499755859375,4014000
2023-02-17,1651.6700439453125,1651.6700439453125,1657.02001953125,1643.8199462890625,1654.8699951171875,4055000
2023-02-20,1657.68994140625,1657.68994140625,1660.1800537109375,1650.3900146484375,1654.9000244140625,3610900
2023-02-21,1668.6300048828125,1668.6300048828125,1669.510009765625,1652.25,1659.699951171875,4644600
2023-02-22,1659.47998046875,1659.47998046875,1667.989990234375,1656.5,1665.5999755859375,3891000
2023-02-23,1652.469970703125,1652.469970703125,1658.9200439453125,1647.3699951171875,1657.780029296875,4486600
2023-02-24,1634.02001953125,1634.02001953125,1654.0899658203125,1631.5400390625,1653.1199951171875,4718500
2023-02-27,1627.3499755859375,1627.3499755859375,1635.3499755859375,1624.6199951171875,1633.1600341796875,4628100
2023-02-28,1622.3499755859375,1622.3499755859375,1637.4100341796875,1618.0899658203125,1633.81005859375,6099100
2023-03-01,1619.97998046875,1619.97998046875,1628.9200439453125,1619.719970703125,1627.1800537109375,5141600
2023-03-02,1612.6400146484375,1612.6400146484375,1626.550048828125,1608.6700439453125,1618.969970703125,5709100
2023-03-03,1606.8800048828125,1606.8800048828125,1615.3900146484375,1604.1400146484375,1614.31005859375,4936100
2023-03-07,1618.510009765625,1618.510009765625,1624.780029296875,1612.800048828125,1613.2900390625,4533400
2023-03-08,1612.5999755859375,1612.5999755859375,1615.510009765625,1599.8699951171875,1606.1300048828125,6064200
2023-03-09,1614.219970703125,1614.219970703125,1621.8800048828125,1608.4100341796875,1615.27001953125,5259800
2023-03-10,1599.6500244140625,1599.6500244140625,1609.0999755859375,1596.43994140625,1605.6199951171875,4151200
2023-03-13,1573.0699462890625,1573.0699462890625,1602.6500244140625,1572.6500244140625,1592.8199462890625,8397100
2023-03-14,1523.8900146484375,1523.8900146484375,1572.3599853515625,1518.6600341796875,1564.9599609375,8644200
2023-03-15,1565.0,1565.0,1573.510009765625,1543.6099853515625,1544.18994140625,5535000
2023-03-16,1554.6500244140625,1554.6500244140625,1558.6700439453125,1538.0999755859375,1549.760009765625,5154600
2023-03-17,1563.6700439453125,1563.6700439453125,1571.5999755859375,1555.239990234375,1564.5799560546875,4754700
2023-03-20,1555.449951171875,1555.449951171875,1569.760009765625,1543.469970703125,1560.22998046875,4771600
2023-03-21,1577.1800537109375,1577.1800537109375,1579.68994140625,1561.6500244140625,1564.3199462890625,4460600
2023-03-22,1585.0799560546875,1585.0799560546875,1588.1700439453125,1579.25,1584.8399658203125,4362000
2023-03-23,1593.6500244140625,1593.6500244140625,1598.5899658203125,1577.699951171875,1582.260009765625,4282400
2023-03-24,1591.8499755859375,1591.8499755859375,1599.780029296875,1588.25,1596.93994140625,3332500
2023-03-27,1593.3699951171875,1593.3699951171875,1595.8599853515625,1586.010009765625,1595.1199951171875,2677800
2023-03-28,1606.9100341796875,1606.9100341796875,1607.75,1599.9200439453125,1600.8199462890625,3876200
2023-03-29,1610.52001953125,1610.52001953125,1615.2900390625,1602.4300537109375,1611.75,3403600
2023-03-30,1605.4200439453125,1605.4200439453125,1613.1600341796875,1601.030029296875,1611.6400146484375,3823100
2023-03-31,1609.1700439453125,1609.1700439453125,1614.0899658203125,1605.550048828125,1607.0,3061500
2023-04-03,1600.3699951171875,1600.3699951171875,1613.97998046875,1593.9599609375,1610.8399658203125,3172600
2023-04-04,1594.050048828125,1594.050048828125,1603.7900390625,1591.199951171875,1601.8900146484375,3328600
2023-04-05,1571.1300048828125,1571.1300048828125,1594.68994140625,1569.3699951171875,1593.9200439453125,3712500
2023-04-07,1577.0699462890625,1577.0699462890625,1582.9599609375,1571.260009765625,1573.3599853515625,3088300
2023-04-10,1593.1300048828125,1593.1300048828125,1596.5400390625,1571.1400146484375,1577.3900146484375,3191100
2023-04-11,1597.0999755859375,1597.0999755859375,1598.030029296875,1590.280029296875,1595.77001953125,3300000
2023-04-12,1592.6700439453125,1592.6700439453125,1598.27001953125,1580.7099609375,1597.5899658203125,2716800
2023-04-17,1600.4100341796875,1600.4100341796875,1604.2099609375,1587.8699951171875,1593.0899658203125,3339600
2023-04-18,1593.8499755859375,1593.8499755859375,1601.31005859375,1589.5799560546875,1600.1600341796875,3410100
2023-04-19,1580.72998046875,1580.72998046875,1595.0799560546875,1579.22998046875,1588.9000244140625,3403800
2023-04-20,1565.0999755859375,1565.0999755859375,1582.300048828125,1562.1099853515625,1579.97998046875,3675900
2023-04-21,1558.3599853515625,1558.3599853515625,1572.4300537109375,1549.6400146484375,1563.9100341796875,4137500
2023-04-24,1557.8699951171875,1557.8699951171875,1561.550048828125,1553.1500244140625,1555.760009765625,2498700
2023-04-25,1540.199951171875,1540.199951171875,1559.8599853515625,1538.31005859375,1557.800048828125,3847000
2023-04-26,1543.949951171875,1543.949951171875,1549.81005859375,1532.0799560546875,1543.2900390625,3500800
2023-04-27,1531.22998046875,1531.22998046875,1540.239990234375,1525.9300537109375,1539.280029296875,2716700
2023-04-28,1529.1199951171875,1529.1199951171875,1542.4100341796875,1524.300048828125,1536.280029296875,2604500
2023-05-02,1528.4300537109375,1528.4300537109375,1535.3499755859375,1517.97998046875,1531.9200439453125,2881300
2023-05-03,1533.300048828125,1533.300048828125,1533.9000244140625,1507.219970703125,1521.1700439453125,3712300
2023-05-08,1562.25,1562.25,1562.25,1537.4599609375,1541.510009765625,3115900
2023-05-09,1564.6600341796875,1564.6600341796875,1569.739990234375,1554.6800537109375,1561.760009765625,3257500
2023-05-10,1569.56005859375,1569.56005859375,1570.8499755859375,1557.6800537109375,1562.6600341796875,3150200
2023-05-11,1567.4000244140625,1567.4000244140625,1576.5899658203125,1564.780029296875,1571.2099609375,3725800
2023-05-12,1561.3499755859375,1561.3499755859375,1567.81005859375,1548.030029296875,1565.6600341796875,4260500
2023-05-15,1541.3800048828125,1541.3800048828125,1570.6199951171875,1536.8199462890625,1570.6199951171875,4815800
2023-05-16,1539.8399658203125,1539.8399658203125,1545.739990234375,1536.3599853515625,1541.1099853515625,3865500
2023-05-17,1522.739990234375,1522.739990234375,1543.6300048828125,1517.2099609375,1541.2900390625,3881500
2023-05-18,1526.68994140625,1526.68994140625,1541.06005859375,1526.68994140625,1531.1500244140625,3773700
2023-05-19,1514.8900146484375,1514.8900146484375,1530.469970703125,1512.6600341796875,1529.1500244140625,4245300
2023-05-22,1529.239990234375,1529.239990234375,1531.010009765625,1491.1199951171875,1505.2099609375,4337100
2023-05-23,1534.8399658203125,1534.8399658203125,1536.5899658203125,1518.3800048828125,1526.1500244140625,3859400
2023-05-24,1536.510009765625,1536.510009765625,1542.9100341796875,1529.449951171875,1530.6099853515625,3195400
2023-05-25,1535.4200439453125,1535.4200439453125,1541.06005859375,1529.6400146484375,1537.550048828125,3345600
2023-05-26,1530.8399658203125,1530.8399658203125,1536.0799560546875,1527.5899658203125,1533.1800537109375,3093300
2023-05-29,1540.969970703125,1540.969970703125,1543.1099853515625,1535.6300048828125,1535.6300048828125,3599600
2023-05-30,1534.81005859375,1534.81005859375,1545.550048828125,1531.300048828125,1543.300048828125,3495400
2023-05-31,1533.5400390625,1533.5400390625,1533.5400390625,1521.3299560546875,1525.5799560546875,4938500
2023-06-01,1521.4000244140625,1521.4000244140625,1536.760009765625,1521.31005859375,1534.1600341796875,3915800
2023-06-02,1531.199951171875,1531.199951171875,1534.489990234375,1524.52001953125,1526.8699951171875,3046000
2023-06-06,1528.5400390625,1528.5400390625,1539.489990234375,1526.9300537109375,1537.6199951171875,3595200
2023-06-07,1533.2099609375,1533.2099609375,1534.68994140625,1522.300048828125,1531.300048828125,3681500
2023-06-08,1559.5,1559.5,1559.5,1530.550048828125,1533.56005859375,3930700
2023-06-09,1555.1099853515625,1555.1099853515625,1559.4300537109375,1549.5699462890625,1558.93994140625,3323900
2023-06-12,1551.4100341796875,1551.4100341796875,1555.8900146484375,1547.4599609375,1551.1199951171875,2891700
2023-06-13,1562.4000244140625,1562.4000244140625,1566.260009765625,1552.300048828125,1553.1099853515625,3365500
2023-06-14,1561.1500244140625,1561.1500244140625,1569.3399658203125,1559.3399658203125,1565.8499755859375,3234200
2023-06-15,1557.7099609375,1557.7099609375,1566.1400146484375,1555.5400390625,1561.469970703125,3392000
2023-06-16,1559.3900146484375,1559.3900146484375,1567.969970703125,1546.47998046875,1562.6700439453125,3591500
2023-06-19,1556.9200439453125,1556.9200439453125,1562.3599853515625,1550.75,1554.81005859375,2543200
2023-06-20,1537.5899658203125,1537.5899658203125,1550.4599609375,1532.9599609375,1545.4300537109375,3581800
2023-06-21,1522.1199951171875,1522.1199951171875,1534.72998046875,1517.510009765625,1533.8699951171875,3258700
2023-06-22,1509.31005859375,1509.31005859375,1525.260009765625,1506.0899658203125,1524.3499755859375,3524100
2023-06-23,1505.52001953125,1505.52001953125,1510.4200439453125,1495.8199462890625,1504.5,2815200
2023-06-26,1485.3199462890625,1485.3199462890625,1507.6300048828125,1483.9200439453125,1504.27001953125,3747800
2023-06-27,1478.0999755859375,1478.0999755859375,1495.6700439453125,1478.0999755859375,1488.1700439453125,2633800
2023-06-28,1466.9300537109375,1466.9300537109375,1485.8900146484375,1465.449951171875,1483.3199462890625,3870600
2023-06-29,1479.5699462890625,1479.5699462890625,1490.7099609375,1461.6099853515625,1468.0,4344000
2023-06-30,1503.0999755859375,1503.0999755859375,1506.18994140625,1487.739990234375,1488.8599853515625,4400100
2023-07-03,1506.8399658203125,1506.8399658203125,1509.1500244140625,1494.5699462890625,1507.6500244140625,2147300
2023-07-04,1515.31005859375,1515.31005859375,1520.02001953125,1502.5,1504.1199951171875,3024800
2023-07-05,1508.8699951171875,1508.8699951171875,1516.22998046875,1506.3599853515625,1512.9300537109375,3168000
2023-07-06,1490.4599609375,1490.4599609375,1505.8800048828125,1486.489990234375,1503.3800048828125,3033900
2023-07-07,1490.510009765625,1490.510009765625,1496.5899658203125,1474.93994140625,1481.9100341796875,2226700
2023-07-10,1496.8900146484375,1496.8900146484375,1498.3599853515625,1482.2099609375,1493.2099609375,2306200
2023-07-11,1496.9599609375,1496.9599609375,1505.4000244140625,1492.6300048828125,1503.06005859375,2683400
2023-07-12,1491.1400146484375,1491.1400146484375,1507.010009765625,1488.010009765625,1500.969970703125,3565100
2023-07-13,1494.02001953125,1494.02001953125,1497.239990234375,1487.47998046875,1491.050048828125,2616900
2023-07-14,1517.9200439453125,1517.9200439453125,1519.0799560546875,1497.8499755859375,1497.8499755859375,3223800
2023-07-17,1528.77001953125,1528.77001953125,1532.1199951171875,1515.449951171875,1521.3900146484375,4396800
2023-07-18,1535.300048828125,1535.300048828125,1535.6199951171875,1526.9100341796875,1527.1300048828125,3620300
2023-07-19,1536.6400146484375,1536.6400146484375,1545.699951171875,1529.25,1537.6800537109375,4046400
2023-07-20,1521.1800537109375,1521.1800537109375,1541.489990234375,1521.1800537109375,1536.0799560546875,3396400
2023-07-21,1529.25,1529.25,1532.469970703125,1516.75,1524.0400390625,3494400
2023-07-24,1523.81005859375,1523.81005859375,1537.1500244140625,1520.77001953125,1529.4100341796875,3365700
2023-07-25,1526.300048828125,1526.300048828125,1533.739990234375,1519.280029296875,1529.1700439453125,2593300
2023-07-26,1524.5899658203125,1524.5899658203125,1530.1800537109375,1519.43994140625,1527.4100341796875,2643700
2023-07-27,1543.27001953125,1543.27001953125,1546.27001953125,1520.8900146484375,1527.1199951171875,4246400
2023-07-31,1556.06005859375,1556.06005859375,1559.0699462890625,1547.6199951171875,1548.75,4528600
2023-08-02,1550.280029296875,1550.280029296875,1562.0699462890625,1546.22998046875,1550.06005859375,16298100
2023-08-03,1529.010009765625,1529.010009765625,1546.1099853515625,1528.6300048828125,1543.780029296875,4135200
2023-08-04,1530.4599609375,1530.4599609375,1539.0699462890625,1530.3399658203125,1531.030029296875,3572200
2023-08-07,1532.510009765625,1532.510009765625,1540.219970703125,1519.3699951171875,1533.1800537109375,3226300
2023-08-08,1518.43994140625,1518.43994140625,1536.81005859375,1518.43994140625,1534.6099853515625,2828500
2023-08-09,1528.300048828125,1528.300048828125,1528.300048828125,1514.3800048828125,1520.9000244140625,3333200
2023-08-10,1533.4100341796875,1533.4100341796875,1533.4100341796875,1518.6199951171875,1527.9300537109375,3512500
2023-08-11,1535.1600341796875,1535.1600341796875,1540.18994140625,1528.8499755859375,1535.469970703125,5129500
2023-08-15,1520.72998046875,1520.72998046875,1535.969970703125,1517.3399658203125,1534.050048828125,3854400
2023-08-16,1519.56005859375,1519.56005859375,1521.4100341796875,1506.0,1516.6400146484375,4845100
2023-08-17,1528.81005859375,1528.81005859375,1531.0799560546875,1512.0799560546875,1515.0999755859375,4240200
2023-08-18,1519.1199951171875,1519.1199951171875,1527.75,1516.1800537109375,1525.75,4483100
2023-08-21,1525.8499755859375,1525.8499755859375,1529.3399658203125,1514.699951171875,1522.43994140625,3472500
2023-08-22,1545.5999755859375,1545.5999755859375,1548.3199462890625,1532.449951171875,1535.5400390625,6131000
2023-08-23,1549.010009765625,1549.010009765625,1554.280029296875,1543.3699951171875,1550.199951171875,5763800
2023-08-24,1557.4100341796875,1557.4100341796875,1563.6199951171875,1552.969970703125,1552.969970703125,6048400
2023-08-25,1560.199951171875,1560.199951171875,1562.1199951171875,1551.0999755859375,1554.739990234375,5315200
2023-08-28,1562.969970703125,1562.969970703125,1568.6800537109375,1560.4100341796875,1566.0,6510200
2023-08-29,1568.81005859375,1568.81005859375,1573.18994140625,1563.1500244140625,1566.0,5458600
2023-08-30,1576.6700439453125,1576.6700439453125,1579.4300537109375,1572.8199462890625,1574.300048828125,5588900
2023-08-31,1565.93994140625,1565.93994140625,1576.1700439453125,1563.030029296875,1575.300048828125,9274000
2023-09-01,1561.510009765625,1561.510009765625,1571.81005859375,1559.199951171875,1569.199951171875,5468100
2023-09-04,1548.6800537109375,1548.6800537109375,1565.739990234375,1546.8399658203125,1564.9000244140625,4998400
2023-09-05,1547.8599853515625,1547.8599853515625,1553.9300537109375,1545.4000244140625,1548.8699951171875,5581800
2023-09-06,1548.780029296875,1548.780029296875,1554.7900390625,1542.6600341796875,1547.75,5579900
2023-09-07,1550.3599853515625,1550.3599853515625,1556.93994140625,1546.4300537109375,1548.8599853515625,3714500
2023-09-08,1547.1700439453125,1547.1700439453125,1554.5,1546.9100341796875,1551.199951171875,4130100
2023-09-11,1540.93994140625,1540.93994140625,1550.4599609375,1535.8199462890625,1548.9300537109375,4199600
2023-09-12,1545.5,1545.5,1550.6700439453125,1543.2099609375,1544.0799560546875,4022000
2023-09-13,1535.31005859375,1535.31005859375,1546.469970703125,1533.1300048828125,1546.469970703125,3517000
2023-09-14,1545.1400146484375,1545.1400146484375,1547.7099609375,1532.47998046875,1538.030029296875,3714600
2023-09-15,1542.030029296875,1542.030029296875,1551.010009765625,1541.5799560546875,1550.0400390625,4051500
2023-09-18,1527.5699462890625,1527.5699462890625,1539.4000244140625,1525.469970703125,1539.4000244140625,3239600
2023-09-19,1522.9599609375,1522.9599609375,1531.6400146484375,1521.4100341796875,1527.6800537109375,3131700
2023-09-20,1507.9000244140625,1507.9000244140625,1521.6600341796875,1503.3299560546875,1521.6600341796875,4292900
2023-09-21,1514.260009765625,1514.260009765625,1517.3699951171875,1503.22998046875,1504.550048828125,3286000
2023-09-22,1522.5899658203125,1522.5899658203125,1527.1400146484375,1509.6600341796875,1514.0699462890625,3901500
2023-09-25,1507.3599853515625,1507.3599853515625,1524.969970703125,1507.3599853515625,1524.3900146484375,3114900
2023-09-26,1494.02001953125,1494.02001953125,1514.9000244140625,1494.02001953125,1504.68994140625,4128200
2023-09-27,1497.1500244140625,1497.1500244140625,1499.06005859375,1488.1400146484375,1494.1400146484375,3690900
2023-09-28,1482.1400146484375,1482.1400146484375,1505.68994140625,1481.52001953125,1497.6500244140625,4212400
2023-09-29,1471.4300537109375,1471.4300537109375,1484.6199951171875,1471.4300537109375,1482.1199951171875,3536200
2023-10-02,1469.4599609375,1469.4599609375,1478.010009765625,1461.6600341796875,1473.5400390625,3281700
2023-10-03,1447.300048828125,1447.300048828125,1459.989990234375,1443.239990234375,1458.6500244140625,4500000
2023-10-04,1451.25,1451.25,1454.800048828125,1429.989990234375,1430.739990234375,3761800
2023-10-05,1452.550048828125,1452.550048828125,1456.3399658203125,1443.4300537109375,1454.5699462890625,3029800
2023-10-06,1438.449951171875,1438.449951171875,1457.81005859375,1434.0,1457.81005859375,3175700
2023-10-09,1431.719970703125,1431.719970703125,1435.7900390625,1423.1700439453125,1434.6700439453125,3518700
2023-10-10,1434.449951171875,1434.449951171875,1442.030029296875,1429.9200439453125,1441.8399658203125,3768800
2023-10-11,1455.989990234375,1455.989990234375,1456.72998046875,1434.449951171875,1438.0799560546875,4205500
2023-10-12,1450.75,1450.75,1459.18994140625,1448.3800048828125,1457.0,3010500
2023-10-16,1427.1099853515625,1427.1099853515625,1446.260009765625,1416.2099609375,1443.8900146484375,4282500
2023-10-17,1433.4000244140625,1433.4000244140625,1441.0,1429.1800537109375,1431.8299560546875,2907600
2023-10-18,1437.8499755859375,1437.8499755859375,1445.3399658203125,1429.780029296875,1432.93994140625,4027900
2023-10-19,1423.0400390625,1423.0400390625,1428.75,1419.3900146484375,1425.0699462890625,2718100
2023-10-20,1399.3499755859375,1399.3499755859375,1422.3299560546875,1397.800048828125,1420.239990234375,4090500
2023-10-24,1391.030029296875,1391.030029296875,1398.72998046875,1387.5999755859375,1395.9200439453125,3135800
2023-10-25,1401.699951171875,1401.699951171875,1414.1300048828125,1399.43994140625,1401.25,2996800
2023-10-26,1371.219970703125,1371.219970703125,1396.1700439453125,1370.300048828125,1394.5,3727100
2023-10-27,1388.22998046875,1388.22998046875,1390.7900390625,1366.18994140625,1381.510009765625,3704100
2023-10-30,1395.8499755859375,1395.8499755859375,1398.0400390625,1381.2099609375,1381.5699462890625,2506200
2023-10-31,1381.8299560546875,1381.8299560546875,1395.7900390625,1374.6600341796875,1395.5999755859375,2678100
2023-11-01,1379.9599609375,1379.9599609375,1388.010009765625,1373.199951171875,1380.8900146484375,3228700
2023-11-02,1403.989990234375,1403.989990234375,1407.81005859375,1391.5400390625,1391.969970703125,3113300
2023-11-03,1419.760009765625,1419.760009765625,1424.6600341796875,1410.0400390625,1412.8900146484375,3362300
2023-11-06,1417.2099609375,1417.2099609375,1431.510009765625,1417.2099609375,1430.010009765625,3016700
2023-11-07,1408.300048828125,1408.300048828125,1420.030029296875,1406.719970703125,1413.6400146484375,11480700
2023-11-08,1411.77001953125,1411.77001953125,1417.1600341796875,1406.949951171875,1410.0699462890625,3206700
2023-11-09,1404.969970703125,1404.969970703125,1411.8399658203125,1389.4599609375,1410.8299560546875,3357700
2023-11-10,1389.5699462890625,1389.5699462890625,1406.0799560546875,1387.4100341796875,1392.6800537109375,3432200
2023-11-13,1387.1300048828125,1387.1300048828125,1392.5400390625,1378.0799560546875,1391.469970703125,12051300
2023-11-14,1386.0400390625,1386.0400390625,1393.199951171875,1377.68994140625,1390.3699951171875,3876500
2023-11-15,1415.1700439453125,1415.1700439453125,1416.8900146484375,1400.260009765625,1401.47998046875,4144300
2023-11-16,1415.3399658203125,1415.3399658203125,1417.199951171875,1407.7900390625,1413.050048828125,3182800
2023-11-17,1415.780029296875,1415.780029296875,1422.6800537109375,1406.2099609375,1408.0400390625,3013800
2023-11-20,1419.43994140625,1419.43994140625,1419.8599853515625,1409.550048828125,1415.6800537109375,2779600
2023-11-21,1423.6099853515625,1423.6099853515625,1427.1300048828125,1418.4200439453125,1427.0400390625,2916400
2023-11-22,1414.1500244140625,1414.1500244140625,1423.0699462890625,1407.3699951171875,1422.02001953125,3381200
2023-11-23,1406.6099853515625,1406.6099853515625,1415.02001953125,1400.47998046875,1414.9300537109375,3392000
2023-11-24,1397.4300537109375,1397.4300537109375,1410.8299560546875,1395.8299560546875,1407.3900146484375,2794200
2023-11-27,1393.4200439453125,1393.4200439453125,1397.8800048828125,1385.3299560546875,1393.02001953125,2644500
2023-11-28,1401.4200439453125,1401.4200439453125,1406.0799560546875,1394.0400390625,1398.5699462890625,10975000
2023-11-29,1387.68994140625,1387.68994140625,1405.3499755859375,1386.97998046875,1404.8900146484375,3189100
2023-11-30,1380.1800537109375,1380.1800537109375,1390.0400390625,1371.739990234375,1389.25,5202200
2023-12-01,1380.31005859375,1380.31005859375,1384.1300048828125,1374.06005859375,1382.25,2388100
2023-12-04,1383.5400390625,1383.5400390625,1389.489990234375,1374.5999755859375,1376.719970703125,2626900
2023-12-06,1389.550048828125,1389.550048828125,1393.4599609375,1379.6199951171875,1383.1400146484375,2966400
2023-12-07,1378.72998046875,1378.72998046875,1384.52001953125,1373.3399658203125,1382.1800537109375,3055800
2023-12-08,1380.989990234375,1380.989990234375,1389.4000244140625,1376.2900390625,1381.800048828125,2775700
2023-12-12,1373.9200439453125,1373.9200439453125,1383.4100341796875,1370.0400390625,1382.9100341796875,2868500
2023-12-13,1357.969970703125,1357.969970703125,1370.3900146484375,1354.72998046875,1369.8800048828125,2903200
2023-12-14,1378.93994140625,1378.93994140625,1380.8800048828125,1366.72998046875,1370.1600341796875,2530600
2023-12-15,1391.030029296875,1391.030029296875,1398.6500244140625,1382.1300048828125,1384.8699951171875,3806500
2023-12-18,1393.4100341796875,1393.4100341796875,1396.010009765625,1383.8900146484375,1387.3299560546875,2538900
2023-12-19,1394.9000244140625,1394.9000244140625,1397.68994140625,1388.9100341796875,1395.260009765625,3030000
2023-12-20,1400.3699951171875,1400.3699951171875,1406.4000244140625,1395.18994140625,1398.010009765625,3656100
2023-12-21,1404.8399658203125,1404.8399658203125,1407.8699951171875,1394.280029296875,1394.9100341796875,3444400
2023-12-22,1405.0899658203125,1405.0899658203125,1407.5699462890625,1397.9300537109375,1407.3900146484375,2643700
2023-12-26,1413.449951171875,1413.449951171875,1413.449951171875,1413.449951171875,1413.449951171875,0
2023-12-27,1410.4300537109375,1410.4300537109375,1416.0999755859375,1407.6199951171875,1415.06005859375,2746000
2023-12-28,1415.8499755859375,1415.8499755859375,1418.97998046875,1410.8699951171875,1410.8699951171875,3250100
2024-01-03,1429.6199951171875,1429.6199951171875,1436.3800048828125,1426.2099609375,1431.8800048828125,4909500
2024-01-04,1434.5899658203125,1434.5899658203125,1435.300048828125,1420.739990234375,1427.97998046875,12928400
2024-01-05,1427.9599609375,1427.9599609375,1438.0999755859375,1425.4000244140625,1432.9300537109375,3858400
2024-01-08,1418.449951171875,1418.449951171875,1428.06005859375,1413.8599853515625,1426.949951171875,3942400
2024-01-09,1414.9300537109375,1414.9300537109375,1428.43994140625,1414.4200439453125,1427.510009765625,2964900
2024-01-10,1413.52001953125,1413.52001953125,1418.3299560546875,1410.2099609375,1416.030029296875,4167200
2024-01-11,1408.239990234375,1408.239990234375,1417.6400146484375,1407.260009765625,1417.300048828125,3102500
2024-01-12,1413.530029296875,1413.530029296875,1416.3299560546875,1407.77001953125,1407.949951171875,3241600
2024-01-15,1407.02001953125,1407.02001953125,1416.010009765625,1404.81005859375,1415.6300048828125,12756400
2024-01-16,1401.719970703125,1401.719970703125,1407.0799560546875,1399.8499755859375,1406.1099853515625,3165100
2024-01-17,1380.6500244140625,1380.6500244140625,1397.969970703125,1378.8499755859375,1397.6400146484375,4182700
2024-01-18,1377.9300537109375,1377.9300537109375,1387.530029296875,1374.0799560546875,1382.3399658203125,3515900
2024-01-19,1382.510009765625,1382.510009765625,1389.260009765625,1378.280029296875,1384.8399658203125,3844500
2024-01-22,1369.9200439453125,1369.9200439453125,1383.510009765625,1369.4200439453125,1383.4200439453125,5317000
2024-01-23,1356.5400390625,1356.5400390625,1375.760009765625,1352.47998046875,1373.6199951171875,4801900
2024-01-24,1381.18994140625,1381.18994140625,1382.800048828125,1354.97998046875,1356.97998046875,4351100
2024-01-25,1376.0899658203125,1376.0899658203125,1379.1500244140625,1370.780029296875,1377.469970703125,4665900
2024-01-26,1368.1500244140625,1368.1500244140625,1379.8900146484375,1364.4100341796875,1375.760009765625,4225400
2024-01-29,1376.280029296875,1376.280029296875,1379.5999755859375,1366.8399658203125,1373.780029296875,4378000
2024-01-30,1373.1400146484375,1373.1400146484375,1378.3399658203125,1370.699951171875,1376.2900390625,3992200
2024-01-31,1364.52001953125,1364.52001953125,1374.8699951171875,1359.5400390625,1374.3499755859375,3856600
2024-02-01,1367.9599609375,1367.9599609375,1372.8299560546875,1357.3900146484375,1363.6500244140625,3226800
2024-02-02,1384.0799560546875,1384.0799560546875,1386.6700439453125,1375.3699951171875,1376.0400390625,3888200
2024-02-05,1383.9300537109375,1383.9300537109375,1389.6700439453125,1379.8599853515625,1383.3800048828125,3602500
2024-02-06,1396.9599609375,1396.9599609375,1400.6300048828125,1385.9200439453125,1385.9200439453125,4885100
2024-02-07,1400.02001953125,1400.02001953125,1402.6500244140625,1394.02001953125,1400.199951171875,5029800
2024-02-08,1388.5999755859375,1388.5999755859375,1403.800048828125,1388.1099853515625,1399.4000244140625,4794100
2024-02-09,1388.3699951171875,1388.3699951171875,1391.75,1385.02001953125,1389.9200439453125,2843000
2024-02-12,1389.300048828125,1389.300048828125,1392.469970703125,1386.280029296875,1389.5400390625,3437200
2024-02-13,1391.72998046875,1391.72998046875,1397.800048828125,1390.4000244140625,1391.699951171875,3593800
2024-02-14,1385.1099853515625,1385.1099853515625,1386.8599853515625,1378.760009765625,1382.0699462890625,3878300
2024-02-15,1387.27001953125,1387.27001953125,1392.4599609375,1383.6600341796875,1387.050048828125,3526900
2024-02-16,1386.27001953125,1386.27001953125,1397.050048828125,1383.3800048828125,1394.1600341796875,3427100
2024-02-19,1387.3299560546875,1387.3299560546875,1390.9200439453125,1382.8800048828125,1383.969970703125,3019300
2024-02-20,1381.0699462890625,1381.0699462890625,1389.06005859375,1376.6500244140625,1388.4100341796875,3508400
2024-02-21,1393.6099853515625,1393.6099853515625,1395.1099853515625,1379.02001953125,1382.9000244140625,4153000
2024-02-22,1402.469970703125,1402.469970703125,1405.1300048828125,1393.52001953125,1396.6500244140625,3829700
2024-02-23,1398.1400146484375,1398.1400146484375,1404.8399658203125,1396.77001953125,1404.260009765625,4793600
2024-02-27,1393.699951171875,1393.699951171875,1401.1400146484375,1390.050048828125,1397.800048828125,22936400
2024-02-28,1382.050048828125,1382.050048828125,1390.260009765625,1380.8800048828125,1389.3900146484375,5544300
2024-02-29,1370.6700439453125,1370.6700439453125,1381.3699951171875,1366.9300537109375,1380.8399658203125,25776100
2024-03-01,1367.4200439453125,1367.4200439453125,1375.219970703125,1364.31005859375,1369.6300048828125,4072700
2024-03-04,1362.5899658203125,1362.5899658203125,1372.010009765625,1362.050048828125,1369.1300048828125,3344900
2024-03-05,1359.260009765625,1359.260009765625,1362.4599609375,1350.97998046875,1358.8699951171875,3615600
2024-03-06,1370.550048828125,1370.550048828125,1375.8199462890625,1356.0999755859375,1356.449951171875,3517600
2024-03-07,1372.1600341796875,1372.1600341796875,1377.5699462890625,1364.9200439453125,1374.06005859375,2978700
2024-03-08,1386.4200439453125,1386.4200439453125,1386.5799560546875,1373.050048828125,1373.4100341796875,3470100
2024-03-11,1380.22998046875,1380.22998046875,1387.6099853515625,1379.719970703125,1383.3800048828125,2945200
2024-03-12,1379.6300048828125,1379.6300048828125,1385.6500244140625,1374.68994140625,1383.3599853515625,3938000
2024-03-13,1384.510009765625,1384.510009765625,1388.3199462890625,1378.4300537109375,1379.5999755859375,4626400
2024-03-14,1394.9300537109375,1394.9300537109375,1395.8800048828125,1383.260009765625,1384.719970703125,4751000
2024-03-15,1386.0400390625,1386.0400390625,1393.260009765625,1386.0400390625,1390.1199951171875,5102700
2024-03-18,1385.93994140625,1385.93994140625,1393.4599609375,1385.010009765625,1388.4000244140625,3729700
2024-03-19,1382.4599609375,1382.4599609375,1391.2099609375,1382.4599609375,1385.260009765625,3340300
2024-03-20,1373.1800537109375,1373.1800537109375,1386.6700439453125,1372.280029296875,1384.9300537109375,2951100
2024-03-21,1387.6199951171875,1387.6199951171875,1388.6600341796875,1382.989990234375,1383.6099853515625,3483300
2024-03-22,1381.0400390625,1381.0400390625,1389.7900390625,1379.4300537109375,1383.81005859375,3441300
2024-03-25,1372.489990234375,1372.489990234375,1385.6099853515625,1368.2099609375,1381.0,3693900
2024-03-26,1377.22998046875,1377.22998046875,1379.510009765625,1369.6300048828125,1372.4000244140625,4601200
2024-03-27,1380.8299560546875,1380.8299560546875,1385.0699462890625,1374.9200439453125,1375.5999755859375,3608500
2024-03-28,1370.3399658203125,1370.3399658203125,1383.5999755859375,1368.81005859375,1381.81005859375,3892400
2024-03-29,1377.93994140625,1377.93994140625,1378.4599609375,1371.1700439453125,1372.97998046875,2959200
2024-04-01,1379.47998046875,1379.47998046875,1384.3199462890625,1374.239990234375,1379.8599853515625,3446500
2024-04-02,1379.4599609375,1379.4599609375,1382.010009765625,1374.77001953125,1377.68994140625,3387000
2024-04-03,1375.68994140625,1375.68994140625,1384.1700439453125,1374.260009765625,1375.06005859375,3786100
2024-04-04,1373.8900146484375,1373.8900146484375,1379.4100341796875,1368.800048828125,1378.1500244140625,2853400
2024-04-05,1375.5799560546875,1375.5799560546875,1377.8599853515625,1367.5899658203125,1369.8499755859375,3147700
2024-04-09,1401.1099853515625,1401.1099853515625,1401.1099853515625,1376.8299560546875,1378.7900390625,4004600
2024-04-10,1408.1700439453125,1408.1700439453125,1411.4599609375,1402.8900146484375,1404.030029296875,3970700
2024-04-11,1396.3800048828125,1396.3800048828125,1406.77001953125,1394.7099609375,1405.6500244140625,3344200
2024-04-17,1366.93994140625,1366.93994140625,1380.1199951171875,1363.43994140625,1378.0400390625,4499300
2024-04-18,1361.02001953125,1361.02001953125,1372.989990234375,1349.0,1368.199951171875,4403500
2024-04-19,1332.0799560546875,1332.0799560546875,1343.3199462890625,1330.239990234375,1339.949951171875,4808000
2024-04-22,1349.52001953125,1349.52001953125,1350.93994140625,1339.9200439453125,1343.550048828125,3833500
2024-04-23,1357.4599609375,1357.4599609375,1362.530029296875,1353.3499755859375,1353.5,3873300
2024-04-24,1361.0999755859375,1361.0999755859375,1364.9100341796875,1355.43994140625,1364.719970703125,3496600
2024-04-25,1364.27001953125,1364.27001953125,1365.780029296875,1356.9599609375,1358.699951171875,3110000
2024-04-26,1359.93994140625,1359.93994140625,1366.239990234375,1358.260009765625,1364.949951171875,3288500
2024-04-29,1361.969970703125,1361.969970703125,1364.699951171875,1355.3599853515625,1364.52001953125,3071500
2024-04-30,1367.949951171875,1367.949951171875,1372.8499755859375,1363.2099609375,1364.68994140625,3620100
2024-05-02,1363.25,1363.25,1372.010009765625,1362.8399658203125,1368.239990234375,3740900
2024-05-03,1369.9200439453125,1369.9200439453125,1372.719970703125,1364.260009765625,1367.280029296875,3865600
2024-05-07,1376.3699951171875,1376.3699951171875,1384.739990234375,1373.97998046875,1374.0999755859375,3860100
2024-05-08,1373.3299560546875,1373.3299560546875,1379.0400390625,1372.8599853515625,1377.81005859375,3478600
2024-05-09,1369.2900390625,1369.2900390625,1379.75,1367.8800048828125,1374.4000244140625,3846500
2024-05-10,1371.9000244140625,1371.9000244140625,1372.3199462890625,1365.9200439453125,1371.300048828125,3219400
2024-05-13,1372.5,1372.5,1375.1400146484375,1366.06005859375,1371.9000244140625,3735400
2024-05-14,1376.5699462890625,1376.5699462890625,1380.449951171875,1372.77001953125,1374.3399658203125,3500600
2024-05-15,1370.43994140625,1370.43994140625,1378.3599853515625,1366.8499755859375,1377.5699462890625,4902000
2024-05-16,1377.719970703125,1377.719970703125,1383.3800048828125,1373.6400146484375,1375.02001953125,4306900
2024-05-17,1382.6800537109375,1382.6800537109375,1384.8199462890625,1376.7900390625,1378.5999755859375,3574300
2024-05-20,1378.699951171875,1378.699951171875,1389.280029296875,1377.4200439453125,1385.550048828125,3999700
2024-05-21,1370.8299560546875,1370.8299560546875,1376.93994140625,1367.1400146484375,1376.9200439453125,3576300
2024-05-23,1367.8399658203125,1367.8399658203125,1374.0400390625,1364.31005859375,1368.239990234375,4376800
2024-05-24,1364.47998046875,1364.47998046875,1365.969970703125,1359.219970703125,1361.1600341796875,4022700
2024-05-27,1366.3699951171875,1366.3699951171875,1369.6800537109375,1362.18994140625,1368.0400390625,13394300
2024-05-28,1362.699951171875,1362.699951171875,1368.949951171875,1361.27001953125,1368.1400146484375,3104900
2024-05-29,1349.8299560546875,1349.8299560546875,1363.9599609375,1349.8299560546875,1360.5799560546875,3286600
2024-05-30,1351.52001953125,1351.52001953125,1353.5,1340.8299560546875,1345.7099609375,3355200
2024-05-31,1345.6600341796875,1345.6600341796875,1359.25,1342.6199951171875,1353.93994140625,6489700
2024-06-04,1337.3199462890625,1337.3199462890625,1354.75,1336.0699462890625,1350.9000244140625,4742200
2024-06-05,1338.3199462890625,1338.3199462890625,1344.3900146484375,1333.969970703125,1339.5799560546875,4143800
2024-06-06,1328.4100341796875,1328.4100341796875,1344.47998046875,1325.7099609375,1341.739990234375,3771900
2024-06-07,1332.739990234375,1332.739990234375,1334.1199951171875,1325.949951171875,1327.300048828125,3533600
2024-06-10,1318.5699462890625,1318.5699462890625,1329.81005859375,1313.260009765625,1328.9000244140625,3844900
2024-06-11,1316.0999755859375,1316.0999755859375,1325.52001953125,1314.3499755859375,1318.6800537109375,4585800
2024-06-12,1316.68994140625,1316.68994140625,1320.510009765625,1311.0400390625,1316.6199951171875,3829400
2024-06-13,1311.780029296875,1311.780029296875,1323.3299560546875,1310.4000244140625,1320.5899658203125,3599400
2024-06-14,1306.56005859375,1306.56005859375,1315.699951171875,1304.31005859375,1311.3800048828125,3368400
2024-06-17,1296.5899658203125,1296.5899658203125,1305.199951171875,1288.5799560546875,1305.1300048828125,3922800
2024-06-18,1297.4100341796875,1297.4100341796875,1310.760009765625,1296.1800537109375,1300.2099609375,3602100
2024-06-19,1303.8199462890625,1303.8199462890625,1304.1500244140625,1281.8699951171875,1300.969970703125,6281200
2024-06-20,1298.2900390625,1298.2900390625,1304.239990234375,1293.68994140625,1302.449951171875,3836000
2024-06-21,1306.4100341796875,1306.4100341796875,1311.31005859375,1289.2099609375,1295.0999755859375,6508800
2024-06-24,1316.72998046875,1316.72998046875,1317.6300048828125,1300.3599853515625,1302.6199951171875,4298300
2024-06-25,1319.1400146484375,1319.1400146484375,1323.72998046875,1315.6400146484375,1318.1800537109375,4360600
2024-06-26,1319.1500244140625,1319.1500244140625,1324.47998046875,1315.5,1322.719970703125,3308700
2024-06-27,1309.4599609375,1309.4599609375,1316.5799560546875,1307.6700439453125,1315.6099853515625,3575800
2024-06-28,1300.9599609375,1300.9599609375,1311.72998046875,1296.6700439453125,1311.4200439453125,5350900
2024-07-01,1299.3499755859375,1299.3499755859375,1306.280029296875,1296.1099853515625,1301.9599609375,3175800
2024-07-02,1288.5799560546875,1288.5799560546875,1297.8499755859375,1286.8299560546875,1297.47998046875,3567000
2024-07-03,1294.699951171875,1294.699951171875,1296.1300048828125,1286.7900390625,1289.5699462890625,2527300
2024-07-04,1301.0400390625,1301.0400390625,1309.4599609375,1300.260009765625,1300.6199951171875,2517400
2024-07-05,1311.989990234375,1311.989990234375,1312.75,1298.4300537109375,1303.06005859375,3588200
2024-07-08,1322.5,1322.5,1322.5,1311.050048828125,1311.699951171875,3271700
2024-07-09,1319.9200439453125,1319.9200439453125,1325.1800537109375,1317.02001953125,1323.81005859375,3207500
2024-07-10,1323.280029296875,1323.280029296875,1327.1600341796875,1318.719970703125,1320.6800537109375,3122300
2024-07-11,1329.3699951171875,1329.3699951171875,1330.010009765625,1320.0,1326.199951171875,3313000
2024-07-12,1332.0400390625,1332.0400390625,1332.760009765625,1325.6400146484375,1327.780029296875,3686600
2024-07-15,1327.4300537109375,1327.4300537109375,1328.510009765625,1320.56005859375,1326.06005859375,3734500
2024-07-16,1321.31005859375,1321.31005859375,1330.8399658203125,1320.0799560546875,1327.77001953125,3561600
2024-07-17,1319.7900390625,1319.7900390625,1330.219970703125,1318.4100341796875,1325.3900146484375,3704600
2024-07-18,1324.760009765625,1324.760009765625,1327.02001953125,1317.8900146484375,1318.4599609375,4251100
2024-07-19,1317.1400146484375,1317.1400146484375,1324.5699462890625,1317.1400146484375,1321.300048828125,2799800
2024-07-23,1301.5400390625,1301.5400390625,1321.2099609375,1300.0400390625,1318.81005859375,4110900
2024-07-24,1298.0799560546875,1298.0799560546875,1301.550048828125,1293.949951171875,1299.6400146484375,3665700
2024-07-25,1291.5799560546875,1291.5799560546875,1295.8800048828125,1288.219970703125,1289.97998046875,3611800
2024-07-26,1307.2099609375,1307.2099609375,1307.2099609375,1290.47998046875,1292.6400146484375,3753100
2024-07-30,1308.0899658203125,1308.0899658203125,1315.780029296875,1306.219970703125,1311.949951171875,4129200
2024-07-31,1320.8599853515625,1320.8599853515625,1322.0799560546875,1311.9300537109375,1312.68994140625,3642300
2024-08-01,1322.75,1322.75,1329.760009765625,1319.2900390625,1322.510009765625,3794000
2024-08-02,1313.0799560546875,1313.0799560546875,1318.260009765625,1310.52001953125,1315.0699462890625,3147200
2024-08-05,1274.6700439453125,1274.6700439453125,1296.1099853515625,1273.1700439453125,1295.6500244140625,5238700
2024-08-06,1274.010009765625,1274.010009765625,1289.239990234375,1274.010009765625,1285.6199951171875,3247700
2024-08-07,1290.550048828125,1290.550048828125,1293.93994140625,1282.050048828125,1282.050048828125,4038200
2024-08-08,1296.25,1296.25,1299.1400146484375,1287.1400146484375,1287.530029296875,3635700
2024-08-09,1297.0699462890625,1297.0699462890625,1309.6600341796875,1292.800048828125,1305.8800048828125,3821200
2024-08-13,1297.7900390625,1297.7900390625,1300.8299560546875,1292.4100341796875,1299.72998046875,3792500
2024-08-14,1292.68994140625,1292.68994140625,1306.8800048828125,1280.989990234375,1300.5899658203125,5413800
2024-08-15,1289.8399658203125,1289.8399658203125,1293.0999755859375,1279.3399658203125,1291.8900146484375,3870500
2024-08-16,1303.0,1303.0,1305.030029296875,1295.3499755859375,1295.949951171875,3503400
2024-08-19,1323.3800048828125,1323.3800048828125,1323.3800048828125,1302.969970703125,1305.8900146484375,5146100
2024-08-20,1328.1199951171875,1328.1199951171875,1337.3499755859375,1323.93994140625,1327.25,4341200
2024-08-21,1337.8299560546875,1337.8299560546875,1339.6099853515625,1327.1199951171875,1328.5,4990900
2024-08-22,1341.030029296875,1341.030029296875,1343.3499755859375,1334.7900390625,1338.8399658203125,4055400
2024-08-23,1354.8699951171875,1354.8699951171875,1355.52001953125,1340.5899658203125,1341.530029296875,6408000
2024-08-26,1364.81005859375,1364.81005859375,1366.760009765625,1351.3299560546875,1356.1099853515625,5902000
2024-08-27,1364.31005859375,1364.31005859375,1368.550048828125,1360.739990234375,1365.6400146484375,4895000
2024-08-28,1365.719970703125,1365.719970703125,1370.6700439453125,1356.510009765625,1361.5899658203125,4050200
2024-08-29,1357.4100341796875,1357.4100341796875,1366.760009765625,1355.989990234375,1361.3399658203125,3321900
2024-08-30,1359.0699462890625,1359.0699462890625,1367.0899658203125,1355.4599609375,1360.1600341796875,5566400
2024-09-02,1353.6400146484375,1353.6400146484375,1353.6400146484375,1353.6400146484375,1353.6400146484375,0
2024-09-03,1364.5999755859375,1364.5999755859375,1370.0400390625,1354.260009765625,1354.260009765625,3945000
2024-09-04,1365.489990234375,1365.489990234375,1367.8800048828125,1355.31005859375,1355.31005859375,3522800
2024-09-05,1404.280029296875,1404.280029296875,1406.489990234375,1371.489990234375,1372.2900390625,6841900
2024-09-06,1427.6400146484375,1427.6400146484375,1431.239990234375,1412.760009765625,1413.93994140625,8722900
2024-09-09,1431.1300048828125,1431.1300048828125,1438.31005859375,1417.6800537109375,1429.1600341796875,7500300
2024-09-10,1428.030029296875,1428.030029296875,1434.6800537109375,1422.6300048828125,1431.9100341796875,6123800
2024-09-11,1415.4100341796875,1415.4100341796875,1428.1300048828125,1405.300048828125,1424.68994140625,5734400
2024-09-12,1421.5799560546875,1421.5799560546875,1429.449951171875,1419.93994140625,1422.4200439453125,4569400
2024-09-13,1424.3900146484375,1424.3900146484375,1433.6600341796875,1421.469970703125,1428.1500244140625,5600100
2024-09-16,1435.530029296875,1435.530029296875,1436.800048828125,1423.199951171875,1425.8900146484375,8451200
2024-09-17,1436.5999755859375,1436.5999755859375,1439.3499755859375,1431.56005859375,1437.469970703125,7316600
2024-09-18,1435.77001953125,1435.77001953125,1446.52001953125,1432.9100341796875,1437.68994140625,6480100
2024-09-19,1454.8399658203125,1454.8399658203125,1454.8399658203125,1436.1400146484375,1440.3499755859375,6953900
2024-09-20,1451.68994140625,1451.68994140625,1462.3499755859375,1451.68994140625,1458.2099609375,7876100
2024-09-23,1447.9000244140625,1447.9000244140625,1455.43994140625,1442.02001953125,1454.18994140625,4849300
2024-09-24,1462.0999755859375,1462.0999755859375,1463.31005859375,1447.5899658203125,1451.6700439453125,4468100
2024-09-25,1461.5799560546875,1461.5799560546875,1471.68994140625,1460.22998046875,1466.3699951171875,6325300
2024-09-26,1455.030029296875,1455.030029296875,1464.81005859375,1449.6800537109375,1463.3699951171875,5682300
2024-09-27,1450.1500244140625,1450.1500244140625,1460.550048828125,1446.5999755859375,1453.97998046875,5389900
2024-09-30,1448.8299560546875,1448.8299560546875,1453.5400390625,1444.1099853515625,1445.1800537109375,4717400
2024-10-01,1464.6600341796875,1464.6600341796875,1468.1400146484375,1449.6400146484375,1449.81005859375,4035900
2024-10-02,1451.4000244140625,1451.4000244140625,1464.27001953125,1447.4000244140625,1461.7099609375,5561800
2024-10-03,1442.72998046875,1442.72998046875,1452.0,1440.31005859375,1446.6500244140625,4205800
2024-10-04,1444.25,1444.25,1447.6500244140625,1432.219970703125,1441.8399658203125,4571900
2024-10-07,1452.199951171875,1452.199951171875,1453.699951171875,1443.56005859375,1444.27001953125,3779000
2024-10-08,1452.800048828125,1452.800048828125,1459.6400146484375,1447.3499755859375,1448.27001953125,3988000
2024-10-09,1456.969970703125,1456.969970703125,1460.3299560546875,1453.3299560546875,1454.780029296875,4474300
2024-10-10,1468.52001953125,1468.52001953125,1474.510009765625,1458.5899658203125,1462.469970703125,4199400
2024-10-11,1470.0999755859375,1470.0999755859375,1482.02001953125,1470.0999755859375,1471.9300537109375,4214800
2024-10-15,1465.030029296875,1465.030029296875,1478.3699951171875,1463.3199462890625,1472.68994140625,4542000
2024-10-16,1485.010009765625,1485.010009765625,1488.5899658203125,1461.1199951171875,1462.6500244140625,5744400
2024-10-17,1495.02001953125,1495.02001953125,1498.6099853515625,1489.719970703125,1490.0999755859375,4485000
2024-10-18,1489.8199462890625,1489.8199462890625,1506.8199462890625,1488.6099853515625,1493.97998046875,4687400
2024-10-21,1488.739990234375,1488.739990234375,1494.6700439453125,1482.75,1493.0799560546875,3366700
2024-10-22,1470.3199462890625,1470.3199462890625,1487.800048828125,1467.77001953125,1485.81005859375,3560700
2024-10-24,1460.6400146484375,1460.6400146484375,1476.5799560546875,1458.6700439453125,1466.27001953125,4476700
2024-10-25,1463.4200439453125,1463.4200439453125,1468.7900390625,1456.5899658203125,1463.77001953125,3036300
2024-10-28,1453.030029296875,1453.030029296875,1465.8599853515625,1449.72998046875,1464.1199951171875,3841100
2024-10-29,1451.1600341796875,1451.1600341796875,1461.9300537109375,1449.239990234375,1453.9000244140625,2987100
2024-10-30,1447.199951171875,1447.199951171875,1456.02001953125,1443.2099609375,1448.949951171875,3285000
2024-10-31,1466.0400390625,1466.0400390625,1468.449951171875,1446.260009765625,1446.260009765625,3140900
2024-11-01,1464.1700439453125,1464.1700439453125,1466.9100341796875,1459.260009765625,1464.1700439453125,3002600
2024-11-04,1462.949951171875,1462.949951171875,1473.280029296875,1461.4599609375,1467.969970703125,2647900
2024-11-05,1481.6700439453125,1481.6700439453125,1486.550048828125,1462.6300048828125,1464.550048828125,2650200
2024-11-06,1467.4200439453125,1467.4200439453125,1487.5799560546875,1463.06005859375,1484.3800048828125,4411100
2024-11-07,1469.719970703125,1469.719970703125,1478.77001953125,1468.56005859375,1469.7099609375,3442000
2024-11-08,1464.68994140625,1464.68994140625,1474.5899658203125,1458.3399658203125,1473.18994140625,2914200
2024-11-11,1456.469970703125,1456.469970703125,1465.2900390625,1452.81005859375,1463.75,3667100
2024-11-12,1445.0699462890625,1445.0699462890625,1460.1300048828125,1443.1500244140625,1455.9000244140625,3755000
2024-11-13,1451.469970703125,1451.469970703125,1463.31005859375,1447.8199462890625,1447.8199462890625,3086500
2024-11-14,1450.1199951171875,1450.1199951171875,1461.989990234375,1441.1500244140625,1450.010009765625,3902000
2024-11-15,1442.6300048828125,1442.6300048828125,1458.3199462890625,1436.7900390625,1455.81005859375,3556700
2024-11-18,1452.780029296875,1452.780029296875,1456.5699462890625,1442.1600341796875,1448.300048828125,2898900
2024-11-19,1460.1099853515625,1460.1099853515625,1471.47998046875,1458.9100341796875,1460.25,3280400
2024-11-20,1462.47998046875,1462.47998046875,1462.77001953125,1454.68994140625,1462.6500244140625,2411000
2024-11-21,1440.4599609375,1440.4599609375,1453.1199951171875,1436.72998046875,1442.72998046875,2693000
2024-11-22,1446.300048828125,1446.300048828125,1451.52001953125,1435.780029296875,1445.1700439453125,3417900
2024-11-25,1443.31005859375,1443.31005859375,1455.3900146484375,1441.8599853515625,1452.77001953125,3001900
2024-11-26,1438.25,1438.25,1448.5899658203125,1435.5400390625,1442.27001953125,2837600
2024-11-27,1430.4000244140625,1430.4000244140625,1437.27001953125,1425.9300537109375,1436.3199462890625,2759400
2024-11-28,1428.010009765625,1428.010009765625,1433.6099853515625,1421.9599609375,1430.31005859375,2938900
2024-11-29,1427.5400390625,1427.5400390625,1433.030029296875,1422.8800048828125,1429.02001953125,3437200
2024-12-02,1437.1099853515625,1437.1099853515625,1437.1099853515625,1421.1800537109375,1430.550048828125,2991100
2024-12-03,1454.760009765625,1454.760009765625,1455.8399658203125,1441.4300537109375,1441.4300537109375,3795700
2024-12-04,1450.8199462890625,1450.8199462890625,1457.7099609375,1448.5400390625,1455.1600341796875,4401300
2024-12-06,1451.9599609375,1451.9599609375,1454.969970703125,1448.2099609375,1450.050048828125,2915600
2024-12-09,1447.530029296875,1447.530029296875,1450.4100341796875,1441.989990234375,1448.93994140625,2570700
2024-12-11,1443.050048828125,1443.050048828125,1454.3199462890625,1441.6800537109375,1444.949951171875,2647400
2024-12-12,1439.8900146484375,1439.8900146484375,1456.9200439453125,1439.010009765625,1448.5899658203125,3080000
2024-12-13,1431.6700439453125,1431.6700439453125,1438.6700439453125,1429.6800537109375,1435.31005859375,3648100
2024-12-16,1419.719970703125,1419.719970703125,1424.6800537109375,1414.8599853515625,1422.800048828125,3076000
2024-12-17,1395.5699462890625,1395.5699462890625,1421.6500244140625,1393.93994140625,1418.02001953125,4249900
2024-12-18,1398.949951171875,1398.949951171875,1404.47998046875,1389.239990234375,1399.280029296875,3363700
2024-12-19,1377.530029296875,1377.530029296875,1394.260009765625,1374.3299560546875,1384.239990234375,3597200
2024-12-20,1365.0699462890625,1365.0699462890625,1379.9100341796875,1361.3399658203125,1375.8299560546875,4330100
2024-12-23,1386.9100341796875,1386.9100341796875,1386.9300537109375,1366.7099609375,1374.06005859375,4369500
2024-12-24,1394.6700439453125,1394.6700439453125,1397.510009765625,1388.219970703125,1390.1600341796875,2174600
2024-12-26,1397.800048828125,1397.800048828125,1403.449951171875,1395.4000244140625,1400.5999755859375,2432200
2024-12-27,1401.4599609375,1401.4599609375,1410.02001953125,1395.1500244140625,1398.1300048828125,3608700
2024-12-30,1400.2099609375,1400.2099609375,1409.1300048828125,1398.3900146484375,1403.27001953125,2930700
2025-01-02,1379.8499755859375,1379.8499755859375,1399.3499755859375,1378.43994140625,1397.9300537109375,2817600
2025-01-03,1384.760009765625,1384.760009765625,1390.27001953125,1379.0899658203125,1383.280029296875,2416300
2025-01-06,1372.6500244140625,1372.6500244140625,1390.8399658203125,1370.68994140625,1388.6400146484375,2888400
2025-01-07,1390.8800048828125,1390.8800048828125,1395.699951171875,1375.2900390625,1375.2900390625,2979100
2025-01-08,1387.719970703125,1387.719970703125,1392.4300537109375,1381.719970703125,1390.81005859375,2625900
2025-01-09,1362.969970703125,1362.969970703125,1385.3399658203125,1360.27001953125,1385.3399658203125,4249300
2025-01-10,1367.989990234375,1367.989990234375,1371.0999755859375,1352.3299560546875,1362.9100341796875,4870500
2025-01-13,1354.3399658203125,1354.3399658203125,1362.1400146484375,1349.02001953125,1359.2099609375,3911000
2025-01-14,1340.25,1340.25,1363.8599853515625,1340.25,1363.8599853515625,3743900
2025-01-15,1353.1700439453125,1353.1700439453125,1353.1700439453125,1334.7900390625,1343.18994140625,3352600
2025-01-16,1352.56005859375,1352.56005859375,1363.550048828125,1346.449951171875,1362.1400146484375,3080800
2025-01-17,1340.6300048828125,1340.6300048828125,1356.3299560546875,1338.8399658203125,1348.06005859375,3204600
2025-01-20,1340.5,1340.5,1350.4100341796875,1338.2900390625,1344.530029296875,2099600
2025-01-21,1352.530029296875,1352.530029296875,1357.5,1343.22998046875,1346.5899658203125,2975000
2025-01-22,1361.77001953125,1361.77001953125,1363.9200439453125,1355.219970703125,1355.219970703125,3528000
2025-01-23,1344.1700439453125,1344.1700439453125,1362.0,1344.1700439453125,1359.8699951171875,2948600
2025-01-24,1354.0699462890625,1354.0699462890625,1354.0699462890625,1344.6199951171875,1350.030029296875,2532500
2025-01-27,1340.93994140625,1340.93994140625,1354.739990234375,1340.5899658203125,1349.050048828125,2806500
2025-01-28,1345.77001953125,1345.77001953125,1347.5400390625,1334.260009765625,1334.260009765625,2821000
2025-01-29,1343.18994140625,1343.18994140625,1351.6800537109375,1341.3199462890625,1350.72998046875,2867400
2025-01-30,1335.6400146484375,1335.6400146484375,1345.760009765625,1333.27001953125,1342.719970703125,2803900
2025-01-31,1314.5,1314.5,1337.800048828125,1310.719970703125,1336.4200439453125,3630700
2025-02-03,1304.3900146484375,1304.3900146484375,1304.3900146484375,1270.8699951171875,1276.9100341796875,4144800
2025-02-04,1301.02001953125,1301.02001953125,1316.4100341796875,1300.1099853515625,1310.75,3015100
2025-02-05,1286.739990234375,1286.739990234375,1305.1700439453125,1282.0400390625,1300.739990234375,3179300
2025-02-06,1262.0699462890625,1262.0699462890625,1290.260009765625,1260.02001953125,1289.0,3586600
2025-02-07,1282.0899658203125,1282.0899658203125,1282.0899658203125,1252.260009765625,1266.3499755859375,4205200
2025-02-10,1270.489990234375,1270.489990234375,1275.8800048828125,1262.4100341796875,1273.949951171875,3040700
2025-02-11,1283.969970703125,1283.969970703125,1285.97998046875,1269.5799560546875,1272.9100341796875,2678300
2025-02-13,1284.1099853515625,1284.1099853515625,1298.719970703125,1281.1600341796875,1287.1600341796875,2844400
2025-02-14,1272.0999755859375,1272.0999755859375,1287.6600341796875,1269.81005859375,1286.5699462890625,2792100
2025-02-17,1256.47998046875,1256.47998046875,1256.47998046875,1236.800048828125,1244.56005859375,9807200
2025-02-18,1257.47998046875,1257.47998046875,1263.010009765625,1252.72998046875,1257.6800537109375,3459300
2025-02-19,1262.27001953125,1262.27001953125,1267.719970703125,1254.1800537109375,1255.1500244140625,4125100
2025-02-20,1245.6099853515625,1245.6099853515625,1261.4100341796875,1240.56005859375,1255.25,4252900
2025-02-21,1246.2099609375,1246.2099609375,1252.5,1240.6700439453125,1243.8900146484375,3227700
2025-02-24,1235.8499755859375,1235.8499755859375,1242.5,1227.4200439453125,1242.5,3715400
2025-02-25,1206.3900146484375,1206.3900146484375,1231.47998046875,1206.3900146484375,1231.47998046875,4213000
2025-02-26,1231.1400146484375,1231.1400146484375,1233.3499755859375,1208.9100341796875,1209.719970703125,4527000
2025-02-27,1215.72998046875,1215.72998046875,1235.1099853515625,1212.5400390625,1228.6500244140625,3389300
2025-02-28,1203.719970703125,1203.719970703125,1206.5799560546875,1186.3599853515625,1192.4300537109375,5262600
2025-03-03,1188.4100341796875,1188.4100341796875,1211.2099609375,1185.72998046875,1207.27001953125,3541700
2025-03-04,1177.6400146484375,1177.6400146484375,1195.6600341796875,1173.1300048828125,1182.3199462890625,3815800
2025-03-05,1206.9599609375,1206.9599609375,1208.760009765625,1183.2099609375,1185.3599853515625,3760200
2025-03-06,1189.550048828125,1189.550048828125,1207.0400390625,1186.9100341796875,1206.8599853515625,3430500
2025-03-07,1202.030029296875,1202.030029296875,1202.030029296875,1186.9300537109375,1188.6600341796875,3046800
2025-03-10,1177.43994140625,1177.43994140625,1196.52001953125,1177.43994140625,1195.3699951171875,3122200
2025-03-11,1187.6300048828125,1187.6300048828125,1189.4000244140625,1160.989990234375,1167.18994140625,3629200
2025-03-12,1160.06005859375,1160.06005859375,1186.5699462890625,1158.1700439453125,1184.8599853515625,3572400
2025-03-13,1159.6400146484375,1159.6400146484375,1168.72998046875,1157.9599609375,1164.1800537109375,2448200
2025-03-14,1173.760009765625,1173.760009765625,1176.9200439453125,1160.1300048828125,1162.550048828125,2850100
2025-03-17,1170.199951171875,1170.199951171875,1178.510009765625,1165.4599609375,1175.739990234375,2642800
2025-03-18,1176.1700439453125,1176.1700439453125,1181.31005859375,1165.989990234375,1177.6800537109375,2778800
2025-03-19,1189.6600341796875,1189.6600341796875,1195.56005859375,1174.6199951171875,1177.3699951171875,3380500
2025-03-20,1181.7099609375,1181.7099609375,1200.0899658203125,1181.7099609375,1192.280029296875,3300200
2025-03-21,1186.6099853515625,1186.6099853515625,1190.6199951171875,1180.489990234375,1187.06005859375,4732000
2025-03-24,1190.06005859375,1190.06005859375,1192.5899658203125,1182.5999755859375,1188.199951171875,2365600
2025-03-25,1184.9300537109375,1184.9300537109375,1191.010009765625,1181.1300048828125,1190.6600341796875,2541400
2025-03-26,1190.3599853515625,1190.3599853515625,1194.6500244140625,1186.4100341796875,1186.4100341796875,2285700
2025-03-27,1187.9000244140625,1187.9000244140625,1193.9599609375,1185.199951171875,1190.260009765625,2605100
2025-03-28,1175.449951171875,1175.449951171875,1185.1800537109375,1173.489990234375,1185.02001953125,2001200
2025-03-31,1158.0899658203125,1158.0899658203125,1169.0899658203125,1155.050048828125,1155.050048828125,3765700
2025-04-01,1168.02001953125,1168.02001953125,1174.219970703125,1165.3299560546875,1165.760009765625,2323300
2025-04-02,1172.68994140625,1172.68994140625,1176.8399658203125,1166.5899658203125,1168.1199951171875,2600500
2025-04-03,1161.81005859375,1161.81005859375,1164.2900390625,1156.3900146484375,1159.9300537109375,2975200
2025-04-04,1125.2099609375,1125.2099609375,1156.02001953125,1122.510009765625,1155.4599609375,3967700
2025-04-08,1074.5899658203125,1074.5899658203125,1083.75,1056.4100341796875,1076.1099853515625,5434400
2025-04-09,1088.1800537109375,1088.1800537109375,1094.3800048828125,1062.5400390625,1070.8599853515625,4444600
2025-04-10,1133.949951171875,1133.949951171875,1146.8599853515625,1122.949951171875,1135.7900390625,3940800
2025-04-11,1128.6600341796875,1128.6600341796875,1136.1300048828125,1118.9599609375,1127.8699951171875,2881300
2025-04-16,1138.9000244140625,1138.9000244140625,1142.3499755859375,1120.719970703125,1127.5899658203125,3082700
2025-04-17,1141.280029296875,1141.280029296875,1145.18994140625,1133.9000244140625,1136.8199462890625,2852800
2025-04-18,1150.949951171875,1150.949951171875,1153.199951171875,1141.3199462890625,1143.260009765625,3127500
2025-04-21,1134.7099609375,1134.7099609375,1153.8299560546875,1130.56005859375,1149.3299560546875,6993500
2025-04-22,1144.050048828125,1144.050048828125,1146.02001953125,1127.4599609375,1129.3499755859375,3301000
2025-04-23,1153.77001953125,1153.77001953125,1160.010009765625,1147.6500244140625,1153.7099609375,3434000
2025-04-24,1146.8599853515625,1146.8599853515625,1155.1300048828125,1143.2900390625,1149.52001953125,2997900
2025-04-25,1159.0,1159.0,1161.030029296875,1151.6500244140625,1154.56005859375,2828500
2025-04-28,1159.530029296875,1159.530029296875,1166.3199462890625,1156.6300048828125,1161.469970703125,2624700
2025-04-29,1171.1199951171875,1171.1199951171875,1171.1199951171875,1155.469970703125,1160.8800048828125,3116700
2025-04-30,1197.260009765625,1197.260009765625,1197.260009765625,1169.22998046875,1171.4599609375,4590000
2025-05-02,1198.97998046875,1198.97998046875,1214.75,1196.3299560546875,1210.699951171875,3786600
2025-05-06,1187.8599853515625,1187.8599853515625,1201.0400390625,1187.8599853515625,1200.3299560546875,3853000
2025-05-07,1220.27001953125,1220.27001953125,1220.27001953125,1195.239990234375,1197.1300048828125,4382300
2025-05-08,1206.5899658203125,1206.5899658203125,1221.3399658203125,1205.5699462890625,1217.530029296875,4456500
2025-05-09,1210.93994140625,1210.93994140625,1213.6800537109375,1195.8599853515625,1211.5899658203125,3965000
2025-05-13,1214.3900146484375,1214.3900146484375,1231.02001953125,1212.18994140625,1226.9300537109375,4073100
2025-05-14,1216.7099609375,1216.7099609375,1218.6400146484375,1207.2099609375,1215.2099609375,3597100
2025-05-15,1194.489990234375,1194.489990234375,1212.47998046875,1191.4000244140625,1210.0999755859375,4088200
2025-05-16,1195.77001953125,1195.77001953125,1204.3299560546875,1190.2099609375,1198.6800537109375,3471800
2025-05-19,1187.06005859375,1187.06005859375,1195.7900390625,1184.8599853515625,1191.239990234375,3970300
2025-05-20,1189.1400146484375,1189.1400146484375,1197.800048828125,1186.3399658203125,1193.52001953125,3850800
2025-05-21,1179.81005859375,1179.81005859375,1199.2900390625,1176.6500244140625,1192.68994140625,3645900
2025-05-22,1173.3699951171875,1173.3699951171875,1182.5400390625,1171.760009765625,1175.1400146484375,3734700
2025-05-23,1176.3599853515625,1176.3599853515625,1184.8599853515625,1173.5400390625,1177.8900146484375,2719700
2025-05-26,1178.4300537109375,1178.4300537109375,1180.030029296875,1168.1700439453125,1178.719970703125,2797100
2025-05-27,1163.4200439453125,1163.4200439453125,1176.3399658203125,1159.6099853515625,1176.3399658203125,3162700
2025-05-28,1160.739990234375,1160.739990234375,1173.6800537109375,1160.5899658203125,1167.97998046875,3297900
2025-05-29,1164.010009765625,1164.010009765625,1178.239990234375,1162.8800048828125,1175.43994140625,3041600
2025-05-30,1149.1800537109375,1149.1800537109375,1160.4300537109375,1149.1800537109375,1155.5999755859375,4873800
2025-06-04,1132.02001953125,1132.02001953125,1149.6800537109375,1127.5699462890625,1147.6600341796875,3552900
2025-06-05,1140.6300048828125,1140.6300048828125,1145.010009765625,1135.0999755859375,1138.1199951171875,2701000
2025-06-06,1136.4300537109375,1136.4300537109375,1141.050048828125,1129.4100341796875,1140.27001953125,2753700
2025-06-09,1135.239990234375,1135.239990234375,1144.239990234375,1132.6700439453125,1142.3499755859375,2275500
2025-06-10,1139.1600341796875,1139.1600341796875,1144.4000244140625,1134.8199462890625,1134.8199462890625,3001500
2025-06-11,1141.5799560546875,1141.5799560546875,1145.18994140625,1139.6400146484375,1141.7099609375,2602500
2025-06-12,1128.6199951171875,1128.6199951171875,1143.449951171875,1126.9200439453125,1140.6099853515625,2764100
2025-06-13,1122.699951171875,1122.699951171875,1127.2900390625,1118.5899658203125,1124.3399658203125,3569000
2025-06-16,1114.489990234375,1114.489990234375,1123.8299560546875,1107.7900390625,1121.1400146484375,3324900
2025-06-17,1113.5799560546875,1113.5799560546875,1119.1300048828125,1112.25,1117.1700439453125,2026100
2025-06-18,1094.5799560546875,1094.5799560546875,1120.3299560546875,1094.5799560546875,1113.5899658203125,3575400
2025-06-19,1068.72998046875,1068.72998046875,1085.7099609375,1066.0699462890625,1082.800048828125,8758700
2025-06-20,1067.6300048828125,1067.6300048828125,1082.9000244140625,1066.02001953125,1071.9599609375,4239100
2025-06-23,1062.780029296875,1062.780029296875,1067.8800048828125,1053.7900390625,1059.3699951171875,3563300
2025-06-24,1100.010009765625,1100.010009765625,1100.010009765625,1074.9599609375,1076.27001953125,4532400
2025-06-25,1107.68994140625,1107.68994140625,1110.43994140625,1090.739990234375,1095.010009765625,7562900
2025-06-26,1106.72998046875,1106.72998046875,1117.6400146484375,1104.719970703125,1104.8599853515625,4593900
2025-06-27,1082.4200439453125,1082.4200439453125,1104.9200439453125,1078.5699462890625,1104.6800537109375,3428400
2025-06-30,1089.56005859375,1089.56005859375,1094.77001953125,1080.9200439453125,1089.010009765625,7904000
2025-07-01,1110.010009765625,1110.010009765625,1110.010009765625,1086.56005859375,1094.9100341796875,3109100
2025-07-02,1115.68994140625,1115.68994140625,1115.68994140625,1103.989990234375,1107.1300048828125,2811300
2025-07-03,1127.2099609375,1127.2099609375,1127.6600341796875,1113.77001953125,1114.8299560546875,3356100
2025-07-04,1119.93994140625,1119.93994140625,1128.0799560546875,1115.3699951171875,1127.3499755859375,2861300
2025-07-07,1123.0,1123.0,1123.0,1107.4599609375,1113.3599853515625,3664700
2025-07-08,1115.6500244140625,1115.6500244140625,1121.3699951171875,1110.1600341796875,1112.3900146484375,2651600
2025-07-09,1110.4000244140625,1110.4000244140625,1120.449951171875,1108.0899658203125,1115.5799560546875,2712500
2025-07-11,1121.1300048828125,1121.1300048828125,1130.280029296875,1115.469970703125,1116.6099853515625,2364100
2025-07-14,1143.31005859375,1143.31005859375,1143.31005859375,1121.6400146484375,1122.3900146484375,3173400
2025-07-15,1161.010009765625,1161.010009765625,1162.719970703125,1139.6400146484375,1143.72998046875,4165700
2025-07-16,1157.6300048828125,1157.6300048828125,1167.800048828125,1154.1300048828125,1160.1400146484375,4316500
2025-07-17,1198.1099853515625,1198.1099853515625,1199.1400146484375,1162.699951171875,1163.9000244140625,4464500
2025-07-18,1206.5799560546875,1206.5799560546875,1210.010009765625,1195.300048828125,1197.3599853515625,4248300
2025-07-21,1208.1300048828125,1208.1300048828125,1217.8299560546875,1199.5400390625,1213.52001953125,3394400
2025-07-22,1191.75,1191.75,1213.239990234375,1191.6500244140625,1209.5699462890625,3928900
2025-07-23,1219.6199951171875,1219.6199951171875,1222.75,1202.25,1202.8199462890625,3860500
2025-07-24,1212.489990234375,1212.489990234375,1227.7099609375,1206.18994140625,1214.2900390625,3626100
2025-07-25,1217.1500244140625,1217.1500244140625,1218.7099609375,1204.699951171875,1205.25,2721100
2025-07-29,1233.6800537109375,1233.6800537109375,1235.18994140625,1213.8699951171875,1224.27001953125,3425200
2025-07-30,1244.1400146484375,1244.1400146484375,1245.43994140625,1234.2099609375,1236.010009765625,4528600
2025-07-31,1242.3499755859375,1242.3499755859375,1251.1600341796875,1229.760009765625,1241.7900390625,4009900
2025-08-01,1218.3299560546875,1218.3299560546875,1255.3900146484375,1217.3699951171875,1252.5,4796000
2025-08-04,1229.4000244140625,1229.4000244140625,1231.1099853515625,1212.6800537109375,1222.5799560546875,3153600
2025-08-05,1246.9599609375,1246.9599609375,1250.3599853515625,1233.43994140625,1235.1300048828125,4058800
2025-08-06,1264.469970703125,1264.469970703125,1266.52001953125,1248.0899658203125,1253.8499755859375,5670100
2025-08-07,1265.1500244140625,1265.1500244140625,1280.780029296875,1260.31005859375,1270.43994140625,5528300
2025-08-08,1259.0699462890625,1259.0699462890625,1266.010009765625,1253.239990234375,1260.47998046875,4359000
2025-08-13,1277.4300537109375,1277.4300537109375,1280.1600341796875,1263.9300537109375,1270.550048828125,5198500
2025-08-14,1266.6700439453125,1266.6700439453125,1283.550048828125,1266.050048828125,1277.0899658203125,4744300
2025-08-15,1259.4200439453125,1259.4200439453125,1270.8900146484375,1253.510009765625,1268.8800048828125,4432500
2025-08-18,1242.31005859375,1242.31005859375,1260.22998046875,1242.31005859375,1260.22998046875,3479100
2025-08-19,1235.760009765625,1235.760009765625,1248.4000244140625,1235.760009765625,1238.8499755859375,3308400
2025-08-20,1248.1300048828125,1248.1300048828125,1251.1400146484375,1228.4300537109375,1234.489990234375,3841400
2025-08-21,1244.7900390625,1244.7900390625,1254.52001953125,1243.530029296875,1252.6099853515625,4098900
2025-08-22,1253.3900146484375,1253.3900146484375,1257.989990234375,1245.300048828125,1247.25,3186500
2025-08-25,1262.6700439453125,1262.6700439453125,1268.1300048828125,1260.760009765625,1264.68994140625,3288600
2025-08-26,1251.260009765625,1251.260009765625,1262.9300537109375,1249.449951171875,1255.949951171875,4758300
2025-08-27,1248.030029296875,1248.030029296875,1260.75,1246.8599853515625,1253.4100341796875,3144200
2025-08-28,1250.0899658203125,1250.0899658203125,1255.43994140625,1246.0,1247.760009765625,3094000
2025-08-29,1236.6099853515625,1236.6099853515625,1255.8399658203125,1236.6099853515625,1248.3199462890625,4142500
2025-09-01,1244.47998046875,1244.47998046875,1246.5799560546875,1230.550048828125,1234.93994140625,7450600
2025-09-02,1248.780029296875,1248.780029296875,1253.5999755859375,1243.47998046875,1248.5899658203125,3314200
2025-09-03,1259.31005859375,1259.31005859375,1261.8499755859375,1249.9100341796875,1250.7900390625,4728000
2025-09-04,1252.550048828125,1252.550048828125,1270.739990234375,1250.8599853515625,1262.3800048828125,4258600
2025-09-05,1264.800048828125,1264.800048828125,1270.31005859375,1255.7099609375,1258.6199951171875,5329700
2025-09-08,1266.1099853515625,1266.1099853515625,1276.1500244140625,1264.7900390625,1273.6199951171875,4890500
2025-09-09,1276.0799560546875,1276.0799560546875,1276.0799560546875,1266.5799560546875,1269.31005859375,4699300
2025-09-10,1278.050048828125,1278.050048828125,1281.18994140625,1274.3900146484375,1279.02001953125,4590600
2025-09-11,1288.030029296875,1288.030029296875,1291.6400146484375,1279.47998046875,1279.47998046875,4333200
2025-09-12,1293.6199951171875,1293.6199951171875,1299.18994140625,1289.31005859375,1295.43994140625,3602100
2025-09-15,1299.780029296875,1299.780029296875,1300.5999755859375,1287.93994140625,1294.5899658203125,3933700
2025-09-16,1308.18994140625,1308.18994140625,1309.9000244140625,1303.2900390625,1304.3699951171875,4562700
2025-09-17,1306.68994140625,1306.68994140625,1311.800048828125,1304.6700439453125,1308.72998046875,5327800
2025-09-18,1297.010009765625,1297.010009765625,1312.739990234375,1292.72998046875,1312.1500244140625,5205300
2025-09-19,1292.719970703125,1292.719970703125,1302.489990234375,1292.4100341796875,1299.8499755859375,4907700
2025-09-22,1282.5400390625,1282.5400390625,1296.4200439453125,1282.5400390625,1294.68994140625,4005200
2025-09-23,1273.199951171875,1273.199951171875,1290.8399658203125,1272.6800537109375,1284.989990234375,4298700
2025-09-24,1278.4100341796875,1278.4100341796875,1282.18994140625,1268.489990234375,1273.5,3551200
2025-09-25,1288.260009765625,1288.260009765625,1289.7099609375,1279.1099853515625,1280.7900390625,3132600
2025-09-26,1278.739990234375,1278.739990234375,1288.1300048828125,1278.199951171875,1285.449951171875,3083400
2025-09-29,1288.0699462890625,1288.0699462890625,1292.239990234375,1278.9000244140625,1285.7099609375,3297200
2025-09-30,1274.1700439453125,1274.1700439453125,1290.5400390625,1270.4200439453125,1286.4000244140625,3608500
2025-10-01,1275.030029296875,1275.030029296875,1280.81005859375,1271.780029296875,1272.4599609375,3466200
2025-10-02,1288.2900390625,1288.2900390625,1294.1400146484375,1282.949951171875,1284.75,3201300
2025-10-03,1293.6099853515625,1293.6099853515625,1300.050048828125,1286.27001953125,1290.3299560546875,3463700
2025-10-06,1285.6400146484375,1285.6400146484375,1299.239990234375,1285.6400146484375,1296.2900390625,3225600
2025-10-07,1305.239990234375,1305.239990234375,1310.6800537109375,1291.9000244140625,1293.6800537109375,2927900
2025-10-08,1304.9200439453125,1304.9200439453125,1314.0699462890625,1303.47998046875,1305.1199951171875,3154300
2025-10-09,1313.989990234375,1313.989990234375,1317.8800048828125,1309.010009765625,1309.5699462890625,3252900
2025-10-10,1286.97998046875,1286.97998046875,1296.550048828125,1282.469970703125,1291.0699462890625,2631700
2025-10-14,1266.3800048828125,1266.3800048828125,1291.199951171875,1266.3800048828125,1287.239990234375,10144100
2025-10-15,1286.68994140625,1286.68994140625,1289.0899658203125,1274.2099609375,1276.8800048828125,3862600
2025-10-16,1291.4599609375,1291.4599609375,1299.4300537109375,1286.5999755859375,1292.5699462890625,2761100
2025-10-17,1274.6099853515625,1274.6099853515625,1289.72998046875,1274.0999755859375,1282.3399658203125,3162300
2025-10-20,1284.469970703125,1284.469970703125,1289.6500244140625,1281.800048828125,1285.9100341796875,2307300
2025-10-21,1290.719970703125,1290.719970703125,1295.1099853515625,1286.8299560546875,1290.4200439453125,2983300
2025-10-22,1302.3499755859375,1302.3499755859375,1311.239990234375,1287.2900390625,1292.1099853515625,3629000
2025-10-24,1313.9100341796875,1313.9100341796875,1321.5699462890625,1305.489990234375,1308.81005859375,3392600
2025-10-27,1323.52001953125,1323.52001953125,1345.8599853515625,1322.9100341796875,1324.1500244140625,3610400
2025-10-28,1314.280029296875,1314.280029296875,1331.68994140625,1311.4100341796875,1328.9100341796875,3354800
2025-10-29,1315.6400146484375,1315.6400146484375,1321.7900390625,1312.800048828125,1315.6800537109375,2447700
2025-10-30,1314.6500244140625,1314.6500244140625,1320.22998046875,1302.300048828125,1308.0699462890625,3656900
2025-10-31,1309.5,1309.5,1318.3299560546875,1304.1099853515625,1308.030029296875,2654000
2025-11-03,1308.8599853515625,1308.8599853515625,1317.47998046875,1304.719970703125,1315.68994140625,2418100
2025-11-04,1298.5999755859375,1298.5999755859375,1313.4000244140625,1296.030029296875,1306.18994140625,3060900
2025-11-05,1295.2900390625,1295.2900390625,1301.06005859375,1283.1300048828125,1286.3900146484375,2720400
2025-11-06,1313.31005859375,1313.31005859375,1316.5899658203125,1298.6400146484375,1303.5,2858500
2025-11-07,1302.9100341796875,1302.9100341796875,1314.6300048828125,1302.4599609375,1309.550048828125,2202400
2025-11-10,1306.260009765625,1306.260009765625,1310.7099609375,1299.2900390625,1306.969970703125,6308000
2025-11-11,1300.469970703125,1300.469970703125,1309.8599853515625,1297.6300048828125,1307.699951171875,2746500
2025-11-12,1284.81005859375,1284.81005859375,1303.7099609375,1284.800048828125,1303.7099609375,3145400
2025-11-13,1287.43994140625,1287.43994140625,1292.4200439453125,1282.06005859375,1288.6400146484375,2872300
2025-11-14,1269.260009765625,1269.260009765625,1286.7099609375,1263.6199951171875,1278.550048828125,2923500
2025-11-17,1280.0699462890625,1280.0699462890625,1282.030029296875,1262.9300537109375,1268.1199951171875,2603700
2025-11-18,1270.0400390625,1270.0400390625,1277.72998046875,1267.0799560546875,1268.5699462890625,2333000
2025-11-19,1272.1700439453125,1272.1700439453125,1275.5999755859375,1263.219970703125,1272.0400390625,2795300
2025-11-20,1281.81005859375,1281.81005859375,1294.449951171875,1278.43994140625,1282.6300048828125,2808400
2025-11-21,1254.4000244140625,1254.4000244140625,1272.31005859375,1248.8900146484375,1268.2099609375,3135000
2025-11-24,1252.72998046875,1252.72998046875,1261.43994140625,1252.719970703125,1260.4599609375,3184300
2025-11-25,1268.780029296875,1268.780029296875,1270.3199462890625,1256.72998046875,1260.969970703125,2925000
2025-11-26,1261.1800537109375,1261.1800537109375,1274.6099853515625,1259.3299560546875,1274.239990234375,3318400
2025-11-27,1252.7099609375,1252.7099609375,1264.7900390625,1251.93994140625,1264.3599853515625,2021200
2025-11-28,1256.68994140625,1256.68994140625,1264.1099853515625,1251.1400146484375,1256.739990234375,2541600
2025-12-01,1276.5699462890625,1276.5699462890625,1278.6300048828125,1257.219970703125,1259.02001953125,3643700
2025-12-02,1277.5799560546875,1277.5799560546875,1279.3499755859375,1267.6400146484375,1278.75,2732200
2025-12-03,1274.8199462890625,1274.8199462890625,1282.8699951171875,1272.6300048828125,1276.8800048828125,2733500
2025-12-04,1273.77001953125,1273.77001953125,1284.3199462890625,1270.8900146484375,1279.0400390625,2633700
2025-12-08,1261.3900146484375,1261.3900146484375,1279.5400390625,1258.469970703125,1274.22998046875,2509300
2025-12-09,1269.8699951171875,1269.8699951171875,1269.8699951171875,1262.6700439453125,1263.2900390625,1816400
2025-12-11,1253.5400390625,1253.5400390625,1274.5,1250.2900390625,1274.5,2143700
2025-12-12,1254.0999755859375,1254.0999755859375,1263.3399658203125,1252.6500244140625,1255.75,2495200
2025-12-15,1273.4000244140625,1273.4000244140625,1273.4000244140625,1248.0699462890625,1249.719970703125,2668500
2025-12-16,1260.6800537109375,1260.6800537109375,1269.0699462890625,1258.5400390625,1269.0699462890625,2323500
2025-12-17,1256.8499755859375,1256.8499755859375,1265.1700439453125,1255.1199951171875,1261.8499755859375,6006800
2025-12-18,1250.0699462890625,1250.0699462890625,1262.6300048828125,1243.93994140625,1258.5,3273000
2025-12-19,1252.18994140625,1252.18994140625,1257.5,1248.3499755859375,1254.3199462890625,2492800
2025-12-22,1269.6800537109375,1269.6800537109375,1270.1600341796875,1258.739990234375,1261.5,2488100
2025-12-23,1271.1099853515625,1271.1099853515625,1278.1199951171875,1268.969970703125,1272.4200439453125,2415600
2025-12-24,1275.3299560546875,1275.3299560546875,1275.3299560546875,1269.02001953125,1272.5799560546875,2654700
2025-12-26,1259.25,1259.25,1267.300048828125,1256.3499755859375,1265.1600341796875,1854500
2025-12-29,1254.030029296875,1254.030029296875,1260.6700439453125,1246.8299560546875,1258.7099609375,1807000
2025-12-30,1259.6700439453125,1259.6700439453125,1260.469970703125,1251.3499755859375,1251.3499755859375,2528600
2026-01-05,1280.050048828125,1280.050048828125,1287.469970703125,1269.68994140625,1271.719970703125,3059000
2026-01-06,1274.75,1274.75,1282.4300537109375,1270.5,1280.4200439453125,2518200
2026-01-07,1280.8199462890625,1280.8199462890625,1281.0400390625,1272.8299560546875,1273.6800537109375,2976200
2026-01-08,1253.5999755859375,1253.5999755859375,1268.6099853515625,1251.4000244140625,1263.1199951171875,2232500
2026-01-09,1254.0899658203125,1254.0899658203125,1265.0899658203125,1251.949951171875,1255.8399658203125,2243600
2026-01-12,1242.199951171875,1242.199951171875,1259.6800537109375,1241.469970703125,1258.199951171875,2618000
2026-01-13,1235.300048828125,1235.300048828125,1251.0400390625,1232.4000244140625,1249.489990234375,2716700
2026-01-14,1244.300048828125,1244.300048828125,1247.300048828125,1235.8599853515625,1239.6500244140625,2269100
2026-01-15,1261.3900146484375,1261.3900146484375,1262.8299560546875,1236.8599853515625,1241.0699462890625,2766900
2026-01-16,1275.5999755859375,1275.5999755859375,1278.550048828125,1257.8499755859375,1261.780029296875,3040800
2026-01-19,1283.199951171875,1283.199951171875,1288.22998046875,1271.800048828125,1273.9599609375,2838000
2026-01-20,1296.3699951171875,1296.3699951171875,1306.1500244140625,1283.47998046875,1283.9100341796875,3499700
2026-01-21,1317.56005859375,1317.56005859375,1320.0899658203125,1299.6400146484375,1300.7099609375,3970000
2026-01-22,1311.6400146484375,1311.6400146484375,1327.9100341796875,1305.2099609375,1320.22998046875,4512000
2026-01-23,1314.3900146484375,1314.3900146484375,1323.5699462890625,1309.6500244140625,1313.0,3439400
2026-01-26,1307.0699462890625,1307.0699462890625,1313.06005859375,1302.739990234375,1312.7099609375,3038200
2026-01-27,1334.449951171875,1334.449951171875,1336.5,1308.1400146484375,1310.2900390625,3225400
2026-01-28,1338.9000244140625,1338.9000244140625,1344.8699951171875,1331.699951171875,1340.43994140625,2872600
2026-01-29,1331.0699462890625,1331.0699462890625,1342.18994140625,1326.8299560546875,1338.4100341796875,2929700
2026-01-30,1325.6199951171875,1325.6199951171875,1331.6199951171875,1322.3499755859375,1325.1400146484375,2731300
2026-02-02,1321.4200439453125,1321.4200439453125,1324.449951171875,1308.0400390625,1321.1500244140625,2656600
2026-02-03,1336.1099853515625,1336.1099853515625,1348.760009765625,1328.27001953125,1330.4100341796875,3388500
2026-02-04,1346.5400390625,1346.5400390625,1347.4200439453125,1337.8699951171875,1338.780029296875,3409900
2026-02-05,1346.22998046875,1346.22998046875,1351.97998046875,1338.3199462890625,1344.199951171875,3426900
2026-02-06,1354.010009765625,1354.010009765625,1361.52001953125,1341.550048828125,1342.31005859375,2661500
2026-02-09,1400.8900146484375,1400.8900146484375,1407.739990234375,1384.6099853515625,1390.5699462890625,8061300
2026-02-10,1410.43994140625,1410.43994140625,1414.949951171875,1402.2900390625,1412.3199462890625,4664900
2026-02-11,1411.699951171875,1411.699951171875,1418.22998046875,1408.68994140625,1411.75,4482200
2026-02-12,1441.530029296875,1441.530029296875,1441.530029296875,1412.449951171875,1413.9000244140625,5686200
2026-02-13,1430.4100341796875,1430.4100341796875,1443.969970703125,1426.4100341796875,1437.010009765625,5445500
2026-02-16,1438.0899658203125,1438.0899658203125,1447.6800537109375,1432.739990234375,1441.300048828125,4228200
2026-02-17,1459.6800537109375,1459.6800537109375,1460.5699462890625,1433.9100341796875,1437.72998046875,5407800
2026-02-18,1466.6700439453125,1466.6700439453125,1470.8299560546875,1456.9000244140625,1462.8199462890625,5924000
2026-02-19,1493.9100341796875,1493.9100341796875,1496.6099853515625,1471.1199951171875,1473.239990234375,6408300
2026-02-20,1479.7099609375,1479.7099609375,1495.43994140625,1474.0699462890625,1491.6800537109375,6717700
2026-02-23,1480.239990234375,1480.239990234375,1506.0799560546875,1468.02001953125,1488.27001953125,6123100
2026-02-24,1490.4000244140625,1490.4000244140625,1492.6199951171875,1468.0,1481.780029296875,4664300
2026-02-25,1516.010009765625,1516.010009765625,1522.699951171875,1502.6700439453125,1505.719970703125,5357500
2026-02-26,1533.6400146484375,1533.6400146484375,1535.8800048828125,1519.199951171875,1528.030029296875,4450000
2026-02-27,1528.260009765625,1528.260009765625,1545.31005859375,1520.9000244140625,1522.56005859375,5499100
2026-03-02,1466.510009765625,1466.510009765625,1515.989990234375,1466.510009765625,1491.9100341796875,7835100
2026-03-04,1384.6099853515625,1384.6099853515625,1404.72998046875,1341.1400146484375,1395.8900146484375,17646400
2026-03-05,1417.2900390625,1417.2900390625,1430.5799560546875,1386.699951171875,1423.8699951171875,6515500
2026-03-06,1410.3699951171875,1410.3699951171875,1418.510009765625,1404.31005859375,1410.02001953125,3670600
2026-03-09,1382.969970703125,1382.969970703125,1386.0400390625,1331.22998046875,1344.8199462890625,5365400
2026-03-10,1405.760009765625,1405.760009765625,1417.4300537109375,1393.030029296875,1410.68994140625,4203400
2026-03-11,1407.3399658203125,1407.3399658203125,1428.06005859375,1407.3399658203125,1414.3900146484375,4415900
2026-03-12,1429.800048828125,1429.800048828125,1429.800048828125,1396.8499755859375,1398.6800537109375,3954000
2026-03-13,1409.3499755859375,1409.3499755859375,1424.77001953125,1404.449951171875,1420.260009765625,6280000
2026-03-16,1405.02001953125,1405.02001953125,1418.6700439453125,1403.31005859375,1414.6199951171875,3659800
2026-03-17,1433.8800048828125,1433.8800048828125,1441.969970703125,1418.6800537109375,1422.68994140625,4624000
2026-03-18,1440.8499755859375,1440.8499755859375,1454.47998046875,1438.1300048828125,1446.18994140625,4231300
2026-03-19,1417.449951171875,1417.449951171875,1442.0400390625,1416.6099853515625,1431.3599853515625,4838900
2026-03-20,1432.989990234375,1432.989990234375,1438.7900390625,1419.8800048828125,1435.22998046875,5262000
2026-03-23,1397.3399658203125,1397.3399658203125,1409.81005859375,1396.1099853515625,1400.3299560546875,4831200
2026-03-24,1410.3900146484375,1410.3900146484375,1422.9599609375,1407.0,1416.6099853515625,3858100
2026-03-25,1457.9100341796875,1457.9100341796875,1461.18994140625,1431.1800537109375,1436.25,4732700
2026-03-26,1442.9200439453125,1442.9200439453125,1453.7900390625,1439.3800048828125,1445.7099609375,4729800
2026-03-27,1447.050048828125,1447.050048828125,1457.7099609375,1442.1600341796875,1449.3399658203125,4141600
2026-03-30,1449.6199951171875,1449.6199951171875,1453.050048828125,1432.5699462890625,1436.4100341796875,3768300
2026-03-31,1448.1400146484375,1448.1400146484375,1454.1600341796875,1439.4599609375,1454.1600341796875,4583600
2026-04-01,1470.989990234375,1470.989990234375,1477.9599609375,1464.280029296875,1471.719970703125,5748500
2026-04-02,1465.719970703125,1465.719970703125,1472.3900146484375,1459.5,1464.300048828125,3857700
2026-04-03,1454.0,1454.0,1473.260009765625,1453.77001953125,1471.75,3494300
2026-04-07,1464.4300537109375,1464.4300537109375,1466.47998046875,1449.4300537109375,1458.2099609375,3176200
2026-04-08,1485.030029296875,1485.030029296875,1491.260009765625,1479.97998046875,1488.3399658203125,4358200
2026-04-09,1489.6600341796875,1489.6600341796875,1495.4200439453125,1482.1199951171875,1485.1600341796875,3386100
2026-04-10,1506.8399658203125,1506.8399658203125,1510.02001953125,1494.5999755859375,1496.489990234375,2674400
2026-04-16,1489.72998046875,1489.72998046875,1510.0799560546875,1486.6099853515625,1508.739990234375,3884000
2026-04-17,1482.449951171875,1482.449951171875,1489.1400146484375,1472.5799560546875,1483.219970703125,4135200
2026-04-20,1481.8499755859375,1481.8499755859375,1484.969970703125,1472.239990234375,1480.010009765625,2611700
2026-04-21,1483.5,1483.5,1487.280029296875,1476.5699462890625,1483.7900390625,3253700
2026-04-22,1479.739990234375,1479.739990234375,1488.6800537109375,1477.050048828125,1477.050048828125,3706200
2026-04-23,1461.3499755859375,1461.3499755859375,1476.8399658203125,1452.3599853515625,1471.27001953125,3719500
2026-04-24,1456.0999755859375,1456.0999755859375,1458.469970703125,1438.3299560546875,1454.68994140625,3093400
2026-04-27,1479.1300048828125,1479.1300048828125,1484.1300048828125,1463.0,1466.239990234375,3352200
2026-04-28,1480.199951171875,1480.199951171875,1489.780029296875,1467.6700439453125,1486.22998046875,3908400
2026-04-29,1491.739990234375,1491.739990234375,1492.719970703125,1475.300048828125,1478.6800537109375,4207300
2026-04-30,1493.68994140625,1493.68994140625,1493.68994140625,1481.050048828125,1485.989990234375,0
