Date,Adj Close,Close,High,Low,Open,Volume
03/01/2018,1778.530029,1778.530029,1779.550049,1758.069946,1759.609985,12689600
04/01/2018,1791.02002,1791.02002,1791.390015,1779.280029,1786.640015,13110700
05/01/2018,1795.449951,1795.449951,1803.930054,1787.339966,1793.890015,12718100
08/01/2018,1792.810059,1792.810059,1813.170044,1792.810059,1799.589966,12087600
09/01/2018,1795.209961,1795.209961,1798.689941,1784.75,1795.890015,13874900
10/01/2018,1794.920044,1794.920044,1807.089966,1791.819946,1803.140015,13491400
11/01/2018,1802.800049,1802.800049,1804.540039,1786.469971,1795.079956,11604700
12/01/2018,1810.189941,1810.189941,1816.810059,1808.530029,1810.130005,10684000
15/01/2018,1822.660034,1822.660034,1830.680054,1818.51001,1819.23999,14124100
16/01/2018,1821.829956,1821.829956,1831.449951,1816.900024,1829.089966,11258300
17/01/2018,1828.880005,1828.880005,1828.930054,1816.060059,1819.130005,10172600
18/01/2018,1819.319946,1819.319946,1837.920044,1819.180054,1836.349976,11953100
19/01/2018,1821.339966,1821.339966,1821.339966,1803.550049,1815.199951,12175600
22/01/2018,1824.060059,1824.060059,1827.290039,1815.130005,1819.140015,10269000
23/01/2018,1831.780029,1831.780029,1836.680054,1825.069946,1830.920044,14008200
24/01/2018,1838.959961,1838.959961,1841.209961,1829.079956,1831.390015,12080400
25/01/2018,1819.290039,1819.290039,1848.069946,1819.290039,1843.300049,12172100
26/01/2018,1828.880005,1828.880005,1829.069946,1806.130005,1819.449951,13326500
29/01/2018,1837.48999,1837.48999,1839.849976,1831.150024,1835.900024,10343700
30/01/2018,1826.609985,1826.609985,1835.589966,1821.400024,1834.369995,10948700
31/01/2018,1826.859985,1826.859985,1834.26001,1819.5,1820.349976,10758000
01/02/2018,1833.599976,1833.599976,1837.859985,1830.550049,1833.530029,10696200
02/02/2018,1827.349976,1827.349976,1841.939941,1822.719971,1838.97998,10925200
05/02/2018,1810.319946,1810.319946,1813.939941,1796.930054,1798.420044,12664100
06/02/2018,1788.430054,1788.430054,1792.170044,1758.310059,1775.420044,17556200
07/02/2018,1785.439941,1785.439941,1804.75,1782.939941,1801.939941,11263800
08/02/2018,1786.660034,1786.660034,1796.069946,1781.180054,1787.23999,9393200
09/02/2018,1786.449951,1786.449951,1788.01001,1766.819946,1767.310059,11577800
12/02/2018,1799.449951,1799.449951,1799.449951,1786.25,1790,9112200
13/02/2018,1800.030029,1800.030029,1806.109985,1797.290039,1804.640015,9704800
14/02/2018,1792.089966,1792.089966,1806.780029,1792,1805.680054,9839800
15/02/2018,1800.859985,1800.859985,1801.949951,1790.800049,1799.689941,8694600
16/02/2018,1805.890015,1805.890015,1809.75,1802.390015,1804.599976,6893800
19/02/2018,1809.670044,1809.670044,1819.359985,1809.140015,1812.359985,9526400
20/02/2018,1801.02002,1801.02002,1815.329956,1801.02002,1811.160034,8519900
21/02/2018,1801.160034,1801.160034,1814.829956,1797.790039,1812.48999,12099500
22/02/2018,1788.630005,1788.630005,1808.579956,1787.699951,1801.079956,16028200
23/02/2018,1808.060059,1808.060059,1809.300049,1790.280029,1792.829956,19007100
26/02/2018,1834.180054,1834.180054,1834.209961,1809.329956,1811.540039,11054900
27/02/2018,1830.390015,1830.390015,1852.51001,1830.030029,1842.920044,15918200
28/02/2018,1830.130005,1830.130005,1840.060059,1825.670044,1828.619995,12069700
02/03/2018,1811.97998,1811.97998,1825.630005,1806.839966,1821.170044,10595800
05/03/2018,1808.890015,1808.890015,1817.079956,1792.140015,1812.27002,13921600
06/03/2018,1799.060059,1799.060059,1817.930054,1795.339966,1812.27002,13784700
07/03/2018,1781.640015,1781.640015,1798.130005,1780.119995,1797.040039,14634100
08/03/2018,1778.900024,1778.900024,1794.180054,1772.790039,1785.439941,12928100
09/03/2018,1775.369995,1775.369995,1786.430054,1761.630005,1784.880005,13753100
12/03/2018,1800.319946,1800.319946,1800.329956,1784.390015,1789.160034,11134000
13/03/2018,1809.900024,1809.900024,1809.900024,1793.780029,1797.800049,14744500
14/03/2018,1813.400024,1813.400024,1817.359985,1803.599976,1805.219971,14923100
15/03/2018,1816.079956,1816.079956,1820.51001,1809.939941,1815.119995,12414100
16/03/2018,1811.76001,1811.76001,1818.530029,1809.410034,1813,11820600
19/03/2018,1799.790039,1799.790039,1812.939941,1797.579956,1812.329956,10514600
20/03/2018,1799.839966,1799.839966,1803.839966,1793.089966,1793.619995,9553700
21/03/2018,1801.430054,1801.430054,1808.849976,1796.349976,1806.920044,9943200
22/03/2018,1798.550049,1798.550049,1813.640015,1796.75,1809,10247600
23/03/2018,1794.209961,1794.209961,1794.209961,1779.72998,1780.880005,10877200
26/03/2018,1801.099976,1801.099976,1801.5,1792.98999,1797.27002,7923100
27/03/2018,1802.579956,1802.579956,1810.530029,1799.880005,1807.790039,10512600
28/03/2018,1784.98999,1784.98999,1802.709961,1782.069946,1797.839966,10546200
29/03/2018,1766.920044,1766.920044,1789,1756.619995,1783.719971,12447900
30/03/2018,1776.26001,1776.26001,1777.060059,1753.930054,1774.339966,13025500
02/04/2018,1782.280029,1782.280029,1783.72998,1771.579956,1774.719971,9089300
03/04/2018,1765.23999,1765.23999,1779.040039,1764.180054,1773.699951,11079600
04/04/2018,1724.97998,1724.97998,1771.579956,1724.900024,1767.459961,17115100
05/04/2018,1739.920044,1739.920044,1740.839966,1724.880005,1735.73999,12908700
09/04/2018,1751.27002,1751.27002,1752.910034,1735.380005,1737.079956,11428300
10/04/2018,1760.949951,1760.949951,1761.76001,1744.72998,1757,11310400
11/04/2018,1763.219971,1763.219971,1770.469971,1756.400024,1763.310059,10382100
12/04/2018,1767.170044,1767.170044,1770.01001,1757.76001,1764.199951,9070800
17/04/2018,1755.530029,1755.530029,1768.380005,1752.430054,1766.819946,9349600
18/04/2018,1771.560059,1771.560059,1772.27002,1760.670044,1761.829956,10750000
19/04/2018,1794.939941,1794.939941,1795.300049,1776.810059,1778.199951,13705300
20/04/2018,1801.280029,1801.280029,1805.72998,1787.949951,1797.310059,12670600
23/04/2018,1790.140015,1790.140015,1805.780029,1789.02002,1800.780029,12341900
24/04/2018,1788.199951,1788.199951,1803.209961,1784.47998,1796.5,13645500
25/04/2018,1779.52002,1779.52002,1787,1772.349976,1781.280029,12475100
26/04/2018,1773.199951,1773.199951,1785.280029,1770.339966,1780.01001,11714400
27/04/2018,1778.02002,1778.02002,1779.800049,1767.119995,1777.380005,11069100
30/04/2018,1780.109985,1780.109985,1784.5,1776.939941,1782.099976,9936900
02/05/2018,1791.130005,1791.130005,1791.140015,1771.650024,1777.27002,11082900
03/05/2018,1790.800049,1790.800049,1797.560059,1786,1786.550049,12275400
04/05/2018,1779.869995,1779.869995,1792.219971,1777.099976,1786.869995,11943700
07/05/2018,1779.800049,1779.800049,1789.77002,1776.319946,1785.650024,9977200
08/05/2018,1760.25,1760.25,1782.079956,1756.719971,1780.48999,13720200
09/05/2018,1756.900024,1756.900024,1763.25,1751.219971,1761.189941,12670600
10/05/2018,1746.890015,1746.890015,1763.060059,1744.550049,1762.329956,12550300
11/05/2018,1765.930054,1765.930054,1765.939941,1746.030029,1749.939941,22326700
14/05/2018,1773.099976,1773.099976,1774.819946,1767.22998,1770.319946,15512000
15/05/2018,1766.859985,1766.859985,1774.709961,1759.219971,1773.410034,15128500
16/05/2018,1750.619995,1750.619995,1761.060059,1747.319946,1757.900024,13969000
17/05/2018,1751.199951,1751.199951,1757.969971,1745.449951,1752.23999,14037100
18/05/2018,1754.170044,1754.170044,1755.530029,1745.900024,1752.569946,11684800
21/05/2018,1768.310059,1768.310059,1770.130005,1758.469971,1761.040039,12155000
22/05/2018,1760.709961,1760.709961,1771.160034,1754.819946,1769.22998,12234700
23/05/2018,1753.599976,1753.599976,1761.609985,1747.75,1756.199951,24691300
24/05/2018,1732.51001,1732.51001,1751.040039,1729.949951,1747.170044,14240500
25/05/2018,1741.209961,1741.209961,1741.22998,1725.060059,1735.949951,12345500
28/05/2018,1734.540039,1734.540039,1738.920044,1729.660034,1735.810059,11840800
30/05/2018,1725.140015,1725.140015,1726.650024,1711.72998,1717.5,15882900
31/05/2018,1726.969971,1726.969971,1734.280029,1720.310059,1730.02002,16041800
01/06/2018,1719.819946,1719.819946,1729.880005,1714.619995,1726.849976,16834600
04/06/2018,1721.290039,1721.290039,1724.709961,1715.819946,1718.920044,14995800
05/06/2018,1732.709961,1732.709961,1734.319946,1710.810059,1722.380005,15586200
06/06/2018,1738.699951,1738.699951,1744.47998,1731.97998,1737.22998,12705300
07/06/2018,1733.050049,1733.050049,1746.5,1733.01001,1743.630005,11526300
08/06/2018,1722.040039,1722.040039,1736,1721.880005,1735.780029,10466700
11/06/2018,1723.109985,1723.109985,1727.630005,1716.25,1723.800049,9196100
12/06/2018,1727.290039,1727.290039,1735.839966,1724.709961,1725.910034,13788900
13/06/2018,1718.339966,1718.339966,1728.540039,1716.380005,1726.469971,10213500
14/06/2018,1709.859985,1709.859985,1715.650024,1699.660034,1714.52002,12043900
15/06/2018,1704.819946,1704.819946,1711.400024,1695.390015,1706.52002,12041100
18/06/2018,1679.680054,1679.680054,1695.439941,1679.47998,1694.23999,10294500
19/06/2018,1639.540039,1639.540039,1674.280029,1633.719971,1667.469971,16028600
20/06/2018,1664.26001,1664.26001,1665.27002,1640.130005,1647.219971,11881500
21/06/2018,1634.439941,1634.439941,1664.969971,1629.26001,1663.630005,12472400
22/06/2018,1634.97998,1634.97998,1648.73999,1628.160034,1641.579956,12834200
25/06/2018,1622.280029,1622.280029,1646.369995,1621.119995,1641.02002,10432700
26/06/2018,1623.97998,1623.97998,1629.02002,1608.23999,1615.790039,11335300
27/06/2018,1618.660034,1618.660034,1638.72998,1615.380005,1631.390015,12532800
28/06/2018,1599.540039,1599.540039,1624.969971,1599.439941,1623.670044,14053400
29/06/2018,1595.579956,1595.579956,1609.859985,1584.680054,1604.51001,13846200
02/07/2018,1607.27002,1607.27002,1607.410034,1586.339966,1597.01001,12098300
03/07/2018,1626.619995,1626.619995,1628.300049,1600.709961,1607.199951,15296900
04/07/2018,1629.199951,1629.199951,1632.430054,1615.900024,1625.170044,14475600
05/07/2018,1601.420044,1601.420044,1628.790039,1596.550049,1626.780029,13751100
06/07/2018,1614.76001,1614.76001,1618.359985,1587.939941,1598.76001,15559400
09/07/2018,1622.959961,1622.959961,1629.209961,1620.920044,1626.109985,10823300
10/07/2018,1643.599976,1643.599976,1643.76001,1617.51001,1629.01001,13393400
11/07/2018,1636.630005,1636.630005,1641.339966,1628.030029,1631.630005,11550700
12/07/2018,1640.930054,1640.930054,1646.119995,1633.530029,1634.72998,12133600
13/07/2018,1643.52002,1643.52002,1649.660034,1639.48999,1645.329956,10420500
16/07/2018,1627.689941,1627.689941,1640.73999,1623.420044,1638.349976,9962200
17/07/2018,1626.069946,1626.069946,1629.180054,1616.589966,1624.680054,11194700
18/07/2018,1635.849976,1635.849976,1638.52002,1630.040039,1632.170044,10143300
19/07/2018,1646.890015,1646.890015,1650.849976,1637.199951,1641.219971,10075800
20/07/2018,1671.060059,1671.060059,1674.319946,1648.439941,1651.359985,15743100
23/07/2018,1675.75,1675.75,1681.73999,1665.920044,1672.109985,12533900
24/07/2018,1674.219971,1674.219971,1686.810059,1667.949951,1684.199951,14042700
25/07/2018,1690.079956,1690.079956,1695.199951,1678.089966,1678.630005,14299600
26/07/2018,1701.869995,1701.869995,1702.300049,1689.689941,1700.530029,11820100
31/07/2018,1701.790039,1701.790039,1709.579956,1695.589966,1704.040039,12263900
01/08/2018,1722.01001,1722.01001,1722.719971,1703.390015,1705.47998,12957800
02/08/2018,1708.280029,1708.280029,1718.410034,1700.689941,1716.329956,13442600
03/08/2018,1712.089966,1712.089966,1715.47998,1706.540039,1708.189941,12004300
06/08/2018,1696.23999,1696.23999,1721.050049,1694.97998,1718,13139800
07/08/2018,1707.26001,1707.26001,1710.75,1692.01001,1701.01001,12788600
08/08/2018,1721.640015,1721.640015,1723.5,1707.589966,1709.160034,13341900
09/08/2018,1722.47998,1722.47998,1729.420044,1716.900024,1722.689941,11956600
10/08/2018,1705.959961,1705.959961,1719.030029,1705.199951,1718.5,13789700
14/08/2018,1695.349976,1695.349976,1697.060059,1684,1692.77002,13085100
15/08/2018,1676.290039,1676.290039,1690.23999,1673.77002,1688.640015,14452700
16/08/2018,1680.959961,1680.959961,1682.430054,1664.900024,1673.329956,14191100
17/08/2018,1690.040039,1690.040039,1694.390015,1687.030029,1688.01001,11990300
20/08/2018,1701.420044,1701.420044,1705.329956,1693.900024,1698.969971,11129400
21/08/2018,1694.630005,1694.630005,1707.630005,1688.589966,1703.819946,12457600
22/08/2018,1698.300049,1698.300049,1705.910034,1695.339966,1695.939941,10511600
23/08/2018,1704.800049,1704.800049,1709.900024,1701.300049,1705.630005,9909500
24/08/2018,1703.819946,1703.819946,1704.589966,1697.589966,1701.310059,19837300
27/08/2018,1717.23999,1717.23999,1717.449951,1708.939941,1710.040039,10287700
28/08/2018,1718.150024,1718.150024,1728.219971,1716.569946,1723.959961,10236400
29/08/2018,1722.26001,1722.26001,1723.030029,1714.140015,1721.359985,9492800
30/08/2018,1720.430054,1720.430054,1730.650024,1720.410034,1726.280029,12026400
31/08/2018,1721.579956,1721.579956,1721.98999,1712.920044,1714.47998,13723800
03/09/2018,1721.209961,1721.209961,1726.300049,1718.869995,1721.939941,9891900
04/09/2018,1714.410034,1714.410034,1724.859985,1713.959961,1722.560059,12018200
05/09/2018,1686.369995,1686.369995,1711.369995,1685.949951,1709.26001,13137200
06/09/2018,1693.939941,1693.939941,1694.050049,1676.670044,1685.380005,13022500
07/09/2018,1689.48999,1689.48999,1694.560059,1683.579956,1687.949951,9746700
10/09/2018,1691.51001,1691.51001,1692.160034,1680.5,1686.780029,10781200
11/09/2018,1672.420044,1672.420044,1694.859985,1672.400024,1690.650024,12262500
12/09/2018,1679.390015,1679.390015,1680.540039,1666.069946,1672.040039,17223000
13/09/2018,1717.959961,1717.959961,1723.47998,1690.839966,1691.040039,18816600
14/09/2018,1722.209961,1722.209961,1727.829956,1718.109985,1724.829956,13604700
17/09/2018,1718.390015,1718.390015,1725.030029,1711.569946,1717.98999,13539500
18/09/2018,1744.420044,1744.420044,1748.76001,1716.75,1718.48999,18571700
19/09/2018,1749.800049,1749.800049,1762.719971,1747.469971,1749.630005,21990600
20/09/2018,1752.109985,1752.109985,1762.170044,1749.719971,1757.420044,20670300
21/09/2018,1756.119995,1756.119995,1766.619995,1753.319946,1758.800049,18372400
24/09/2018,1749.420044,1749.420044,1759.51001,1748.52002,1751.290039,12967800
25/09/2018,1747.98999,1747.98999,1756.849976,1745.72998,1753.660034,12142000
26/09/2018,1749.930054,1749.930054,1755.569946,1746.98999,1752.52002,11115100
27/09/2018,1752.949951,1752.949951,1753.160034,1735.579956,1751.699951,14091000
28/09/2018,1756.410034,1756.410034,1758.949951,1751.089966,1757.599976,11257100
01/10/2018,1760.469971,1760.469971,1765.060059,1757.73999,1762.300049,12268100
02/10/2018,1748.089966,1748.089966,1762.23999,1746.060059,1757.329956,15101500
03/10/2018,1741.959961,1741.959961,1757.430054,1741.959961,1753.790039,13811000
04/10/2018,1729.400024,1729.400024,1740.589966,1720.130005,1735.73999,14671800
05/10/2018,1720.52002,1720.52002,1732.359985,1718.119995,1726.410034,11973000
08/10/2018,1696.219971,1696.219971,1728.23999,1696.199951,1719.709961,17408500
09/10/2018,1696.920044,1696.920044,1708.719971,1690.920044,1699.98999,14114900
10/10/2018,1721.819946,1721.819946,1721.819946,1707.630005,1709.339966,12721900
11/10/2018,1682.890015,1682.890015,1688.630005,1673.589966,1679.27002,16931600
12/10/2018,1696.160034,1696.160034,1699.599976,1688.439941,1690.280029,10378900
16/10/2018,1697.869995,1697.869995,1701.569946,1689.829956,1697.560059,10042800
17/10/2018,1695.040039,1695.040039,1710.390015,1695.040039,1708.089966,11130100
18/10/2018,1682.910034,1682.910034,1694.670044,1681.23999,1692.150024,12807400
19/10/2018,1667.910034,1667.910034,1681.920044,1664.089966,1680.119995,14603800
22/10/2018,1658.560059,1658.560059,1674.25,1654.900024,1669.819946,12751300
24/10/2018,1623.369995,1623.369995,1647.900024,1618.819946,1641.609985,18451600
25/10/2018,1644.329956,1644.329956,1645.910034,1596.400024,1605.910034,20309000
26/10/2018,1628.959961,1628.959961,1639.670044,1625.329956,1637.47998,13383500
29/10/2018,1636.880005,1636.880005,1645.97998,1630.72998,1632.26001,11618900
30/10/2018,1638.51001,1638.51001,1645.310059,1633.72998,1638.829956,11270500
31/10/2018,1669.089966,1669.089966,1669.27002,1649.27002,1651.069946,13487200
01/11/2018,1667.550049,1667.550049,1674.869995,1660.109985,1672.140015,15043800
02/11/2018,1681.839966,1681.839966,1687.76001,1672.089966,1675.089966,15333000
05/11/2018,1670.579956,1670.579956,1673.01001,1666.5,1670.459961,9698400
06/11/2018,1669.329956,1669.329956,1684.439941,1669.219971,1677.449951,10605700
07/11/2018,1675.329956,1675.329956,1676.089966,1656.51001,1673.650024,15121700
08/11/2018,1681.72998,1681.72998,1688.900024,1681.25,1685.290039,11756200
09/11/2018,1668.52002,1668.52002,1677.51001,1664.849976,1675.839966,11114300
12/11/2018,1654.849976,1654.849976,1673.420044,1654.800049,1672.849976,10121700
13/11/2018,1659.780029,1659.780029,1664.51001,1642.829956,1645.420044,15353900
14/11/2018,1652.300049,1652.300049,1660.73999,1646.23999,1655.089966,11813600
15/11/2018,1638.829956,1638.829956,1658.02002,1638.670044,1656.599976,12749000
16/11/2018,1635,1635,1646.459961,1632.939941,1640.469971,11409300
19/11/2018,1636.47998,1636.47998,1640.530029,1630.959961,1634.099976,9534600
20/11/2018,1612.030029,1612.030029,1632.22998,1610.180054,1631.810059,11186700
21/11/2018,1617.329956,1617.329956,1622.140015,1598.569946,1603.72998,13554600
22/11/2018,1604.400024,1604.400024,1622.01001,1603,1616.949951,10357000
23/11/2018,1622.099976,1622.099976,1623.01001,1600.630005,1607.109985,11999200
26/11/2018,1630.77002,1630.77002,1631.73999,1616.969971,1621.98999,10545900
27/11/2018,1634.27002,1634.27002,1636.890015,1627.540039,1630.079956,14990400
28/11/2018,1640.630005,1640.630005,1644.27002,1635.369995,1636.589966,9868300
29/11/2018,1636.48999,1636.48999,1650.689941,1635.189941,1646.619995,10439600
30/11/2018,1641.800049,1641.800049,1647.890015,1633.439941,1640.699951,10155200
03/12/2018,1672.609985,1672.609985,1675.430054,1660.050049,1662.150024,12969100
04/12/2018,1672.319946,1672.319946,1677.98999,1669.099976,1674.530029,10596100
06/12/2018,1653.72998,1653.72998,1658.640015,1649.22998,1653.089966,10941800
07/12/2018,1649.98999,1649.98999,1659.449951,1648.329956,1656.109985,10340400
11/12/2018,1633.619995,1633.619995,1647.880005,1633.109985,1646.869995,12195500
12/12/2018,1634.880005,1634.880005,1644.900024,1632.339966,1642.420044,9590300
13/12/2018,1614.98999,1614.98999,1642.199951,1612.910034,1638.959961,12404900
14/12/2018,1609.449951,1609.449951,1620.599976,1602.420044,1613.22998,12610000
17/12/2018,1601.47998,1601.47998,1615.630005,1593.369995,1612.869995,14314000
18/12/2018,1583.189941,1583.189941,1595.319946,1580.579956,1594.099976,11974300
19/12/2018,1601.119995,1601.119995,1601.170044,1578.640015,1582.579956,13695500
20/12/2018,1596.099976,1596.099976,1599.199951,1583.109985,1594.859985,11519700
21/12/2018,1595.329956,1595.329956,1601.579956,1586.349976,1588.98999,12791200
24/12/2018,1591.290039,1591.290039,1599.890015,1588.560059,1589.689941,9808300
25/12/2018,1556.650024,1556.650024,1576.75,1555,1576.400024,11277700
26/12/2018,1556.930054,1556.930054,1562,1548.98999,1556.949951,11266100
27/12/2018,1548.369995,1548.369995,1585.77002,1546.619995,1582.219971,13739900
28/12/2018,1563.880005,1563.880005,1564.02002,1549.699951,1550.869995,10426000
02/01/2019,1565.939941,1565.939941,1575.219971,1563.660034,1567.089966,10194900
03/01/2019,1560.030029,1560.030029,1578.170044,1556.77002,1571.47998,11329500
04/01/2019,1575.130005,1575.130005,1575.130005,1550.219971,1559.630005,13893000
07/01/2019,1592.719971,1592.719971,1596.969971,1582.689941,1584.73999,11990800
08/01/2019,1594,1594,1597.349976,1587.469971,1594.069946,10794000
09/01/2019,1590.5,1590.5,1609.390015,1587.530029,1604.209961,11737800
10/01/2019,1587.630005,1587.630005,1599.099976,1579.199951,1590.069946,14417500
11/01/2019,1597.040039,1597.040039,1597.180054,1586.930054,1591.209961,12091900
14/01/2019,1582.569946,1582.569946,1594.060059,1580.560059,1592.579956,12264700
15/01/2019,1577,1577,1590.150024,1574.369995,1587.170044,12266100
16/01/2019,1577.410034,1577.410034,1582.439941,1565.47998,1581.369995,16491000
17/01/2019,1580.300049,1580.300049,1586.880005,1576.839966,1578.140015,12517900
18/01/2019,1583.77002,1583.77002,1588.75,1577.859985,1585.069946,12078300
21/01/2019,1588.380005,1588.380005,1595.160034,1585.23999,1586.719971,11686000
22/01/2019,1601.77002,1601.77002,1601.800049,1586.189941,1587.819946,12678200
23/01/2019,1617.380005,1617.380005,1620.51001,1600.349976,1601.719971,17194400
24/01/2019,1620.530029,1620.530029,1628.209961,1614.560059,1619.119995,14532200
25/01/2019,1623.619995,1623.619995,1628.619995,1617.780029,1625.589966,13251300
28/01/2019,1625.030029,1625.030029,1634.699951,1622.579956,1627.709961,12346700
29/01/2019,1624.050049,1624.050049,1625.359985,1616.449951,1623,12733800
30/01/2019,1632.599976,1632.599976,1632.829956,1622.589966,1626.550049,11903500
31/01/2019,1641.72998,1641.72998,1649.849976,1639.900024,1640.339966,13667900
01/02/2019,1651.400024,1651.400024,1655.339966,1642.23999,1644.609985,12020800
04/02/2019,1653.619995,1653.619995,1659.26001,1652.140015,1655.420044,9646200
05/02/2019,1653.089966,1653.089966,1654.97998,1645.569946,1653.530029,8180900
06/02/2019,1658.709961,1658.709961,1663.48999,1653,1655.140015,11172100
07/02/2019,1653.109985,1653.109985,1667.01001,1649.5,1659.939941,14228900
08/02/2019,1651.680054,1651.680054,1657.579956,1637.579956,1647.630005,17336800
11/02/2019,1638,1638,1647.48999,1632.819946,1644.75,13052400
12/02/2019,1642.48999,1642.48999,1645.630005,1635.540039,1637.47998,10872000
13/02/2019,1655.72998,1655.72998,1657.119995,1645.839966,1649.089966,13093000
14/02/2019,1652.640015,1652.640015,1659.52002,1650.130005,1658.410034,12783200
15/02/2019,1636.939941,1636.939941,1652.060059,1634.869995,1651.099976,14856000
18/02/2019,1635.709961,1635.709961,1647.73999,1635.709961,1644.98999,10598900
20/02/2019,1645.380005,1645.380005,1647.209961,1636.119995,1639.160034,12474200
21/02/2019,1647.319946,1647.319946,1651.800049,1642.48999,1646.959961,11948000
22/02/2019,1659.199951,1659.199951,1661.089966,1644.51001,1645.329956,13635100
25/02/2019,1671.75,1671.75,1674.540039,1664.920044,1665.300049,14260400
26/02/2019,1663.560059,1663.560059,1670.77002,1662.810059,1665.890015,14778700
27/02/2019,1665.27002,1665.27002,1668.609985,1659.619995,1663.920044,14815800
28/02/2019,1653.47998,1653.47998,1666.73999,1652.709961,1666.329956,14365700
01/03/2019,1641.439941,1641.439941,1656.640015,1640.569946,1655.27002,15181700
04/03/2019,1635.300049,1635.300049,1643.530029,1632.829956,1641.319946,16037000
05/03/2019,1639,1639,1641.560059,1629.550049,1633.51001,12923500
06/03/2019,1625.51001,1625.51001,1639.420044,1624.680054,1636.680054,14347400
07/03/2019,1633.209961,1633.209961,1635.77002,1623.319946,1624.76001,12829400
08/03/2019,1630.119995,1630.119995,1637.459961,1626.329956,1631.689941,12502900
11/03/2019,1627.430054,1627.430054,1636.199951,1625.060059,1633.449951,10917500
12/03/2019,1627.589966,1627.589966,1633.969971,1624.550049,1631.880005,12350600
13/03/2019,1639.670044,1639.670044,1639.689941,1623.75,1626.420044,12899900
14/03/2019,1635.880005,1635.880005,1643.560059,1634.699951,1642.359985,12728300
15/03/2019,1625.569946,1625.569946,1639.099976,1625.410034,1636.819946,13571900
18/03/2019,1617.569946,1617.569946,1630.449951,1612.849976,1628.849976,13555000
19/03/2019,1630.089966,1630.089966,1633.26001,1617.01001,1617.869995,13414700
20/03/2019,1627.619995,1627.619995,1635.420044,1626.969971,1631.439941,12315000
21/03/2019,1634,1634,1640.040039,1631.410034,1631.790039,12442100
22/03/2019,1646.290039,1646.290039,1646.939941,1633.670044,1636.689941,13681800
25/03/2019,1625.910034,1625.910034,1636.930054,1617.890015,1632.030029,13722700
26/03/2019,1632.319946,1632.319946,1634.189941,1622.939941,1626.890015,13043300
27/03/2019,1629.400024,1629.400024,1635.430054,1624.26001,1632.27002,14081000
28/03/2019,1634.25,1634.25,1637.599976,1625.77002,1626.599976,15464800
29/03/2019,1638.650024,1638.650024,1644.27002,1635.23999,1639.310059,11081100
01/04/2019,1644.640015,1644.640015,1651.140015,1644.219971,1645.369995,11050600
02/04/2019,1651.47998,1651.47998,1655.089966,1647.930054,1650.540039,10505500
03/04/2019,1649.060059,1649.060059,1654.02002,1646.01001,1653.079956,14500200
04/04/2019,1644.219971,1644.219971,1650.75,1640.01001,1649.390015,9786700
05/04/2019,1646.180054,1646.180054,1649.98999,1643.130005,1646.030029,8162700
09/04/2019,1657.73999,1657.73999,1660.310059,1648.22998,1650.550049,11018200
10/04/2019,1662.130005,1662.130005,1664.680054,1658.26001,1659.290039,9974900
11/04/2019,1659.089966,1659.089966,1662.530029,1656.329956,1661.569946,9339500
12/04/2019,1660.449951,1660.449951,1662.599976,1654.459961,1658,9076700
17/04/2019,1673.199951,1673.199951,1676,1664.040039,1665.680054,12408000
18/04/2019,1675,1675,1677.140015,1667.699951,1674.73999,10629000
19/04/2019,1674.099976,1674.099976,1679.75,1671.829956,1675.369995,9115400
22/04/2019,1673.47998,1673.47998,1683.790039,1673.439941,1677.829956,12461100
23/04/2019,1671.310059,1671.310059,1679.26001,1670.75,1674.819946,10664600
24/04/2019,1673.430054,1673.430054,1676.839966,1668.060059,1674.430054,10800200
25/04/2019,1673.319946,1673.319946,1678.189941,1670.839966,1673.25,9014200
26/04/2019,1667.150024,1667.150024,1674.01001,1663.140015,1673.280029,10861700
29/04/2019,1666.680054,1666.680054,1669.550049,1663.329956,1665.569946,9390400
30/04/2019,1673.52002,1673.52002,1676.640015,1667.290039,1668.02002,11314100
02/05/2019,1679.170044,1679.170044,1682.5,1675.900024,1677,12450400
03/05/2019,1679.050049,1679.050049,1682.060059,1676.01001,1676.569946,11482100
07/05/2019,1669.680054,1669.680054,1675.160034,1665.579956,1669.380005,13149000
08/05/2019,1654.01001,1654.01001,1663.400024,1650.23999,1662.050049,14458000
09/05/2019,1646.800049,1646.800049,1659.380005,1646.069946,1653.119995,13557000
10/05/2019,1648.689941,1648.689941,1656.369995,1638.709961,1654.26001,15135000
13/05/2019,1640.130005,1640.130005,1652.329956,1634.930054,1648.089966,11560900
14/05/2019,1633.839966,1633.839966,1639.630005,1629.560059,1631.52002,12605600
15/05/2019,1621.27002,1621.27002,1638.939941,1621.27002,1636.829956,12622500
16/05/2019,1614.75,1614.75,1626.079956,1604.76001,1623.329956,16821900
17/05/2019,1608.109985,1608.109985,1622.329956,1606.689941,1618.98999,13631000
21/05/2019,1610.48999,1610.48999,1616.550049,1602.560059,1608.819946,13536200
22/05/2019,1626.910034,1626.910034,1628.060059,1616.48999,1616.550049,13760500
23/05/2019,1609.790039,1609.790039,1625.97998,1608.26001,1622.209961,13038600
24/05/2019,1614.119995,1614.119995,1617.619995,1599.099976,1604.670044,14047400
27/05/2019,1624.839966,1624.839966,1628.339966,1614.050049,1619.660034,13060300
28/05/2019,1632.040039,1632.040039,1632.469971,1618.329956,1627.859985,19947900
29/05/2019,1619.359985,1619.359985,1632.060059,1618.709961,1631.290039,14922800
30/05/2019,1621.569946,1621.569946,1628.369995,1618.630005,1619.26001,13922700
31/05/2019,1620.219971,1620.219971,1627.329956,1612.170044,1620.579956,15287000
04/06/2019,1637.689941,1637.689941,1640.540039,1622.98999,1624.650024,17329100
05/06/2019,1648.459961,1648.459961,1650.699951,1642.349976,1647.52002,13977400
06/06/2019,1653.410034,1653.410034,1655.329956,1643.27002,1648.540039,14045400
07/06/2019,1653.5,1653.5,1658.930054,1650.300049,1656.839966,11126600
10/06/2019,1664.72998,1664.72998,1667.689941,1661.369995,1661.719971,14028000
11/06/2019,1670.410034,1670.410034,1675.599976,1663.359985,1667.550049,14337700
12/06/2019,1671.109985,1671.109985,1672.5,1665.02002,1669.079956,12480500
13/06/2019,1674.140015,1674.140015,1675.839966,1663.390015,1669.530029,15554100
14/06/2019,1672.329956,1672.329956,1675.900024,1667.380005,1673.550049,12218700
17/06/2019,1667.22998,1667.22998,1678.199951,1667.150024,1674.26001,13650700
18/06/2019,1683.599976,1683.599976,1683.780029,1665.189941,1667.300049,17979700
19/06/2019,1705.97998,1705.97998,1711.890015,1691.949951,1693.849976,21956000
20/06/2019,1717.819946,1717.819946,1722.900024,1708.119995,1711.369995,19611300
21/06/2019,1717.140015,1717.140015,1727.829956,1714.089966,1722.599976,19028800
24/06/2019,1716,1716,1724.22998,1713.02002,1722.640015,14622800
25/06/2019,1721.329956,1721.329956,1725.420044,1707.77002,1716.050049,18289200
26/06/2019,1722.209961,1722.209961,1723.23999,1715.410034,1717.189941,15751200
27/06/2019,1731.640015,1731.640015,1735.880005,1725.550049,1726.77002,16689600
28/06/2019,1730.339966,1730.339966,1735.609985,1729.459961,1731.890015,13711200
01/07/2019,1740.910034,1740.910034,1747.530029,1739.47998,1744.130005,20900800
02/07/2019,1732.22998,1732.22998,1741.640015,1730.050049,1738.839966,19094500
03/07/2019,1738.51001,1738.51001,1742.170044,1729.790039,1733.51001,20100100
04/07/2019,1724.369995,1724.369995,1747.109985,1714.97998,1741.310059,24204100
05/07/2019,1731.22998,1731.22998,1731.839966,1719.609985,1725.449951,20833400
08/07/2019,1731.030029,1731.030029,1734.130005,1722.530029,1727.099976,22027500
09/07/2019,1721.47998,1721.47998,1734.349976,1721.329956,1728.459961,23351400
10/07/2019,1739.430054,1739.430054,1741.76001,1724.579956,1726.72998,20889300
11/07/2019,1740.449951,1740.449951,1748.150024,1738.630005,1745.849976,20051100
12/07/2019,1731.589966,1731.589966,1746.209961,1728.359985,1744.72998,22822300
15/07/2019,1727.97998,1727.97998,1737.650024,1727.97998,1733.77002,21592000
17/07/2019,1718.849976,1718.849976,1729.880005,1717.819946,1726.040039,20075100
18/07/2019,1723.439941,1723.439941,1725.939941,1714.410034,1714.75,16443000
19/07/2019,1735.099976,1735.099976,1738.699951,1732.160034,1734.380005,18374800
22/07/2019,1727.579956,1727.579956,1735.880005,1723.640015,1733.23999,18295700
23/07/2019,1724.869995,1724.869995,1732.689941,1719.930054,1730.699951,20132300
24/07/2019,1725.439941,1725.439941,1730.709961,1720.599976,1727.810059,18847500
25/07/2019,1730.900024,1730.900024,1732.920044,1725.469971,1727.130005,19321400
26/07/2019,1717.969971,1717.969971,1730.079956,1714.810059,1729.26001,20281000
30/07/2019,1706.48999,1706.48999,1722.199951,1704.030029,1718.550049,17209300
31/07/2019,1711.969971,1711.969971,1716.050049,1702.719971,1704.040039,16772900
01/08/2019,1699.75,1699.75,1709.050049,1694.930054,1706.560059,17602300
02/08/2019,1684.709961,1684.709961,1687.150024,1671.969971,1680.52002,22170600
05/08/2019,1665.98999,1665.98999,1681.359985,1664.72998,1675.02002,17680200
06/08/2019,1671.47998,1671.47998,1673.380005,1647.48999,1652.719971,22209600
07/08/2019,1669.439941,1669.439941,1681.810059,1665.140015,1672.52002,22106500
08/08/2019,1665.119995,1665.119995,1673.839966,1660.359985,1670.930054,18088200
09/08/2019,1650.640015,1650.640015,1675.439941,1649.52002,1672.219971,17621800
13/08/2019,1620.22998,1620.22998,1644.150024,1619.030029,1642.819946,18529600
14/08/2019,1619.449951,1619.449951,1640.920044,1612.089966,1634.719971,20321200
15/08/2019,1604.030029,1604.030029,1614.079956,1590.550049,1605,23104300
16/08/2019,1631.400024,1631.400024,1632.420044,1607.219971,1608.97998,23700400
19/08/2019,1637.26001,1637.26001,1643.650024,1633.790039,1639.420044,18895800
20/08/2019,1625.569946,1625.569946,1643.410034,1621.849976,1642.819946,20451700
21/08/2019,1638.23999,1638.23999,1642.069946,1623.23999,1628.550049,22610000
22/08/2019,1633.560059,1633.560059,1638.030029,1627.300049,1628.099976,21092000
23/08/2019,1646.680054,1646.680054,1646.73999,1636.199951,1637.699951,18467100
26/08/2019,1622.72998,1622.72998,1624.77002,1609.400024,1620.359985,24356300
27/08/2019,1615.469971,1615.469971,1630.550049,1612.099976,1625.040039,20271600
28/08/2019,1616.930054,1616.930054,1624.27002,1615.189941,1618.300049,15468200
29/08/2019,1639.140015,1639.140015,1639.170044,1621.060059,1621.920044,20437600
30/08/2019,1654.920044,1654.920044,1654.930054,1643.040039,1647.060059,20138200
02/09/2019,1654.109985,1654.109985,1658.660034,1646.589966,1651.199951,19025200
03/09/2019,1642.25,1642.25,1660.26001,1642.22998,1657.300049,19861100
04/09/2019,1658.640015,1658.640015,1664.560059,1647.290039,1650.869995,19577900
05/09/2019,1669.790039,1669.790039,1673.839966,1663.339966,1670.910034,17968000
06/09/2019,1670.060059,1670.060059,1679.650024,1667.609985,1677.410034,15512900
09/09/2019,1671.219971,1671.219971,1676.619995,1666.609985,1673.219971,16597200
10/09/2019,1665.930054,1665.930054,1677.469971,1662.280029,1675.099976,19431300
11/09/2019,1674.030029,1674.030029,1674.72998,1661.660034,1669.359985,19837700
12/09/2019,1660.680054,1660.680054,1679.030029,1659.420044,1678.319946,21124900
13/09/2019,1661.959961,1661.959961,1667.48999,1655.949951,1664.369995,20921500
16/09/2019,1662.930054,1662.930054,1668.77002,1658.650024,1666.77002,17591200
17/09/2019,1663.930054,1663.930054,1670.619995,1659.140015,1661.589966,20373200
18/09/2019,1654.140015,1654.140015,1664.810059,1650.640015,1663.619995,19717600
19/09/2019,1640.660034,1640.660034,1660.810059,1638.469971,1656.660034,18774600
20/09/2019,1636.199951,1636.199951,1644.290039,1627.900024,1641.22998,18650500
23/09/2019,1622.790039,1622.790039,1636.160034,1620.77002,1635.310059,14271600
24/09/2019,1630.5,1630.5,1634.040039,1622.75,1623.599976,17032200
25/09/2019,1628.380005,1628.380005,1630.560059,1621.630005,1624.689941,16288200
26/09/2019,1636.75,1636.75,1638.25,1630.810059,1633.920044,16246100
27/09/2019,1643.76001,1643.76001,1648.670044,1630.390015,1636.420044,14765100
30/09/2019,1637.219971,1637.219971,1645.060059,1634.099976,1643.130005,15021900
01/10/2019,1624.089966,1624.089966,1639.140015,1623.030029,1637.589966,14790100
02/10/2019,1613.640015,1613.640015,1619.339966,1608.890015,1617.829956,14551100
03/10/2019,1610.689941,1610.689941,1614.839966,1605.130005,1606.380005,13836700
04/10/2019,1605.959961,1605.959961,1615.329956,1603.609985,1613.699951,13190000
07/10/2019,1613.709961,1613.709961,1616.060059,1607.319946,1611.73999,15557400
08/10/2019,1612.170044,1612.170044,1623.560059,1609.27002,1620.290039,16212100
09/10/2019,1616.180054,1616.180054,1617.380005,1603.969971,1610.650024,16645500
10/10/2019,1607.5,1607.5,1615.25,1606.709961,1614.069946,18140900
11/10/2019,1626,1626,1627.26001,1613.079956,1613.469971,20078100
15/10/2019,1627.01001,1627.01001,1633.890015,1621.72998,1631.050049,19268700
16/10/2019,1634.459961,1634.459961,1636.51001,1628.869995,1629.880005,18959800
17/10/2019,1632.800049,1632.800049,1640.150024,1630.469971,1638.97998,18964900
18/10/2019,1631.430054,1631.430054,1637.359985,1623.380005,1634.400024,27911100
21/10/2019,1620.780029,1620.780029,1631.630005,1619.48999,1630.430054,16948000
22/10/2019,1631.459961,1631.459961,1631.939941,1624.439941,1625.060059,14277600
24/10/2019,1620.969971,1620.969971,1637.48999,1617.589966,1636.069946,19888600
25/10/2019,1593.280029,1593.280029,1622.660034,1592.660034,1620.609985,24497500
28/10/2019,1596.47998,1596.47998,1599.099976,1579.130005,1591.640015,20178500
29/10/2019,1591.209961,1591.209961,1605.449951,1588.819946,1601.439941,19490900
30/10/2019,1601.829956,1601.829956,1601.829956,1589.47998,1594.400024,22288200
31/10/2019,1601.48999,1601.48999,1610.030029,1600.22998,1606.709961,22215900
01/11/2019,1592.52002,1592.52002,1603.530029,1589.719971,1600.72998,19551200
04/11/2019,1622.25,1622.25,1624.829956,1600.949951,1601.900024,25623700
05/11/2019,1626.869995,1626.869995,1629.77002,1617.719971,1628.72998,19667800
06/11/2019,1623.98999,1623.98999,1631.339966,1621.339966,1627.22998,23574500
07/11/2019,1640.880005,1640.880005,1641.380005,1620.119995,1623.640015,23078400
08/11/2019,1637.849976,1637.849976,1642.5,1634.5,1641.550049,18844400
11/11/2019,1622.119995,1622.119995,1634.089966,1619.02002,1632.77002,19044600
12/11/2019,1626.199951,1626.199951,1632.819946,1622.180054,1625.420044,18621000
13/11/2019,1615.140015,1615.140015,1627.449951,1610.930054,1621.910034,20310100
14/11/2019,1609.469971,1609.469971,1619.859985,1605.319946,1616.609985,20252000
15/11/2019,1602.22998,1602.22998,1615.47998,1595.319946,1613.300049,19770000
18/11/2019,1608,1608,1609.98999,1596.800049,1605.189941,17545000
19/11/2019,1607.25,1607.25,1609.300049,1600.050049,1605.469971,17742100
20/11/2019,1596.829956,1596.829956,1603.569946,1595.01001,1599.420044,16067800
21/11/2019,1591.859985,1591.859985,1595.77002,1583.77002,1594.949951,17092900
22/11/2019,1597.719971,1597.719971,1599.48999,1591.180054,1595.380005,15654500
25/11/2019,1614.800049,1614.800049,1614.800049,1601.76001,1603.130005,16835000
26/11/2019,1609.380005,1609.380005,1620.599976,1608.640015,1618.150024,20303700
27/11/2019,1607.27002,1607.27002,1613.810059,1604.339966,1611.849976,17956500
28/11/2019,1597.680054,1597.680054,1608.670044,1595.109985,1607.969971,18688800
29/11/2019,1590.589966,1590.589966,1594.540039,1580.079956,1594.040039,19935400
02/12/2019,1569.530029,1569.530029,1589.339966,1566.680054,1588.589966,22701400
03/12/2019,1567.630005,1567.630005,1574.119995,1561.459961,1562.630005,18186100
04/12/2019,1565.449951,1565.449951,1570.390015,1556.51001,1562.219971,21731000
06/12/2019,1558.98999,1558.98999,1575.790039,1558.5,1571.099976,16452600
09/12/2019,1552.959961,1552.959961,1559.930054,1548.01001,1559.839966,17697300
11/12/2019,1551.819946,1551.819946,1559.189941,1546.51001,1555.380005,17668800
12/12/2019,1563.849976,1563.849976,1568.619995,1557.099976,1558.599976,18929200
13/12/2019,1573.910034,1573.910034,1582.160034,1570.069946,1577.380005,18726500
16/12/2019,1549.73999,1549.73999,1573.410034,1549.689941,1572.640015,18161000
17/12/2019,1548.650024,1548.650024,1556.819946,1543.219971,1551.709961,20389900
18/12/2019,1563.73999,1563.73999,1566.27002,1554.98999,1555.550049,17173900
19/12/2019,1573.51001,1573.51001,1576.5,1552.880005,1558.800049,4136500
20/12/2019,1572.920044,1572.920044,1576.430054,1566.77002,1572.609985,3071700
23/12/2019,1573.569946,1573.569946,1581.400024,1571.300049,1574.849976,2616900
24/12/2019,1568.630005,1568.630005,1576.560059,1567.27002,1575.030029,2284200
26/12/2019,1579.030029,1579.030029,1579.329956,1573.439941,1573.810059,1805600
27/12/2019,1578.219971,1578.219971,1588.02002,1568.050049,1583.459961,2156500
30/12/2019,1579.839966,1579.839966,1583.859985,1575.920044,1581.050049,1684900
02/01/2020,1595.819946,1595.819946,1597.920044,1583.180054,1584.349976,3442200
03/01/2020,1594.969971,1594.969971,1604.430054,1592.900024,1596.949951,3251500
06/01/2020,1568.5,1568.5,1585.560059,1565.930054,1584.130005,4116100
07/01/2020,1585.22998,1585.22998,1585.439941,1570.040039,1578.52002,3201300
08/01/2020,1559.27002,1559.27002,1572.030029,1555.75,1569.819946,3619500
09/01/2020,1579.640015,1579.640015,1581.5,1568.160034,1572.73999,3876300
10/01/2020,1580.630005,1580.630005,1584.160034,1573.800049,1583.47998,2945800
13/01/2020,1586.160034,1586.160034,1588.790039,1579.339966,1586.130005,3438800
14/01/2020,1586.900024,1586.900024,1592.839966,1579.829956,1589.680054,3676600
15/01/2020,1581.050049,1581.050049,1587.77002,1575.97998,1582.959961,3496000
16/01/2020,1595.869995,1595.869995,1598.380005,1581.75,1582.77002,4047600
17/01/2020,1600.47998,1600.47998,1604.280029,1595.959961,1600.280029,3489700
20/01/2020,1589.109985,1589.109985,1598.699951,1586.72998,1597.5,3526200
21/01/2020,1574.939941,1574.939941,1587.849976,1573.26001,1584.170044,4115600
22/01/2020,1574.589966,1574.589966,1580.339966,1566.859985,1579.25,3707200
23/01/2020,1573.699951,1573.699951,1577.920044,1567.099976,1570.660034,3027800
24/01/2020,1569.550049,1569.550049,1576.680054,1567.069946,1575.069946,2952700
27/01/2020,1524.150024,1524.150024,1548.109985,1519.030029,1546.900024,4517700
28/01/2020,1513.26001,1513.26001,1535.22998,1507.359985,1519.550049,3512900
29/01/2020,1524.589966,1524.589966,1528.140015,1511.150024,1522.880005,3104100
30/01/2020,1523.98999,1523.98999,1525.170044,1515.680054,1516.359985,2644100
31/01/2020,1514.140015,1514.140015,1532.089966,1514.140015,1528.859985,2744300
03/02/2020,1496.060059,1496.060059,1513.430054,1495.939941,1507.280029,2636200
04/02/2020,1519.380005,1519.380005,1520.099976,1499.209961,1501.339966,3098100
05/02/2020,1534.140015,1534.140015,1534.930054,1516.550049,1521.670044,4081900
06/02/2020,1535.790039,1535.790039,1541.810059,1530.51001,1538.290039,3755500
07/02/2020,1535.23999,1535.23999,1539.359985,1527.339966,1536.280029,2859800
11/02/2020,1523.930054,1523.930054,1539.430054,1522.969971,1538.310059,2755500
12/02/2020,1539.839966,1539.839966,1542.76001,1529.150024,1530.589966,2925600
13/02/2020,1532.77002,1532.77002,1542.189941,1530.439941,1539.310059,2423700
14/02/2020,1526.300049,1526.300049,1540.459961,1524.150024,1537.160034,3912800
17/02/2020,1527.25,1527.25,1532.869995,1523.73999,1528.47998,16807500
18/02/2020,1513.680054,1513.680054,1522.329956,1510.52002,1521,2443300
19/02/2020,1505.540039,1505.540039,1523.609985,1501.73999,1517.780029,3100600
20/02/2020,1491.23999,1491.23999,1504.949951,1484.51001,1504.47998,3325500
21/02/2020,1495.089966,1495.089966,1495.170044,1476.890015,1480.530029,2862000
24/02/2020,1435.560059,1435.560059,1474.119995,1435.560059,1473.569946,4007200
25/02/2020,1439.099976,1439.099976,1446.630005,1416.400024,1436.23999,4473800
26/02/2020,1366.410034,1366.410034,1428.349976,1366.410034,1425.560059,5428800
27/02/2020,1395.079956,1395.079956,1397.689941,1355.630005,1369.829956,4939400
28/02/2020,1340.52002,1340.52002,1357.150024,1337,1348.459961,4817700
02/03/2020,1335.719971,1335.719971,1358.52002,1317.449951,1355.98999,4166200
03/03/2020,1375.02002,1375.02002,1380.390015,1352.219971,1357.719971,3974200
04/03/2020,1378.609985,1378.609985,1380.819946,1358.23999,1361.439941,3046900
05/03/2020,1390.829956,1390.829956,1408.349976,1390.829956,1391.349976,3823100
06/03/2020,1364.569946,1364.569946,1374.199951,1359.75,1373.189941,2983800
09/03/2020,1255.939941,1255.939941,1299.77002,1249.310059,1272.949951,5759600
10/03/2020,1271.25,1271.25,1285.650024,1258.699951,1262.800049,4071500
11/03/2020,1249.890015,1249.890015,1281.630005,1238,1268.560059,3878900
12/03/2020,1114.910034,1114.910034,1187.390015,1095.369995,1184.160034,7644200
13/03/2020,1128.910034,1128.910034,1164.160034,969.0800171,1008.059998,8341500
16/03/2020,1046.079956,1046.079956,1105.199951,1043.790039,1072.300049,5095700
17/03/2020,1035.170044,1035.170044,1068.849976,1035.160034,1045.089966,4758600
18/03/2020,1048.150024,1048.150024,1076.160034,1026.890015,1053.040039,4333100
19/03/2020,1044.189941,1044.189941,1048.800049,1010.599976,1019.070007,4613300
20/03/2020,1127.23999,1127.23999,1133.560059,1070.050049,1077.650024,6815100
23/03/2020,1024.459961,1024.459961,1065.670044,1022.830017,1045.650024,4843400
24/03/2020,1033.839966,1033.839966,1067.51001,1024.380005,1064.329956,4541800
25/03/2020,1080.030029,1080.030029,1099.939941,1050.719971,1063.22998,5078200
26/03/2020,1091.959961,1091.959961,1103.589966,1072.939941,1074.640015,4370300
27/03/2020,1099.76001,1099.76001,1124.280029,1089.140015,1112.829956,4453400
30/03/2020,1087.819946,1087.819946,1094.119995,1073.369995,1087.349976,2830500
31/03/2020,1125.859985,1125.859985,1127.920044,1104.119995,1108.790039,4501300
01/04/2020,1105.51001,1105.51001,1132.099976,1105.339966,1117.51001,13438800
02/04/2020,1138.27002,1138.27002,1142.469971,1105.310059,1113.910034,6268100
03/04/2020,1138.839966,1138.839966,1156.589966,1130.540039,1150.859985,5843200
07/04/2020,1214.949951,1214.949951,1220.670044,1173.140015,1184.869995,6748500
08/04/2020,1205.77002,1205.77002,1213.550049,1192.97998,1202,5861200
09/04/2020,1210.47998,1210.47998,1243.5,1202.25,1220.780029,6188900
10/04/2020,1228.030029,1228.030029,1228.069946,1205.150024,1207.469971,4110300
13/04/2020,1236.780029,1236.780029,1237.22998,1220,1229.209961,3805500
14/04/2020,1256.349976,1256.349976,1267.550049,1241.099976,1252.5,5810200
15/04/2020,1236.099976,1236.099976,1261.660034,1233.660034,1253.920044,5160700
16/04/2020,1200.150024,1200.150024,1231.050049,1200.140015,1226.160034,4606400
17/04/2020,1239.23999,1239.23999,1239.52002,1218.569946,1230.339966,4027200
20/04/2020,1266.400024,1266.400024,1273.25,1237.219971,1241.939941,4466200
21/04/2020,1252.920044,1252.920044,1260.959961,1243.579956,1247.52002,4526900
22/04/2020,1261.810059,1261.810059,1262.430054,1231.579956,1245.900024,4698400
23/04/2020,1272.530029,1272.530029,1276.180054,1260.800049,1266.609985,4869000
24/04/2020,1258.780029,1258.780029,1280.02002,1255.72998,1274.209961,5181900
27/04/2020,1267.410034,1267.410034,1272.75,1258.449951,1271.219971,3816400
28/04/2020,1274.98999,1274.98999,1283.01001,1260.959961,1267.459961,4857100
29/04/2020,1282.680054,1282.680054,1286.449951,1275.680054,1282.569946,4591400
30/04/2020,1301.660034,1301.660034,1301.660034,1292.969971,1297.930054,5666100
05/05/2020,1278.630005,1278.630005,1289.089966,1278.5,1287.699951,4419300
07/05/2020,1257.97998,1257.97998,1277.359985,1252.199951,1274.5,4719700
08/05/2020,1266.02002,1266.02002,1270.540039,1256.73999,1265.22998,3586300
11/05/2020,1287.300049,1287.300049,1293.349976,1276.599976,1277.410034,4224700
12/05/2020,1299.689941,1299.689941,1301.880005,1283.869995,1286.310059,4250700
13/05/2020,1294.550049,1294.550049,1303.280029,1290.469971,1297.030029,4975300
14/05/2020,1280.400024,1280.400024,1290.23999,1275.849976,1286.630005,5125900
15/05/2020,1280.76001,1280.76001,1289.23999,1278.859985,1287.060059,4539100
18/05/2020,1286.530029,1286.530029,1295.939941,1283.599976,1290.109985,4745100
19/05/2020,1309.949951,1309.949951,1318.01001,1304.48999,1308.959961,5935800
20/05/2020,1322.199951,1322.199951,1322.219971,1306.959961,1311.359985,5978800
21/05/2020,1320.689941,1320.689941,1333.25,1315.030029,1330.839966,6180200
22/05/2020,1303.969971,1303.969971,1311.540039,1286.76001,1309.920044,6012400
25/05/2020,1320.97998,1320.97998,1323.430054,1302.119995,1308.160034,7031100
26/05/2020,1336.089966,1336.089966,1345.310059,1332.300049,1335.869995,8389600
27/05/2020,1345.109985,1345.109985,1345.530029,1328.069946,1339.180054,7640700
28/05/2020,1337.51001,1337.51001,1358.599976,1337.5,1356.02002,6952000
29/05/2020,1342.849976,1342.849976,1342.880005,1323.119995,1333.699951,8738200
01/06/2020,1352.369995,1352.369995,1362.459961,1348.98999,1355.390015,7147900
02/06/2020,1374.180054,1374.180054,1374.290039,1357.22998,1361.640015,7472300
04/06/2020,1411.01001,1411.01001,1413.540039,1393.209961,1396.25,10389900
05/06/2020,1435.699951,1435.699951,1438.089966,1402.77002,1416.719971,10138300
08/06/2020,1438.660034,1438.660034,1454.949951,1429.680054,1449.76001,9420800
09/06/2020,1408.369995,1408.369995,1448.130005,1400.869995,1438.640015,10598300
10/06/2020,1418.77002,1418.77002,1423.359985,1402.459961,1417.040039,6505100
11/06/2020,1396.77002,1396.77002,1421.51001,1384.680054,1413.199951,11370000
12/06/2020,1382.560059,1382.560059,1386.219971,1353.51001,1359,11574500
15/06/2020,1341.98999,1341.98999,1379.780029,1338.25,1373.5,9549000
16/06/2020,1367.130005,1367.130005,1376.98999,1362.380005,1374.589966,9219500
17/06/2020,1376.180054,1376.180054,1381,1358.27002,1362.780029,7679100
18/06/2020,1372.97998,1372.97998,1377.390015,1358.109985,1359.680054,8802800
19/06/2020,1370.819946,1370.819946,1380.02002,1368.030029,1376.890015,6319500
22/06/2020,1352.180054,1352.180054,1367.97998,1347.599976,1359.300049,7491300
23/06/2020,1356.430054,1356.430054,1361.839966,1351.920044,1359.550049,6303800
24/06/2020,1333.430054,1333.430054,1365.459961,1333.319946,1362.420044,5901500
25/06/2020,1325.880005,1325.880005,1325.880005,1306.670044,1317.719971,5734600
26/06/2020,1330.339966,1330.339966,1344.040039,1328.48999,1335.550049,4112000
29/06/2020,1329.76001,1329.76001,1329.939941,1312.589966,1320.72998,3986600
30/06/2020,1339.030029,1339.030029,1351.589966,1339.030029,1344.540039,4821100
01/07/2020,1349.439941,1349.439941,1350.160034,1331.599976,1345.619995,4718700
02/07/2020,1374.130005,1374.130005,1376.310059,1353.5,1357.209961,5286100
03/07/2020,1372.27002,1372.27002,1380.079956,1370.369995,1377.670044,7010300
07/07/2020,1373.219971,1373.219971,1391.77002,1373.199951,1389.180054,7738500
08/07/2020,1362.459961,1362.459961,1379.709961,1361.23999,1371.910034,5573400
09/07/2020,1365.810059,1365.810059,1370.800049,1358.030029,1367.23999,5381900
10/07/2020,1350.5,1350.5,1363.280029,1346.719971,1357.98999,4792600
13/07/2020,1342.369995,1342.369995,1363.819946,1339.689941,1361.75,5871600
14/07/2020,1341.069946,1341.069946,1342.300049,1326.650024,1332.869995,4584200
15/07/2020,1354.310059,1354.310059,1356.930054,1344.76001,1351.5,4342200
16/07/2020,1347.859985,1347.859985,1357.26001,1343.02002,1354.22998,3503900
17/07/2020,1359.579956,1359.579956,1361.390015,1350.099976,1353.27002,3832100
20/07/2020,1358.290039,1358.290039,1365.709961,1352.030029,1358.619995,4079600
21/07/2020,1377,1377,1379.150024,1366.589966,1366.829956,5295600
22/07/2020,1357.040039,1357.040039,1382.290039,1356.859985,1380.969971,4839000
23/07/2020,1359.650024,1359.650024,1363.900024,1348.920044,1356.969971,4384500
24/07/2020,1340.920044,1340.920044,1350.930054,1337.209961,1348.810059,4062100
29/07/2020,1338.349976,1338.349976,1349.910034,1337.030029,1346.599976,3957600
30/07/2020,1315.73999,1315.73999,1347.449951,1313.099976,1345.089966,6424600
31/07/2020,1328.530029,1328.530029,1328.640015,1303.25,1314.98999,4741600
03/08/2020,1321.22998,1321.22998,1325.310059,1311.25,1324.459961,4162600
04/08/2020,1330.810059,1330.810059,1338.079956,1328.130005,1330.599976,4677700
05/08/2020,1337.349976,1337.349976,1341.22998,1326.069946,1335.52002,4661200
06/08/2020,1333.219971,1333.219971,1346.48999,1333.180054,1336.130005,4934600
07/08/2020,1324.400024,1324.400024,1333.209961,1321.160034,1331.920044,3508000
10/08/2020,1322.01001,1322.01001,1330.170044,1321.900024,1327.160034,3352500
11/08/2020,1336.839966,1336.839966,1343.160034,1332.23999,1334.099976,5931100
13/08/2020,1346.689941,1346.689941,1353.530029,1343.089966,1349.079956,5629400
14/08/2020,1327.050049,1327.050049,1347.630005,1324.969971,1345.560059,4314000
17/08/2020,1320.910034,1320.910034,1331.800049,1315.890015,1329.819946,4091500
18/08/2020,1330.109985,1330.109985,1330.400024,1321.069946,1321.380005,3838300
19/08/2020,1308.670044,1308.670044,1332.790039,1301.969971,1331.540039,5028600
20/08/2020,1296.790039,1296.790039,1303.719971,1292.589966,1296.369995,3790200
21/08/2020,1299.26001,1299.26001,1307.640015,1296.680054,1305.819946,3195200
24/08/2020,1317.109985,1317.109985,1318.199951,1299.050049,1305.219971,3723400
25/08/2020,1315.98999,1315.98999,1327.420044,1315.130005,1324.810059,4159200
26/08/2020,1322.550049,1322.550049,1323.969971,1311.140015,1317.73999,3948500
27/08/2020,1326.810059,1326.810059,1331.640015,1320.910034,1322.47998,4374300
28/08/2020,1323.310059,1323.310059,1337.609985,1319.449951,1335.300049,3882800
31/08/2020,1310.660034,1310.660034,1333.300049,1308.72998,1328.699951,3937800
01/09/2020,1305.569946,1305.569946,1316.680054,1301.140015,1312.75,4041700
02/09/2020,1315.880005,1315.880005,1316.079956,1301.780029,1304.699951,3290600
03/09/2020,1311.949951,1311.949951,1322.660034,1308.839966,1320.630005,3575700
08/09/2020,1293.800049,1293.800049,1305.849976,1293.329956,1305.640015,3721900
09/09/2020,1293.400024,1293.400024,1295.550049,1276.380005,1279.23999,3877200
10/09/2020,1290.890015,1290.890015,1298.329956,1286.150024,1295.01001,4237400
11/09/2020,1279.959961,1279.959961,1296.130005,1279.329956,1290.160034,4994400
14/09/2020,1272.339966,1272.339966,1287.349976,1270.589966,1285.160034,3733500
15/09/2020,1286.180054,1286.180054,1287.040039,1274.619995,1276.930054,3580700
16/09/2020,1293.47998,1293.47998,1295.800049,1284.089966,1287.01001,3795200
17/09/2020,1284.400024,1284.400024,1292.420044,1280.109985,1289.599976,3927600
18/09/2020,1288.390015,1288.390015,1293.290039,1280.430054,1287.73999,4185600
21/09/2020,1275.160034,1275.160034,1295.349976,1273.439941,1293.77002,3332600
22/09/2020,1267.630005,1267.630005,1275.27002,1262.410034,1271.359985,3343800
23/09/2020,1264.01001,1264.01001,1272.589966,1260.640015,1271.189941,3846700
24/09/2020,1247.459961,1247.459961,1260.310059,1241.52002,1255.790039,4148500
25/09/2020,1244.939941,1244.939941,1256.400024,1241.660034,1251.670044,3491500
28/09/2020,1263.02002,1263.02002,1264.5,1251.119995,1251.22998,3364900
29/09/2020,1257.339966,1257.339966,1267.670044,1254.339966,1266.77002,3134200
30/09/2020,1237.040039,1237.040039,1260.060059,1236.530029,1259.079956,4210300
01/10/2020,1247.589966,1247.589966,1251.109985,1232.810059,1244.22998,4376100
02/10/2020,1237.540039,1237.540039,1246.780029,1231.109985,1245.109985,4704600
05/10/2020,1242.98999,1242.98999,1248.670044,1239.060059,1245.790039,3595100
06/10/2020,1250.150024,1250.150024,1257.459961,1249.140015,1251.890015,4926900
07/10/2020,1263.709961,1263.709961,1264.290039,1245.089966,1248.25,4450200
08/10/2020,1274.829956,1274.829956,1282.650024,1269.5,1269.849976,5649500
09/10/2020,1267.140015,1267.140015,1280.810059,1264.23999,1279.790039,5578700
12/10/2020,1273.430054,1273.430054,1277.640015,1265.27002,1269.5,4105300
14/10/2020,1263.98999,1263.98999,1271.099976,1257.839966,1269.48999,4284000
15/10/2020,1242.959961,1242.959961,1258.089966,1240.75,1255.050049,4574100
16/10/2020,1233.680054,1233.680054,1247.890015,1226.949951,1245.400024,3654100
19/10/2020,1208.75,1208.75,1223.150024,1205.609985,1221.880005,4352000
20/10/2020,1210.670044,1210.670044,1219.160034,1202.030029,1205.329956,3824300
21/10/2020,1216.47998,1216.47998,1222.619995,1211.849976,1217.099976,4005500
22/10/2020,1213.609985,1213.609985,1223.47998,1204.72998,1214.630005,4323500
26/10/2020,1207.969971,1207.969971,1215.790039,1205.810059,1212.48999,3134100
27/10/2020,1208.949951,1208.949951,1212.030029,1197.73999,1201.449951,2993700
28/10/2020,1207.939941,1207.939941,1217.880005,1205.880005,1207.420044,6282200
29/10/2020,1201.640015,1201.640015,1206.839966,1195.98999,1200.430054,3736700
30/10/2020,1194.949951,1194.949951,1204.98999,1187.48999,1204.050049,4145500
02/11/2020,1202.160034,1202.160034,1202.550049,1191.439941,1196.640015,4007200
03/11/2020,1221.329956,1221.329956,1222.780029,1209.900024,1210.060059,4761000
04/11/2020,1222.439941,1222.439941,1231.050049,1214.48999,1223.670044,4012900
05/11/2020,1264.319946,1264.319946,1266.579956,1232.719971,1234.609985,5186100
06/11/2020,1260.079956,1260.079956,1270.219971,1251.079956,1265.839966,5165000
09/11/2020,1285.880005,1285.880005,1293.900024,1277.52002,1281.410034,5664500
10/11/2020,1341.23999,1341.23999,1346.719971,1313.040039,1330.140015,10107800
11/11/2020,1345.339966,1345.339966,1356.829956,1331.390015,1353.650024,6993800
12/11/2020,1336.310059,1336.310059,1341.569946,1327.170044,1340.430054,5868500
13/11/2020,1346.469971,1346.469971,1352.51001,1327.72998,1330.48999,7102000
16/11/2020,1351.060059,1351.060059,1365.869995,1351.040039,1360.939941,6362400
17/11/2020,1349.810059,1349.810059,1365.910034,1344.550049,1356.410034,7016700
18/11/2020,1364.589966,1364.589966,1364.640015,1341.459961,1345.76001,4910200
19/11/2020,1369.420044,1369.420044,1375.02002,1362.410034,1363.579956,5430500
20/11/2020,1389.339966,1389.339966,1390.369995,1368.199951,1369.959961,7083400
23/11/2020,1420.430054,1420.430054,1422.430054,1395.579956,1397.530029,9370900
24/11/2020,1401.630005,1401.630005,1432.560059,1401.290039,1429.439941,8609700
25/11/2020,1415.719971,1415.719971,1428.359985,1392.420044,1416.839966,7762300
26/11/2020,1433.560059,1433.560059,1433.569946,1416.790039,1420.959961,5721400
27/11/2020,1437.780029,1437.780029,1444.530029,1429.430054,1431.26001,6389100
30/11/2020,1408.310059,1408.310059,1435.040039,1408.02002,1429.98999,10534200
01/12/2020,1420.869995,1420.869995,1430.030029,1416.390015,1418.060059,6473500
02/12/2020,1417.949951,1417.949951,1430.48999,1415.099976,1416.579956,6002300
03/12/2020,1438.319946,1438.319946,1439.219971,1420.689941,1424.160034,6848000
04/12/2020,1449.829956,1449.829956,1454.939941,1439.140015,1439.819946,8383700
08/12/2020,1478.920044,1478.920044,1484.72998,1442.650024,1448.079956,11189200
09/12/2020,1482.670044,1482.670044,1503.890015,1474.829956,1490.77002,10605000
14/12/2020,1476.130005,1476.130005,1495.180054,1471.560059,1491.869995,8577700
15/12/2020,1477.209961,1477.209961,1478.609985,1459.969971,1468.219971,8445500
16/12/2020,1482.089966,1482.089966,1488.859985,1475.089966,1487.280029,12948800
17/12/2020,1483.890015,1483.890015,1495.369995,1483.319946,1487.699951,21202300
18/12/2020,1482.380005,1482.380005,1489.780029,1475.01001,1485.27002,8923200
21/12/2020,1401.780029,1401.780029,1453.880005,1401.579956,1429.5,12916400
22/12/2020,1424.390015,1424.390015,1428.109985,1388.22998,1405.420044,8687700
23/12/2020,1416.02002,1416.02002,1440.52002,1414.209961,1422.589966,8280800
24/12/2020,1451.52002,1451.52002,1453.869995,1409.75,1420.599976,8244400
28/12/2020,1452.670044,1452.670044,1512.98999,1452.47998,1505.150024,7321500
29/12/2020,1461.949951,1461.949951,1468.599976,1440.589966,1452.390015,5354800
30/12/2020,1449.349976,1449.349976,1479.040039,1445.359985,1467.73999,6853900
04/01/2021,1468.23999,1468.23999,1468.27002,1425.47998,1428.800049,7392300
05/01/2021,1506.650024,1506.650024,1506.660034,1466.050049,1467.890015,9102500
06/01/2021,1492.359985,1492.359985,1514.890015,1485.790039,1506.560059,11038300
07/01/2021,1513.780029,1513.780029,1519.910034,1502.810059,1510.640015,10910800
08/01/2021,1536.439941,1536.439941,1538.609985,1521.170044,1528.119995,9493700
11/01/2021,1536.48999,1536.48999,1550.75,1527.75,1539.790039,7236300
12/01/2021,1539.849976,1539.849976,1542.650024,1528.5,1536.75,5985400
13/01/2021,1547.310059,1547.310059,1561.660034,1542.420044,1548.300049,7920100
14/01/2021,1535.97998,1535.97998,1552.780029,1533.52002,1545.349976,6741500
15/01/2021,1519.130005,1519.130005,1544.109985,1513.47998,1537.030029,6662100
18/01/2021,1510.130005,1510.130005,1515.51001,1503.040039,1511.040039,5512000
19/01/2021,1522.589966,1522.589966,1529.170044,1518.660034,1519.369995,6418600
20/01/2021,1515.719971,1515.719971,1529.5,1511.410034,1524.910034,6986900
21/01/2021,1513.51001,1513.51001,1529.27002,1510.800049,1525.630005,6840300
22/01/2021,1497.880005,1497.880005,1518.050049,1494.449951,1508.920044,5931400
25/01/2021,1501.619995,1501.619995,1505.469971,1491.630005,1498.359985,5119800
26/01/2021,1512.829956,1512.829956,1514.819946,1490.369995,1497.030029,4824600
27/01/2021,1498.130005,1498.130005,1515.319946,1498.050049,1510.680054,5104800
28/01/2021,1468.51001,1468.51001,1492,1467.73999,1482.5,6541700
29/01/2021,1466.97998,1466.97998,1480.439941,1455.550049,1478.76001,7044400
01/02/2021,1478.050049,1478.050049,1481.660034,1456.449951,1465.76001,5609600
02/02/2021,1486.25,1486.25,1496.459961,1480.5,1491.02002,5374400
03/02/2021,1481.75,1481.75,1500.170044,1481.689941,1498.5,6094800
04/02/2021,1482.97998,1482.97998,1492.390015,1477.880005,1486.5,5762700
05/02/2021,1496.609985,1496.609985,1498.349976,1488.72998,1491.069946,6544300
08/02/2021,1516.430054,1516.430054,1517.310059,1507.089966,1508.449951,7090800
09/02/2021,1518.27002,1518.27002,1529.48999,1516.5,1524.579956,6992900
10/02/2021,1516.939941,1516.939941,1527.880005,1513.130005,1526.339966,5612500
11/02/2021,1508.349976,1508.349976,1521.310059,1503.189941,1520.680054,6045100
15/02/2021,1522.719971,1522.719971,1529.97998,1513.329956,1515.910034,6117200
16/02/2021,1523.109985,1523.109985,1531.290039,1522.410034,1528.430054,5570500
17/02/2021,1514.910034,1514.910034,1528.579956,1513.959961,1519.73999,5802200
18/02/2021,1511.030029,1511.030029,1524.109985,1510.77002,1519.790039,6121600
19/02/2021,1500.51001,1500.51001,1507.630005,1493.52002,1504.97998,6438500
22/02/2021,1478.140015,1478.140015,1505.469971,1476.5,1504.650024,7143100
23/02/2021,1500.609985,1500.609985,1506.939941,1486.180054,1487.530029,5616000
24/02/2021,1491.109985,1491.109985,1507.780029,1485.939941,1503.560059,6332300
25/02/2021,1496.780029,1496.780029,1511.300049,1494.359985,1508.819946,9071000
01/03/2021,1500.920044,1500.920044,1505.609985,1487.98999,1493.550049,7440600
02/03/2021,1503.359985,1503.359985,1509.650024,1500.800049,1503.910034,6187000
03/03/2021,1543.400024,1543.400024,1543.47998,1510.069946,1510.27002,7888100
04/03/2021,1534.109985,1534.109985,1540.660034,1527.880005,1535.76001,8047900
05/03/2021,1544.109985,1544.109985,1553.920044,1529.829956,1531.050049,7313400
08/03/2021,1543.76001,1543.76001,1562.560059,1540.640015,1559.170044,7550200
09/03/2021,1550.589966,1550.589966,1554.959961,1537.22998,1553,7105800
10/03/2021,1573.050049,1573.050049,1573.550049,1550.449951,1553.27002,9569500
11/03/2021,1575.130005,1575.130005,1584.609985,1569.869995,1582.689941,8957800
12/03/2021,1568.189941,1568.189941,1584.400024,1562.900024,1579.709961,8550600
15/03/2021,1565.72998,1565.72998,1575.959961,1562.689941,1573.109985,6713900
16/03/2021,1564.030029,1564.030029,1573.130005,1562.349976,1569.01001,100
17/03/2021,1566.76001,1566.76001,1571.530029,1559.219971,1562.920044,100
18/03/2021,1568.819946,1568.819946,1583.300049,1567.670044,1579.719971,8691000
19/03/2021,1563.959961,1563.959961,1566.670044,1554.959961,1562.300049,9513400
22/03/2021,1566.359985,1566.359985,1571.73999,1555.380005,1563.560059,9179700
23/03/2021,1564.25,1564.25,1574.140015,1562.030029,1572.699951,11706200
24/03/2021,1570.829956,1570.829956,1570.839966,1555.719971,1557.5,12329000
25/03/2021,1571.040039,1571.040039,1580.170044,1571.040039,1576.27002,12229700
26/03/2021,1574.859985,1574.859985,1580.73999,1566.890015,1577.469971,11133500
29/03/2021,1583.890015,1583.890015,1592.469971,1580.900024,1582.72998,9677200
30/03/2021,1589.530029,1589.530029,1593.52002,1585.060059,1589.680054,13674800
31/03/2021,1587.209961,1587.209961,1593.930054,1585.579956,1592.26001,10021000
01/04/2021,1595.119995,1595.119995,1600.599976,1590.329956,1594.01001,11897700
05/04/2021,1579.660034,1579.660034,1601.23999,1575.560059,1599.329956,12548000
07/04/2021,1556.560059,1556.560059,1570.689941,1555.569946,1566.109985,14163000
08/04/2021,1558.829956,1558.829956,1564.050049,1552.180054,1554.640015,11160300
09/04/2021,1566.339966,1566.339966,1572.130005,1561.76001,1562.199951,9163500
12/04/2021,1541.119995,1541.119995,1562.069946,1539.23999,1561.530029,7729900
16/04/2021,1548.959961,1548.959961,1550.26001,1529.290039,1543.589966,8198400
19/04/2021,1574.910034,1574.910034,1574.969971,1552.910034,1555.01001,8305600
20/04/2021,1580.040039,1580.040039,1582.48999,1570.530029,1574.380005,8597000
21/04/2021,1580.01001,1580.01001,1584.569946,1575.560059,1576.189941,9382600
22/04/2021,1568.209961,1568.209961,1587.949951,1564.829956,1585.910034,10940600
23/04/2021,1553.589966,1553.589966,1564.619995,1550.619995,1563.459961,10808200
26/04/2021,1559.530029,1559.530029,1561.52002,1544.099976,1552.050049,12430900
27/04/2021,1559.22998,1559.22998,1570.579956,1553.030029,1564.060059,19043900
28/04/2021,1576.790039,1576.790039,1578.619995,1562.839966,1565.699951,13603100
29/04/2021,1590.459961,1590.459961,1592.900024,1583.97998,1584.550049,12642900
30/04/2021,1583.130005,1583.130005,1593.22998,1580.73999,1591.119995,14643800
05/05/2021,1549.219971,1549.219971,1583.27002,1547.349976,1581.859985,13820400
06/05/2021,1571.910034,1571.910034,1575.369995,1551.420044,1553.27002,10170200
07/05/2021,1585.030029,1585.030029,1589.209961,1577.189941,1582.25,10863500
10/05/2021,1588.150024,1588.150024,1596.800049,1576.790039,1596.609985,10488500
11/05/2021,1578.930054,1578.930054,1590.540039,1566.910034,1579.25,11679000
12/05/2021,1571.849976,1571.849976,1578.339966,1557.939941,1576.660034,11216400
13/05/2021,1548.130005,1548.130005,1561.800049,1501.02002,1554.099976,15380300
14/05/2021,1549.47998,1549.47998,1558.859985,1532.290039,1555.719971,11225500
17/05/2021,1549.160034,1549.160034,1554.079956,1529.689941,1542.22998,15165200
18/05/2021,1566.800049,1566.800049,1570.369995,1558.849976,1559.930054,15861200
19/05/2021,1562.23999,1562.23999,1570.050049,1557.829956,1561.969971,14202000
20/05/2021,1554.540039,1554.540039,1568.719971,1554.540039,1565.390015,11873300
21/05/2021,1552.439941,1552.439941,1560.51001,1546.550049,1559.819946,12633000
24/05/2021,1551.849976,1551.849976,1559.599976,1547.140015,1555.22998,12485200
25/05/2021,1568.579956,1568.579956,1572.030029,1560.130005,1562.890015,10342900
27/05/2021,1582.959961,1582.959961,1587.540039,1568.890015,1570.5,11667600
28/05/2021,1581.97998,1581.97998,1595.449951,1579.530029,1590.439941,11565500
31/05/2021,1593.589966,1593.589966,1594.650024,1578.089966,1582.560059,12498700
01/06/2021,1618.589966,1618.589966,1620.530029,1598.660034,1602.650024,13305800
02/06/2021,1617.550049,1617.550049,1627.670044,1612.939941,1624.829956,12570400
04/06/2021,1611.530029,1611.530029,1622.890015,1611.339966,1613.719971,11939800
07/06/2021,1612.589966,1612.589966,1625.560059,1611.780029,1618.73999,11673900
08/06/2021,1612.880005,1612.880005,1618.699951,1605.310059,1614.849976,14218100
09/06/2021,1626.27002,1626.27002,1628.420044,1617.829956,1618.060059,11055300
10/06/2021,1625.27002,1625.27002,1636.219971,1623.569946,1631.920044,14273500
11/06/2021,1636.560059,1636.560059,1636.920044,1628.140015,1632.040039,15376400
14/06/2021,1633.060059,1633.060059,1642.800049,1629.329956,1641.680054,11952900
15/06/2021,1622.310059,1622.310059,1636.099976,1618.599976,1634.449951,10420800
16/06/2021,1624.790039,1624.790039,1631.22998,1619.22998,1622.780029,7869900
17/06/2021,1617.650024,1617.650024,1631.689941,1615.619995,1621.380005,10010600
18/06/2021,1612.97998,1612.97998,1622.430054,1604.439941,1619.880005,11421200
21/06/2021,1601.130005,1601.130005,1602.660034,1590.550049,1596.959961,10636400
22/06/2021,1599.22998,1599.22998,1613.660034,1598.560059,1610.849976,8937700
23/06/2021,1592.079956,1592.079956,1606.390015,1590.630005,1605.310059,8337400
24/06/2021,1585.719971,1585.719971,1589.329956,1569.930054,1587.72998,9499900
25/06/2021,1582.670044,1582.670044,1596.160034,1577.630005,1592.02002,7379800
28/06/2021,1579.170044,1579.170044,1581.339966,1565.310059,1572.180054,7616000
29/06/2021,1591.430054,1591.430054,1596.079956,1579.439941,1580.890015,7264300
30/06/2021,1587.790039,1587.790039,1600.569946,1584.469971,1597.26001,8653600
01/07/2021,1593.75,1593.75,1596.359985,1584.689941,1591.040039,9308100
02/07/2021,1578.48999,1578.48999,1596.050049,1574.920044,1591.369995,9145600
05/07/2021,1579.280029,1579.280029,1582.459961,1573.670044,1580.689941,7261100
06/07/2021,1591.430054,1591.430054,1594.150024,1585.339966,1585.959961,8137100
07/07/2021,1576.599976,1576.599976,1587.699951,1574.140015,1585.040039,13275400
08/07/2021,1543.670044,1543.670044,1567.329956,1540.560059,1563.959961,13851300
09/07/2021,1552.089966,1552.089966,1554.599976,1535.689941,1537.969971,9741300
12/07/2021,1549.839966,1549.839966,1561.719971,1544.709961,1558.630005,6930100
13/07/2021,1570.98999,1570.98999,1571.819946,1555.880005,1557.26001,7348100
14/07/2021,1569.699951,1569.699951,1573.040039,1561,1570.119995,23024900
15/07/2021,1572.01001,1572.01001,1580.430054,1570.959961,1575.050049,7782400
16/07/2021,1574.369995,1574.369995,1575.660034,1567.170044,1569.22998,7923900
19/07/2021,1556.01001,1556.01001,1563.880005,1551.790039,1557.810059,6192500
20/07/2021,1538.859985,1538.859985,1552.380005,1530.619995,1551.26001,8512300
21/07/2021,1540.880005,1540.880005,1545.390015,1532.339966,1543.170044,5934600
22/07/2021,1552.359985,1552.359985,1554.650024,1546.26001,1549.849976,6264000
23/07/2021,1545.099976,1545.099976,1553.25,1540.349976,1550.859985,7420000
27/07/2021,1537.630005,1537.630005,1551.430054,1531.810059,1547.400024,8034200
29/07/2021,1537.780029,1537.780029,1545.079956,1533.939941,1541.800049,8741800
30/07/2021,1521.920044,1521.920044,1539.030029,1516.77002,1536.910034,8477600
02/08/2021,1525.109985,1525.109985,1525.72998,1513.709961,1523.420044,6102000
03/08/2021,1540.51001,1540.51001,1540.52002,1524.369995,1525.23999,6171100
04/08/2021,1545.859985,1545.859985,1548.630005,1533.359985,1542.109985,6378900
05/08/2021,1527.660034,1527.660034,1547.380005,1526.910034,1544.829956,10398600
06/08/2021,1521.719971,1521.719971,1537.27002,1514.670044,1530.430054,7711900
09/08/2021,1540.189941,1540.189941,1543.709961,1525.290039,1528.160034,7281900
10/08/2021,1542.619995,1542.619995,1551.609985,1539.400024,1544.310059,9092600
11/08/2021,1532.709961,1532.709961,1550.73999,1531.579956,1549.410034,9601600
13/08/2021,1528.319946,1528.319946,1541.079956,1525.51001,1530.680054,9130300
16/08/2021,1531.23999,1531.23999,1532.939941,1512.280029,1527.079956,7756900
17/08/2021,1544.219971,1544.219971,1545.949951,1533.319946,1536.939941,6373500
18/08/2021,1551.869995,1551.869995,1557.079956,1545.329956,1546.709961,7470100
19/08/2021,1544.280029,1544.280029,1553.900024,1543.75,1546.699951,8691500
20/08/2021,1553.180054,1553.180054,1554.449951,1545.920044,1549.920044,9187300
23/08/2021,1582.069946,1582.069946,1583.130005,1565.930054,1566.099976,10366800
24/08/2021,1586.97998,1586.97998,1598.390015,1585.459961,1590.119995,9388300
25/08/2021,1600.48999,1600.48999,1601.089966,1588.369995,1591.290039,9269000
26/08/2021,1601.910034,1601.910034,1603.98999,1595.689941,1601.98999,11321400
27/08/2021,1611.199951,1611.199951,1615.219971,1600,1602.160034,10413700
30/08/2021,1633.77002,1633.77002,1634.920044,1621.420044,1621.680054,11606900
31/08/2021,1638.75,1638.75,1643.76001,1628.119995,1632.650024,11805400
01/09/2021,1634.47998,1634.47998,1646.069946,1628.160034,1643.01001,15016600
02/09/2021,1647.75,1647.75,1652.030029,1633.119995,1634.25,12572400
03/09/2021,1650.329956,1650.329956,1657.790039,1644.119995,1654,13519400
06/09/2021,1648.369995,1648.369995,1655.040039,1644.560059,1652.329956,17453600
07/09/2021,1636.449951,1636.449951,1658.079956,1635.109985,1653.670044,17815400
08/09/2021,1640.449951,1640.449951,1641.290039,1627.170044,1632.180054,16254200
09/09/2021,1629.119995,1629.119995,1646.069946,1626.949951,1637.650024,15780100
10/09/2021,1635.349976,1635.349976,1639.650024,1620.579956,1633.099976,13847400
13/09/2021,1633.76001,1633.76001,1642.630005,1627.290039,1634.430054,20187900
14/09/2021,1623.839966,1623.839966,1640.400024,1621.959961,1639.900024,13400300
15/09/2021,1628.040039,1628.040039,1630.050049,1620.839966,1624.170044,10532900
16/09/2021,1631.699951,1631.699951,1636.01001,1628.569946,1633.280029,11034400
17/09/2021,1625.650024,1625.650024,1635.040039,1617.310059,1632.180054,12874300
20/09/2021,1603.060059,1603.060059,1620.719971,1601.160034,1617.439941,13860500
21/09/2021,1614.859985,1614.859985,1618.189941,1591.810059,1604.640015,11752500
22/09/2021,1619.589966,1619.589966,1623.859985,1611.76001,1614.73999,17194800
23/09/2021,1631.150024,1631.150024,1637.650024,1623,1632.920044,19815000
27/09/2021,1620.02002,1620.02002,1639.969971,1616.599976,1637.300049,19432900
28/09/2021,1616.5,1616.5,1626.550049,1614.310059,1623.880005,17164300
29/09/2021,1616.97998,1616.97998,1622.619995,1604.459961,1605.189941,10072700
30/09/2021,1605.680054,1605.680054,1621.150024,1601.790039,1616.98999,12339900
01/10/2021,1605.170044,1605.170044,1609.47998,1593.319946,1600.589966,9922700
04/10/2021,1614.47998,1614.47998,1619.619995,1610.959961,1611.689941,8128400
05/10/2021,1624.23999,1624.23999,1626.439941,1611.420044,1612.5,9875700
06/10/2021,1619.47998,1619.47998,1631.810059,1617.23999,1626.650024,13212400
07/10/2021,1633.719971,1633.719971,1637.819946,1624.589966,1627.150024,11643700
08/10/2021,1639.410034,1639.410034,1644.160034,1635.77002,1641.920044,11146100
11/10/2021,1633.439941,1633.439941,1646.5,1629.949951,1644.380005,12398700
12/10/2021,1643.640015,1643.640015,1646.849976,1637.48999,1644.560059,12331600
14/10/2021,1640.969971,1640.969971,1648.619995,1637.420044,1647.560059,12034900
15/10/2021,1638.339966,1638.339966,1651.410034,1635.140015,1646.349976,12657900
18/10/2021,1643.920044,1643.920044,1648,1639.920044,1641.969971,11244300
19/10/2021,1630.390015,1630.390015,1649.660034,1627.119995,1648.47998,12565000
20/10/2021,1637.550049,1637.550049,1639.410034,1632.619995,1633.880005,10783400
21/10/2021,1643.420044,1643.420044,1646.5,1639.160034,1644.390015,10961000
25/10/2021,1634.199951,1634.199951,1645.910034,1631.290039,1645,8411800
26/10/2021,1635.969971,1635.969971,1639.930054,1627.680054,1635.609985,8972800
27/10/2021,1627.609985,1627.609985,1635.680054,1626.560059,1632.439941,11390900
28/10/2021,1624.310059,1624.310059,1632.300049,1622.560059,1626.060059,8545900
29/10/2021,1623.430054,1623.430054,1629.25,1619.140015,1626.27002,7225100
01/11/2021,1613.780029,1613.780029,1632.72998,1611.390015,1627.589966,6953100
02/11/2021,1617.890015,1617.890015,1621.689941,1608.640015,1616.73999,7273500
03/11/2021,1611.920044,1611.920044,1623.079956,1607.719971,1620.52002,9541300
04/11/2021,1626.27002,1626.27002,1627.569946,1607.72998,1613.449951,5774100
05/11/2021,1626.219971,1626.219971,1628.599976,1619.619995,1627.449951,4930000
08/11/2021,1626.130005,1626.130005,1635.619995,1621.349976,1631.339966,7402800
09/11/2021,1631.689941,1631.689941,1633.76001,1623.640015,1626.800049,6473800
10/11/2021,1630.469971,1630.469971,1633.430054,1625.130005,1627.670044,6404800
11/11/2021,1632.439941,1632.439941,1634.439941,1626.800049,1629.280029,6530000
12/11/2021,1633.939941,1633.939941,1640.660034,1632.880005,1636.630005,7900600
15/11/2021,1638.72998,1638.72998,1642.599976,1635.219971,1636.410034,7931700
16/11/2021,1644.01001,1644.01001,1648.430054,1639.079956,1642.050049,8418000
17/11/2021,1644.599976,1644.599976,1651.51001,1642.359985,1646.859985,8903400
18/11/2021,1651.02002,1651.02002,1653.680054,1642.5,1643.390015,9742000
19/11/2021,1645.060059,1645.060059,1656.27002,1641.52002,1653.359985,16123800
22/11/2021,1649.540039,1649.540039,1653.329956,1645.089966,1648.140015,10949800
23/11/2021,1646.420044,1646.420044,1654.48999,1644.02002,1652.619995,10390300
24/11/2021,1649.819946,1649.819946,1658.599976,1647.900024,1650.540039,10532600
25/11/2021,1648.459961,1648.459961,1656.459961,1644.869995,1654.939941,8606300
26/11/2021,1610.609985,1610.609985,1640.910034,1608.550049,1639.540039,14088200
29/11/2021,1589.689941,1589.689941,1617.550049,1587.780029,1608.01001,9665600
30/11/2021,1568.689941,1568.689941,1612.099976,1565.949951,1601.52002,12215600
01/12/2021,1590.810059,1590.810059,1591.859985,1563.040039,1576.26001,8240400
02/12/2021,1591.839966,1591.839966,1592,1580.079956,1583.380005,7972200
03/12/2021,1588.189941,1588.189941,1597.25,1587.530029,1593.079956,7998100
07/12/2021,1609.280029,1609.280029,1611.579956,1595.140015,1600.170044,8871400
08/12/2021,1618.359985,1618.359985,1621.209961,1610.300049,1617.089966,9884100
09/12/2021,1618.22998,1618.22998,1623.819946,1612.569946,1621.630005,10130200
13/12/2021,1625.829956,1625.829956,1628.930054,1618.569946,1626.26001,10397200
14/12/2021,1630.640015,1630.640015,1630.930054,1616.51001,1619.689941,9946600
15/12/2021,1623.660034,1623.660034,1630.890015,1622.48999,1628.01001,10625900
16/12/2021,1645.319946,1645.319946,1645.439941,1624.310059,1629.47998,10346700
17/12/2021,1641.72998,1641.72998,1646.849976,1637.089966,1644.099976,9972400
20/12/2021,1615.800049,1615.800049,1633.800049,1612.959961,1631.219971,9202600
21/12/2021,1622.25,1622.25,1628.839966,1618.569946,1623.199951,12577800
22/12/2021,1626.790039,1626.790039,1632.329956,1624.77002,1628.420044,6893000
23/12/2021,1641.469971,1641.469971,1645.709961,1632.900024,1633.199951,7344600
24/12/2021,1637.219971,1637.219971,1644.119995,1635.189941,1642.640015,7129300
27/12/2021,1636.5,1636.5,1642.420044,1632.790039,1641.280029,6564300
28/12/2021,1641.52002,1641.52002,1650.280029,1640.609985,1640.969971,8423900
29/12/2021,1653.329956,1653.329956,1654.97998,1641.75,1643.430054,7430100
30/12/2021,1657.619995,1657.619995,1660.849976,1652.369995,1657.290039,6530800
04/01/2022,1670.280029,1670.280029,1674.189941,1663.5,1664.51001,9290800
05/01/2022,1676.790039,1676.790039,1677.949951,1670.589966,1672.890015,9828200
06/01/2022,1653.030029,1653.030029,1666.219971,1653.030029,1663.589966,11581600
07/01/2022,1657.619995,1657.619995,1662.420044,1650.530029,1659.150024,10326200
10/01/2022,1657.060059,1657.060059,1664.22998,1654.050049,1661.5,10171700
11/01/2022,1667.119995,1667.119995,1667.699951,1659,1659.329956,12100100
12/01/2022,1678.5,1678.5,1680.849976,1673,1676.030029,13461700
13/01/2022,1680.02002,1680.02002,1682.709961,1675.73999,1680.829956,15930700
14/01/2022,1672.630005,1672.630005,1680.02002,1670.699951,1676.579956,16685400
17/01/2022,1676.869995,1676.869995,1680.390015,1672.930054,1675.810059,12545300
18/01/2022,1660.27002,1660.27002,1682.930054,1660.150024,1680.280029,16066500
19/01/2022,1658.23999,1658.23999,1667.439941,1653.380005,1658.859985,13832500
20/01/2022,1656.959961,1656.959961,1666.599976,1656.469971,1663.310059,12022700
21/01/2022,1652.72998,1652.72998,1655.420044,1641.859985,1651.209961,11896700
24/01/2022,1640.540039,1640.540039,1654.98999,1639.140015,1650.339966,11219400
25/01/2022,1639.089966,1639.089966,1641.680054,1624.290039,1636.329956,11009600
26/01/2022,1643.439941,1643.439941,1649.819946,1642.069946,1645.48999,9852700
27/01/2022,1634.170044,1634.170044,1635.140015,1617.869995,1633.780029,11055300
28/01/2022,1639.51001,1639.51001,1646.47998,1636.699951,1637.819946,7052200
31/01/2022,1648.810059,1648.810059,1655.47998,1646.880005,1647.680054,6870800
01/02/2022,1661.75,1661.75,1663.76001,1658.26001,1659.430054,6160400
02/02/2022,1667.75,1667.75,1669.5,1658.579956,1665.800049,6474400
03/02/2022,1669.050049,1669.050049,1673.75,1664.089966,1664.630005,9487300
04/02/2022,1674.219971,1674.219971,1678.719971,1672.390015,1672.900024,7177400
07/02/2022,1677.23999,1677.23999,1681.170044,1667.290039,1679.079956,0
08/02/2022,1684.22998,1684.22998,1685.140015,1677.47998,1680.609985,7841100
09/02/2022,1703.160034,1703.160034,1708.030029,1688.949951,1689.52002,10694300
10/02/2022,1703,1703,1707.439941,1696.72998,1705.72998,10006800
11/02/2022,1699.199951,1699.199951,1703.949951,1690.689941,1694.709961,8260100
14/02/2022,1684.689941,1684.689941,1694.189941,1680.829956,1692.890015,11234800
15/02/2022,1701.449951,1701.449951,1702.73999,1687.180054,1688.670044,9237600
17/02/2022,1711.579956,1711.579956,1718.550049,1708.430054,1709.5,8533500
18/02/2022,1713.199951,1713.199951,1716.140015,1703.599976,1709.030029,10592600
21/02/2022,1694.319946,1694.319946,1713.869995,1692.130005,1712.949951,9978900
22/02/2022,1691.119995,1691.119995,1691.619995,1673.310059,1681.23999,8630600
23/02/2022,1696.449951,1696.449951,1700.349976,1686.089966,1694.069946,10054000
24/02/2022,1662.719971,1662.719971,1690.5,1656.619995,1683.920044,12489700
25/02/2022,1679.900024,1679.900024,1684.5,1670.130005,1676.119995,7614200
28/02/2022,1685.180054,1685.180054,1690.609985,1668.050049,1678.050049,7588100
01/03/2022,1694.280029,1694.280029,1701.689941,1690.819946,1694.949951,7949600
02/03/2022,1689.810059,1689.810059,1699.579956,1684.530029,1694.640015,7968200
03/03/2022,1696.079956,1696.079956,1705.5,1691.199951,1701.26001,7763900
04/03/2022,1671.719971,1671.719971,1689.890015,1671.699951,1687.98999,10830200
07/03/2022,1626.699951,1626.699951,1655.189941,1616.079956,1654.430054,11939100
08/03/2022,1619.099976,1619.099976,1633.5,1580.800049,1622.030029,14194400
09/03/2022,1643.640015,1643.640015,1643.869995,1610.339966,1626.719971,10990700
10/03/2022,1647.079956,1647.079956,1659.290039,1643.390015,1652.98999,10038000
11/03/2022,1658.01001,1658.01001,1659.670044,1637.930054,1642.27002,10267300
14/03/2022,1660.150024,1660.150024,1662.660034,1651.900024,1656.359985,7698000
15/03/2022,1644.359985,1644.359985,1663.319946,1639.900024,1656.780029,8493900
16/03/2022,1667.920044,1667.920044,1668.949951,1653.869995,1655.01001,6360200
17/03/2022,1681.76001,1681.76001,1686.449951,1677.189941,1679.27002,7930900
18/03/2022,1678.51001,1678.51001,1685.680054,1677.160034,1684.119995,7508200
21/03/2022,1673.869995,1673.869995,1685.780029,1671.079956,1683.689941,6833200
22/03/2022,1677.869995,1677.869995,1680,1670.550049,1672.98999,6708400
23/03/2022,1677.949951,1677.949951,1686.140015,1676.880005,1684.030029,6830500
24/03/2022,1680.890015,1680.890015,1685.119995,1675.189941,1677.52002,6238100
25/03/2022,1676.800049,1676.800049,1685.410034,1674.119995,1683.670044,6556600
28/03/2022,1684.300049,1684.300049,1687.199951,1676.75,1678.130005,5591600
29/03/2022,1689.73999,1689.73999,1692.900024,1686.839966,1688.52002,7110900
30/03/2022,1698.400024,1698.400024,1702.670044,1692.72998,1694.839966,8530000
31/03/2022,1695.23999,1695.23999,1701.949951,1693.160034,1698.800049,8493900
01/04/2022,1701.310059,1701.310059,1701.98999,1690.699951,1693.670044,7818900
04/04/2022,1702.930054,1702.930054,1706.77002,1699.819946,1704.640015,6906100
05/04/2022,1701.180054,1701.180054,1708.890015,1698.329956,1705.859985,6493000
07/04/2022,1682.410034,1682.410034,1694.22998,1674.810059,1693.459961,8524400
08/04/2022,1686,1686,1690.579956,1678.069946,1684.660034,5788100
11/04/2022,1678.459961,1678.459961,1685.949951,1675.949951,1683.449951,6022800
12/04/2022,1674.339966,1674.339966,1678.439941,1669.359985,1673.719971,4331900
18/04/2022,1668.060059,1668.060059,1675.949951,1665.25,1669.089966,5437700
19/04/2022,1675.619995,1675.619995,1681.75,1673.910034,1675.26001,6926000
20/04/2022,1680.349976,1680.349976,1685.900024,1675.579956,1678.5,6160600
21/04/2022,1690.550049,1690.550049,1693.969971,1682.650024,1686.310059,6054700
22/04/2022,1690.589966,1690.589966,1690.589966,1680.859985,1686.26001,7478300
25/04/2022,1675.329956,1675.329956,1683.060059,1672.98999,1677.550049,6904400
26/04/2022,1668.969971,1668.969971,1685.420044,1668.76001,1681.73999,9374000
27/04/2022,1661.890015,1661.890015,1670.219971,1655.25,1667.449951,7155900
28/04/2022,1667.73999,1667.73999,1669.040039,1658.469971,1663.140015,22400
29/04/2022,1667.439941,1667.439941,1673.540039,1666.839966,1667.810059,5194300
03/05/2022,1652.290039,1652.290039,1668.540039,1649.5,1667.410034,5905500
05/05/2022,1643.300049,1643.300049,1667.119995,1643.170044,1663.25,5954300
06/05/2022,1629.579956,1629.579956,1634.650024,1617.939941,1626.079956,5542000
09/05/2022,1604.48999,1604.48999,1624.26001,1604.060059,1623.709961,6539000
10/05/2022,1622.780029,1622.780029,1622.819946,1592.640015,1599.97998,6227300
11/05/2022,1613.339966,1613.339966,1622.699951,1604.300049,1621.349976,5593800
12/05/2022,1584.52002,1584.52002,1607.880005,1580.099976,1607.280029,6953400
13/05/2022,1584.380005,1584.380005,1597.579956,1578.109985,1592.469971,6016000
17/05/2022,1614.48999,1614.48999,1615.47998,1590.959961,1595.599976,5738200
18/05/2022,1620.329956,1620.329956,1622.170044,1607.310059,1617.699951,4932700
19/05/2022,1605.97998,1605.97998,1611.670044,1592.099976,1595.430054,5626100
20/05/2022,1622.949951,1622.949951,1626.160034,1616.459961,1618.920044,5152700
23/05/2022,1635.280029,1635.280029,1635.349976,1623.599976,1627.709961,4822100
24/05/2022,1626.22998,1626.22998,1636.969971,1625.930054,1636.119995,5386600
25/05/2022,1625.180054,1625.180054,1640.689941,1624.030029,1632.119995,5428600
26/05/2022,1633.72998,1633.72998,1636.02002,1629.310059,1630.530029,5151400
27/05/2022,1638.75,1638.75,1646.369995,1632.660034,1643.180054,7442300
30/05/2022,1653.609985,1653.609985,1656.540039,1646.949951,1649.51001,5228500
31/05/2022,1663.410034,1663.410034,1663.52002,1649.599976,1654.27002,5839900
01/06/2022,1660.01001,1660.01001,1664.900024,1655.800049,1662.319946,5487300
02/06/2022,1647.670044,1647.670044,1658.050049,1645.890015,1657.01001,5051800
06/06/2022,1646.079956,1646.079956,1652.109985,1636.079956,1650.410034,5016800
07/06/2022,1631.920044,1631.920044,1645.410034,1630.369995,1644.219971,5820300
08/06/2022,1636.890015,1636.890015,1641.079956,1631.119995,1639.099976,4809600
09/06/2022,1641.339966,1641.339966,1646.439941,1636.199951,1637.530029,5699800
10/06/2022,1632.619995,1632.619995,1640.859985,1631.430054,1637.359985,4738700
13/06/2022,1600.060059,1600.060059,1616.310059,1599.339966,1611.839966,5915700
14/06/2022,1603.030029,1603.030029,1605.530029,1590.75,1597.170044,4565900
15/06/2022,1593.540039,1593.540039,1606.310059,1589.280029,1605.540039,5838700
16/06/2022,1561.099976,1561.099976,1607.189941,1560.939941,1604.72998,8281400
17/06/2022,1559.390015,1559.390015,1567.819946,1544.26001,1553.069946,7250900
20/06/2022,1559.209961,1559.209961,1563.969971,1549.97998,1554.839966,4446100
21/06/2022,1574.52002,1574.52002,1576.050049,1563.140015,1568.630005,4498400
22/06/2022,1560.02002,1560.02002,1572.660034,1551.420044,1571.349976,5763400
23/06/2022,1557.609985,1557.609985,1565.530029,1555.52002,1564.209961,5190800
24/06/2022,1568.76001,1568.76001,1570.619995,1559.73999,1567.140015,4141000
27/06/2022,1580.199951,1580.199951,1584.050049,1575.290039,1577.890015,4381900
28/06/2022,1594.469971,1594.469971,1596.27002,1576.75,1580.680054,4839000
29/06/2022,1586.180054,1586.180054,1590.050049,1582.52002,1588.030029,4404200
30/06/2022,1568.329956,1568.329956,1591.22998,1564.819946,1587.819946,5881000
01/07/2022,1572.670044,1572.670044,1575.77002,1563.390015,1571.189941,3630400
04/07/2022,1560.27002,1560.27002,1577.099976,1559.640015,1575.030029,5204800
05/07/2022,1541.300049,1541.300049,1569.959961,1539.319946,1566.51001,6957500
06/07/2022,1541.790039,1541.790039,1546.839966,1530.430054,1539.650024,6476900
07/07/2022,1562.369995,1562.369995,1563.650024,1542.75,1545.329956,4284400
08/07/2022,1557.869995,1557.869995,1569.47998,1554.26001,1568.599976,3680700
11/07/2022,1557.400024,1557.400024,1560.01001,1548.869995,1556.01001,3072000
12/07/2022,1546.800049,1546.800049,1556.900024,1542.949951,1553.829956,3146700
14/07/2022,1536.819946,1536.819946,1550.329956,1532.079956,1543.400024,3796500
15/07/2022,1533.369995,1533.369995,1539.959961,1517.51001,1538.76001,4183200
18/07/2022,1544.810059,1544.810059,1546.290039,1535.810059,1539.130005,3090700
19/07/2022,1533.430054,1533.430054,1541.550049,1520.77002,1540.420044,3498600
20/07/2022,1539.319946,1539.319946,1545.25,1535.52002,1542.589966,3306800
21/07/2022,1546.310059,1546.310059,1547.829956,1535.51001,1538.400024,3678100
22/07/2022,1552.72998,1552.72998,1556.26001,1541.969971,1551.199951,5006700
25/07/2022,1560.310059,1560.310059,1563.27002,1548.099976,1553.699951,4096100
26/07/2022,1553.180054,1553.180054,1563.839966,1551.959961,1563.160034,3626600
27/07/2022,1576.410034,1576.410034,1576.780029,1555.640015,1557.109985,3681900
01/08/2022,1593.23999,1593.23999,1596.660034,1581.22998,1584.930054,4578100
02/08/2022,1589.160034,1589.160034,1598.540039,1585.709961,1588.76001,3867600
03/08/2022,1594.72998,1594.72998,1597.73999,1586.48999,1590.52002,3833300
04/08/2022,1598.75,1598.75,1604.849976,1592.280029,1599.959961,3898400
05/08/2022,1601.089966,1601.089966,1603.859985,1595.890015,1602.040039,3712300
08/08/2022,1608.869995,1608.869995,1608.880005,1589.619995,1602.810059,3913100
09/08/2022,1618.800049,1618.800049,1620.97998,1606.47998,1608.959961,3708900
10/08/2022,1617.209961,1617.209961,1618.069946,1606.089966,1616.400024,4104300
11/08/2022,1622.26001,1622.26001,1626.280029,1612.609985,1624.75,4612400
15/08/2022,1625.25,1625.25,1630.119995,1617,1621.199951,4624500
16/08/2022,1629.949951,1629.949951,1632.859985,1624.920044,1629.439941,4761400
17/08/2022,1639.719971,1639.719971,1642.170044,1632.26001,1633.650024,4680100
18/08/2022,1636.069946,1636.069946,1641.310059,1630.98999,1638.73999,4382800
19/08/2022,1625.920044,1625.920044,1638.75,1623.689941,1635.349976,5522900
22/08/2022,1615.819946,1615.819946,1628.51001,1612.410034,1623.719971,4363300
23/08/2022,1633.569946,1633.569946,1635.780029,1609.810059,1613.199951,4855000
24/08/2022,1631.550049,1631.550049,1638.75,1624.599976,1632.969971,5773200
25/08/2022,1643.52002,1643.52002,1646.550049,1636.910034,1638.51001,4883900
26/08/2022,1644.780029,1644.780029,1650.709961,1639.040039,1646.180054,4831300
29/08/2022,1626.52002,1626.52002,1634.630005,1619.579956,1622.430054,4873200
30/08/2022,1639.449951,1639.449951,1641.51001,1627.709961,1631.170044,4599700
31/08/2022,1638.930054,1638.930054,1644.089966,1630.01001,1632.920044,5733600
01/09/2022,1621.949951,1621.949951,1640.650024,1617.75,1636.52002,5228000
02/09/2022,1622.150024,1622.150024,1626.47998,1611.189941,1622.859985,4876600
05/09/2022,1622,1622,1622.719971,1611.859985,1622.380005,4289900
06/09/2022,1633.869995,1633.869995,1636.699951,1624.920044,1626.619995,4996200
07/09/2022,1639.920044,1639.920044,1641.25,1628.800049,1631.48999,5313700
08/09/2022,1640,1640,1649.170044,1636.329956,1645.75,5230100
09/09/2022,1654.619995,1654.619995,1658.959961,1641.819946,1646.640015,5128200
12/09/2022,1665.73999,1665.73999,1672.640015,1660.829956,1661.390015,5641000
13/09/2022,1661.089966,1661.089966,1671.189941,1660.810059,1669.579956,6206500
14/09/2022,1656.579956,1656.579956,1660.420044,1642.530029,1643.390015,5617800
15/09/2022,1642.329956,1642.329956,1661.040039,1642.069946,1660.140015,5684500
16/09/2022,1630.400024,1630.400024,1642.72998,1629.310059,1639.150024,6688700
19/09/2022,1631.569946,1631.569946,1638.680054,1628.959961,1632.609985,4697900
20/09/2022,1638.589966,1638.589966,1645.150024,1636.199951,1640.619995,5097900
21/09/2022,1633.449951,1633.449951,1642.819946,1633.410034,1640.5,5406700
22/09/2022,1645.290039,1645.290039,1649.290039,1627.339966,1631.01001,4711900
23/09/2022,1631.709961,1631.709961,1647.339966,1631.5,1646.02002,4676200
26/09/2022,1621.25,1621.25,1627.949951,1615.319946,1626.609985,5794600
27/09/2022,1610.579956,1610.579956,1627.300049,1610.319946,1622.73999,8565000
28/09/2022,1599.22998,1599.22998,1606.22998,1595.76001,1600.939941,4992600
29/09/2022,1592.369995,1592.369995,1617.22998,1589.790039,1607.839966,5451700
30/09/2022,1589.51001,1589.51001,1597.439941,1584.219971,1589.97998,5168400
03/10/2022,1558.050049,1558.050049,1592.719971,1556.72998,1586.51001,5746000
04/10/2022,1578,1578,1584.569946,1567.47998,1576.930054,4765000
05/10/2022,1580.27002,1580.27002,1590.339966,1576.709961,1586.579956,4387200
06/10/2022,1589.180054,1589.180054,1597.800049,1586.160034,1586.359985,4081600
07/10/2022,1579.660034,1579.660034,1592.119995,1572.52002,1590.359985,3792700
10/10/2022,1570.569946,1570.569946,1573.410034,1562.349976,1570.380005,4235100
11/10/2022,1562.680054,1562.680054,1569.130005,1559.219971,1567.369995,4250800
12/10/2022,1560.780029,1560.780029,1567.030029,1557.73999,1564.420044,4309000
17/10/2022,1571.400024,1571.400024,1573.670044,1553.800049,1563.050049,4134100
18/10/2022,1590.359985,1590.359985,1594.680054,1576.619995,1577.75,4494600
19/10/2022,1588.719971,1588.719971,1596.030029,1583.810059,1592.619995,3222300
20/10/2022,1592.72998,1592.72998,1595.569946,1579.780029,1585.119995,4718500
21/10/2022,1591.319946,1591.319946,1597.930054,1588.01001,1592.719971,4168200
25/10/2022,1600.660034,1600.660034,1602.880005,1593.680054,1598.290039,4385200
26/10/2022,1596.459961,1596.459961,1604.98999,1593.790039,1602.619995,5328100
27/10/2022,1602.329956,1602.329956,1605.76001,1592.48999,1600.400024,4929600
28/10/2022,1606.069946,1606.069946,1607.75,1598.180054,1603.439941,4858300
31/10/2022,1608.76001,1608.76001,1619.079956,1605.76001,1614.660034,4453500
01/11/2022,1625.72998,1625.72998,1628.290039,1613.959961,1614.22998,5365100
02/11/2022,1625.02002,1625.02002,1630.560059,1622.300049,1627.920044,5911100
03/11/2022,1625.619995,1625.619995,1628.780029,1619.98999,1621.869995,4483800
04/11/2022,1626.319946,1626.319946,1635.930054,1626.189941,1628.130005,4271600
07/11/2022,1623.569946,1623.569946,1634.650024,1621.099976,1632.189941,4194200
08/11/2022,1632.609985,1632.609985,1635.869995,1627.930054,1628.189941,4502900
09/11/2022,1622.449951,1622.449951,1635.369995,1619.689941,1633.579956,4479200
10/11/2022,1619.22998,1619.22998,1623.969971,1611.170044,1614.01001,4856500
11/11/2022,1637.290039,1637.290039,1640.030029,1629.569946,1635.359985,5474300
14/11/2022,1623.380005,1623.380005,1633.76001,1618.280029,1630.459961,5123700
15/11/2022,1629.380005,1629.380005,1632.420044,1623.329956,1625.579956,4522700
16/11/2022,1619.97998,1619.97998,1629.060059,1616.819946,1628.73999,4435900
17/11/2022,1614.949951,1614.949951,1619.050049,1611.280029,1617.650024,3478400
18/11/2022,1617.380005,1617.380005,1622.030029,1610.75,1615.579956,3822000
21/11/2022,1618.859985,1618.859985,1623.300049,1611.449951,1613.430054,4461000
22/11/2022,1615.329956,1615.329956,1629.219971,1612.25,1620.339966,4566600
23/11/2022,1624.400024,1624.400024,1626.219971,1617.560059,1619.869995,4875600
24/11/2022,1624.959961,1624.959961,1630.079956,1621.569946,1628.790039,4167000
25/11/2022,1620.839966,1620.839966,1622.890015,1615.949951,1622.390015,3252800
28/11/2022,1616.910034,1616.910034,1620.780029,1612.560059,1616.430054,13000300
29/11/2022,1624.390015,1624.390015,1625.670044,1613.869995,1619.22998,3976500
30/11/2022,1635.359985,1635.359985,1636.079956,1622.23999,1626.140015,4983900
01/12/2022,1648.439941,1648.439941,1651.76001,1639.02002,1642.160034,5887500
02/12/2022,1641.630005,1641.630005,1651.189941,1639.130005,1649.790039,4079000
06/12/2022,1632.969971,1632.969971,1640.869995,1628.660034,1639.25,4746000
07/12/2022,1622.280029,1622.280029,1636.150024,1621.01001,1632.199951,4458100
08/12/2022,1620.48999,1620.48999,1625.900024,1615.060059,1624.290039,3849800
09/12/2022,1623.130005,1623.130005,1629.930054,1618.130005,1621.969971,3281100
13/12/2022,1625.910034,1625.910034,1633.069946,1621.410034,1629.829956,4968900
14/12/2022,1633.359985,1633.359985,1638.880005,1628.170044,1630.48999,4761200
15/12/2022,1620.280029,1620.280029,1634.02002,1616.98999,1632.640015,5614400
16/12/2022,1619.01001,1619.01001,1620.439941,1612.02002,1615.550049,5454700
19/12/2022,1618.199951,1618.199951,1624.339966,1613.939941,1619.030029,4185500
20/12/2022,1604.439941,1604.439941,1621.540039,1597.030029,1619.719971,5529500
21/12/2022,1609.939941,1609.939941,1612.609985,1605.290039,1611.26001,3608600
22/12/2022,1616.670044,1616.670044,1618.859985,1611.810059,1614.530029,2857800
23/12/2022,1617.550049,1617.550049,1619.319946,1609.819946,1611.920044,3223500
26/12/2022,1626.800049,1626.800049,1629.26001,1619.689941,1620.689941,2656700
27/12/2022,1643.160034,1643.160034,1645.76001,1631.140015,1632.060059,4015200
28/12/2022,1647.280029,1647.280029,1649.420044,1641.540039,1644,3836100
29/12/2022,1661.199951,1661.199951,1662.069946,1642.47998,1644.72998,3567500
30/12/2022,1668.660034,1668.660034,1678.170044,1661.47998,1662.650024,4527700
03/01/2023,1678.969971,1678.969971,1683.380005,1673.290039,1675.699951,4618100
04/01/2023,1673.25,1673.25,1685.109985,1668.069946,1680.069946,5777500
05/01/2023,1663.859985,1663.859985,1676.819946,1659.900024,1674.810059,6321200
06/01/2023,1673.859985,1673.859985,1677.790039,1665.48999,1667.140015,4912600
09/01/2023,1691.119995,1691.119995,1693.420044,1684.900024,1685.300049,4677700
10/01/2023,1691.410034,1691.410034,1695.530029,1684.900024,1694.170044,5305200
11/01/2023,1685.75,1685.75,1695.130005,1681.880005,1693.219971,4781800
12/01/2023,1687.449951,1687.449951,1690.319946,1679.98999,1688.339966,4943300
13/01/2023,1681.72998,1681.72998,1695.98999,1673.920044,1691.52002,5770600
16/01/2023,1684.859985,1684.859985,1691.349976,1679.98999,1686.349976,4457100
17/01/2023,1681.040039,1681.040039,1688.560059,1679.199951,1686.089966,4216500
18/01/2023,1685.439941,1685.439941,1689.410034,1679.150024,1682.040039,4130300
19/01/2023,1688.47998,1688.47998,1690.689941,1681.719971,1682.130005,4050400
20/01/2023,1677.25,1677.25,1688.589966,1672.48999,1687.420044,5394100
23/01/2023,1684.040039,1684.040039,1689.52002,1677.52002,1681.329956,4418700
24/01/2023,1682.939941,1682.939941,1693.969971,1682.579956,1689.900024,4043600
25/01/2023,1682.109985,1682.109985,1687.51001,1678.709961,1686.130005,4597000
26/01/2023,1671.339966,1671.339966,1684.839966,1667.430054,1682.800049,5208700
27/01/2023,1681.300049,1681.300049,1683.77002,1670.910034,1674.410034,4194700
30/01/2023,1681.219971,1681.219971,1685.23999,1676.51001,1683.560059,5482700
31/01/2023,1671.459961,1671.459961,1683.900024,1671,1681.660034,6744600
01/02/2023,1685.75,1685.75,1687.97998,1675.72998,1676.670044,5582400
02/02/2023,1682.579956,1682.579956,1692.939941,1681.73999,1689.160034,5921900
03/02/2023,1688.359985,1688.359985,1690.400024,1679,1684.329956,5595300
06/02/2023,1682.109985,1682.109985,1687.780029,1680.219971,1686.01001,6575300
07/02/2023,1680.48999,1680.48999,1689.51001,1676.140015,1684.689941,6515400
08/02/2023,1670.339966,1670.339966,1684.75,1667.790039,1683.530029,6738800
09/02/2023,1669.170044,1669.170044,1672.089966,1656.73999,1670.079956,5168800
10/02/2023,1664.569946,1664.569946,1668.969971,1660.099976,1665.849976,4169900
13/02/2023,1664.890015,1664.890015,1669.97998,1658.430054,1661.369995,4210600
14/02/2023,1652.76001,1652.76001,1669.709961,1648.73999,1667.969971,6726900
15/02/2023,1647.390015,1647.390015,1657.530029,1642.969971,1651.189941,12343500
16/02/2023,1658.290039,1658.290039,1660.579956,1648.98999,1653.849976,4014000
17/02/2023,1651.670044,1651.670044,1657.02002,1643.819946,1654.869995,4055000
20/02/2023,1657.689941,1657.689941,1660.180054,1650.390015,1654.900024,3610900
21/02/2023,1668.630005,1668.630005,1669.51001,1652.25,1659.699951,4644600
22/02/2023,1659.47998,1659.47998,1667.98999,1656.5,1665.599976,3891000
23/02/2023,1652.469971,1652.469971,1658.920044,1647.369995,1657.780029,4486600
24/02/2023,1634.02002,1634.02002,1654.089966,1631.540039,1653.119995,4718500
27/02/2023,1627.349976,1627.349976,1635.349976,1624.619995,1633.160034,4628100
28/02/2023,1622.349976,1622.349976,1637.410034,1618.089966,1633.810059,6099100
01/03/2023,1619.97998,1619.97998,1628.920044,1619.719971,1627.180054,5141600
02/03/2023,1612.640015,1612.640015,1626.550049,1608.670044,1618.969971,5709100
03/03/2023,1606.880005,1606.880005,1615.390015,1604.140015,1614.310059,4936100
07/03/2023,1618.51001,1618.51001,1624.780029,1612.800049,1613.290039,4533400
08/03/2023,1612.599976,1612.599976,1615.51001,1599.869995,1606.130005,6064200
09/03/2023,1614.219971,1614.219971,1621.880005,1608.410034,1615.27002,5259800
10/03/2023,1599.650024,1599.650024,1609.099976,1596.439941,1605.619995,4151200
13/03/2023,1573.069946,1573.069946,1602.650024,1572.650024,1592.819946,8397100
14/03/2023,1523.890015,1523.890015,1572.359985,1518.660034,1564.959961,8644200
15/03/2023,1565,1565,1573.51001,1543.609985,1544.189941,5535000
16/03/2023,1554.650024,1554.650024,1558.670044,1538.099976,1549.76001,5154600
17/03/2023,1563.670044,1563.670044,1571.599976,1555.23999,1564.579956,4754700
20/03/2023,1555.449951,1555.449951,1569.76001,1543.469971,1560.22998,4771600
21/03/2023,1577.180054,1577.180054,1579.689941,1561.650024,1564.319946,4460600
22/03/2023,1585.079956,1585.079956,1588.170044,1579.25,1584.839966,4362000
23/03/2023,1593.650024,1593.650024,1598.589966,1577.699951,1582.26001,4282400
24/03/2023,1591.849976,1591.849976,1599.780029,1588.25,1596.939941,3332500
27/03/2023,1593.369995,1593.369995,1595.859985,1586.01001,1595.119995,2677800
28/03/2023,1606.910034,1606.910034,1607.75,1599.920044,1600.819946,3876200
29/03/2023,1610.52002,1610.52002,1615.290039,1602.430054,1611.75,3403600
30/03/2023,1605.420044,1605.420044,1613.160034,1601.030029,1611.640015,3823100
31/03/2023,1609.170044,1609.170044,1614.089966,1605.550049,1607,3061500
03/04/2023,1600.369995,1600.369995,1613.97998,1593.959961,1610.839966,3172600
04/04/2023,1594.050049,1594.050049,1603.790039,1591.199951,1601.890015,3328600
05/04/2023,1571.130005,1571.130005,1594.689941,1569.369995,1593.920044,3712500
07/04/2023,1577.069946,1577.069946,1582.959961,1571.26001,1573.359985,3088300
10/04/2023,1593.130005,1593.130005,1596.540039,1571.140015,1577.390015,3191100
11/04/2023,1597.099976,1597.099976,1598.030029,1590.280029,1595.77002,3300000
12/04/2023,1592.670044,1592.670044,1598.27002,1580.709961,1597.589966,2716800
17/04/2023,1600.410034,1600.410034,1604.209961,1587.869995,1593.089966,3339600
18/04/2023,1593.849976,1593.849976,1601.310059,1589.579956,1600.160034,3410100
19/04/2023,1580.72998,1580.72998,1595.079956,1579.22998,1588.900024,3403800
20/04/2023,1565.099976,1565.099976,1582.300049,1562.109985,1579.97998,3675900
21/04/2023,1558.359985,1558.359985,1572.430054,1549.640015,1563.910034,4137500
24/04/2023,1557.869995,1557.869995,1561.550049,1553.150024,1555.76001,2498700
25/04/2023,1540.199951,1540.199951,1559.859985,1538.310059,1557.800049,3847000
26/04/2023,1543.949951,1543.949951,1549.810059,1532.079956,1543.290039,3500800
27/04/2023,1531.22998,1531.22998,1540.23999,1525.930054,1539.280029,2716700
28/04/2023,1529.119995,1529.119995,1542.410034,1524.300049,1536.280029,2604500
02/05/2023,1528.430054,1528.430054,1535.349976,1517.97998,1531.920044,2881300
03/05/2023,1533.300049,1533.300049,1533.900024,1507.219971,1521.170044,3712300
08/05/2023,1562.25,1562.25,1562.25,1537.459961,1541.51001,3115900
09/05/2023,1564.660034,1564.660034,1569.73999,1554.680054,1561.76001,3257500
10/05/2023,1569.560059,1569.560059,1570.849976,1557.680054,1562.660034,3150200
11/05/2023,1567.400024,1567.400024,1576.589966,1564.780029,1571.209961,3725800
12/05/2023,1561.349976,1561.349976,1567.810059,1548.030029,1565.660034,4260500
15/05/2023,1541.380005,1541.380005,1570.619995,1536.819946,1570.619995,4815800
16/05/2023,1539.839966,1539.839966,1545.73999,1536.359985,1541.109985,3865500
17/05/2023,1522.73999,1522.73999,1543.630005,1517.209961,1541.290039,3881500
18/05/2023,1526.689941,1526.689941,1541.060059,1526.689941,1531.150024,3773700
19/05/2023,1514.890015,1514.890015,1530.469971,1512.660034,1529.150024,4245300
22/05/2023,1529.23999,1529.23999,1531.01001,1491.119995,1505.209961,4337100
23/05/2023,1534.839966,1534.839966,1536.589966,1518.380005,1526.150024,3859400
24/05/2023,1536.51001,1536.51001,1542.910034,1529.449951,1530.609985,3195400
25/05/2023,1535.420044,1535.420044,1541.060059,1529.640015,1537.550049,3345600
26/05/2023,1530.839966,1530.839966,1536.079956,1527.589966,1533.180054,3093300
29/05/2023,1540.969971,1540.969971,1543.109985,1535.630005,1535.630005,3599600
30/05/2023,1534.810059,1534.810059,1545.550049,1531.300049,1543.300049,3495400
31/05/2023,1533.540039,1533.540039,1533.540039,1521.329956,1525.579956,4938500
01/06/2023,1521.400024,1521.400024,1536.76001,1521.310059,1534.160034,3915800
02/06/2023,1531.199951,1531.199951,1534.48999,1524.52002,1526.869995,3046000
06/06/2023,1528.540039,1528.540039,1539.48999,1526.930054,1537.619995,3595200
07/06/2023,1533.209961,1533.209961,1534.689941,1522.300049,1531.300049,3681500
08/06/2023,1559.5,1559.5,1559.5,1530.550049,1533.560059,3930700
09/06/2023,1555.109985,1555.109985,1559.430054,1549.569946,1558.939941,3323900
12/06/2023,1551.410034,1551.410034,1555.890015,1547.459961,1551.119995,2891700
13/06/2023,1562.400024,1562.400024,1566.26001,1552.300049,1553.109985,3365500
14/06/2023,1561.150024,1561.150024,1569.339966,1559.339966,1565.849976,3234200
15/06/2023,1557.709961,1557.709961,1566.140015,1555.540039,1561.469971,3392000
16/06/2023,1559.390015,1559.390015,1567.969971,1546.47998,1562.670044,3591500
19/06/2023,1556.920044,1556.920044,1562.359985,1550.75,1554.810059,2543200
20/06/2023,1537.589966,1537.589966,1550.459961,1532.959961,1545.430054,3581800
21/06/2023,1522.119995,1522.119995,1534.72998,1517.51001,1533.869995,3258700
22/06/2023,1509.310059,1509.310059,1525.26001,1506.089966,1524.349976,3524100
23/06/2023,1505.52002,1505.52002,1510.420044,1495.819946,1504.5,2815200
26/06/2023,1485.319946,1485.319946,1507.630005,1483.920044,1504.27002,3747800
27/06/2023,1478.099976,1478.099976,1495.670044,1478.099976,1488.170044,2633800
28/06/2023,1466.930054,1466.930054,1485.890015,1465.449951,1483.319946,3870600
29/06/2023,1479.569946,1479.569946,1490.709961,1461.609985,1468,4344000
30/06/2023,1503.099976,1503.099976,1506.189941,1487.73999,1488.859985,4400100
03/07/2023,1506.839966,1506.839966,1509.150024,1494.569946,1507.650024,2147300
04/07/2023,1515.310059,1515.310059,1520.02002,1502.5,1504.119995,3024800
05/07/2023,1508.869995,1508.869995,1516.22998,1506.359985,1512.930054,3168000
06/07/2023,1490.459961,1490.459961,1505.880005,1486.48999,1503.380005,3033900
07/07/2023,1490.51001,1490.51001,1496.589966,1474.939941,1481.910034,2226700
10/07/2023,1496.890015,1496.890015,1498.359985,1482.209961,1493.209961,2306200
11/07/2023,1496.959961,1496.959961,1505.400024,1492.630005,1503.060059,2683400
12/07/2023,1491.140015,1491.140015,1507.01001,1488.01001,1500.969971,3565100
13/07/2023,1494.02002,1494.02002,1497.23999,1487.47998,1491.050049,2616900
14/07/2023,1517.920044,1517.920044,1519.079956,1497.849976,1497.849976,3223800
17/07/2023,1528.77002,1528.77002,1532.119995,1515.449951,1521.390015,4396800
18/07/2023,1535.300049,1535.300049,1535.619995,1526.910034,1527.130005,3620300
19/07/2023,1536.640015,1536.640015,1545.699951,1529.25,1537.680054,4046400
20/07/2023,1521.180054,1521.180054,1541.48999,1521.180054,1536.079956,3396400
21/07/2023,1529.25,1529.25,1532.469971,1516.75,1524.040039,3494400
24/07/2023,1523.810059,1523.810059,1537.150024,1520.77002,1529.410034,3365700
25/07/2023,1526.300049,1526.300049,1533.73999,1519.280029,1529.170044,2593300
26/07/2023,1524.589966,1524.589966,1530.180054,1519.439941,1527.410034,2643700
27/07/2023,1543.27002,1543.27002,1546.27002,1520.890015,1527.119995,4246400
31/07/2023,1556.060059,1556.060059,1559.069946,1547.619995,1548.75,4528600
02/08/2023,1550.280029,1550.280029,1562.069946,1546.22998,1550.060059,16298100
03/08/2023,1529.01001,1529.01001,1546.109985,1528.630005,1543.780029,4135200
04/08/2023,1530.459961,1530.459961,1539.069946,1530.339966,1531.030029,3572200
07/08/2023,1532.51001,1532.51001,1540.219971,1519.369995,1533.180054,3226300
08/08/2023,1518.439941,1518.439941,1536.810059,1518.439941,1534.609985,2828500
09/08/2023,1528.300049,1528.300049,1528.300049,1514.380005,1520.900024,3333200
10/08/2023,1533.410034,1533.410034,1533.410034,1518.619995,1527.930054,3512500
11/08/2023,1535.160034,1535.160034,1540.189941,1528.849976,1535.469971,5129500
15/08/2023,1520.72998,1520.72998,1535.969971,1517.339966,1534.050049,3854400
16/08/2023,1519.560059,1519.560059,1521.410034,1506,1516.640015,4845100
17/08/2023,1528.810059,1528.810059,1531.079956,1512.079956,1515.099976,4240200
18/08/2023,1519.119995,1519.119995,1527.75,1516.180054,1525.75,4483100
21/08/2023,1525.849976,1525.849976,1529.339966,1514.699951,1522.439941,3472500
22/08/2023,1545.599976,1545.599976,1548.319946,1532.449951,1535.540039,6131000
23/08/2023,1549.01001,1549.01001,1554.280029,1543.369995,1550.199951,5763800
24/08/2023,1557.410034,1557.410034,1563.619995,1552.969971,1552.969971,6048400
25/08/2023,1560.199951,1560.199951,1562.119995,1551.099976,1554.73999,5315200
28/08/2023,1562.969971,1562.969971,1568.680054,1560.410034,1566,6510200
29/08/2023,1568.810059,1568.810059,1573.189941,1563.150024,1566,5458600
30/08/2023,1576.670044,1576.670044,1579.430054,1572.819946,1574.300049,5588900
31/08/2023,1565.939941,1565.939941,1576.170044,1563.030029,1575.300049,9274000
01/09/2023,1561.51001,1561.51001,1571.810059,1559.199951,1569.199951,5468100
04/09/2023,1548.680054,1548.680054,1565.73999,1546.839966,1564.900024,4998400
05/09/2023,1547.859985,1547.859985,1553.930054,1545.400024,1548.869995,5581800
06/09/2023,1548.780029,1548.780029,1554.790039,1542.660034,1547.75,5579900
07/09/2023,1550.359985,1550.359985,1556.939941,1546.430054,1548.859985,3714500
08/09/2023,1547.170044,1547.170044,1554.5,1546.910034,1551.199951,4130100
11/09/2023,1540.939941,1540.939941,1550.459961,1535.819946,1548.930054,4199600
12/09/2023,1545.5,1545.5,1550.670044,1543.209961,1544.079956,4022000
13/09/2023,1535.310059,1535.310059,1546.469971,1533.130005,1546.469971,3517000
14/09/2023,1545.140015,1545.140015,1547.709961,1532.47998,1538.030029,3714600
15/09/2023,1542.030029,1542.030029,1551.01001,1541.579956,1550.040039,4051500
18/09/2023,1527.569946,1527.569946,1539.400024,1525.469971,1539.400024,3239600
19/09/2023,1522.959961,1522.959961,1531.640015,1521.410034,1527.680054,3131700
20/09/2023,1507.900024,1507.900024,1521.660034,1503.329956,1521.660034,4292900
21/09/2023,1514.26001,1514.26001,1517.369995,1503.22998,1504.550049,3286000
22/09/2023,1522.589966,1522.589966,1527.140015,1509.660034,1514.069946,3901500
25/09/2023,1507.359985,1507.359985,1524.969971,1507.359985,1524.390015,3114900
26/09/2023,1494.02002,1494.02002,1514.900024,1494.02002,1504.689941,4128200
27/09/2023,1497.150024,1497.150024,1499.060059,1488.140015,1494.140015,3690900
28/09/2023,1482.140015,1482.140015,1505.689941,1481.52002,1497.650024,4212400
29/09/2023,1471.430054,1471.430054,1484.619995,1471.430054,1482.119995,3536200
02/10/2023,1469.459961,1469.459961,1478.01001,1461.660034,1473.540039,3281700
03/10/2023,1447.300049,1447.300049,1459.98999,1443.23999,1458.650024,4500000
04/10/2023,1451.25,1451.25,1454.800049,1429.98999,1430.73999,3761800
05/10/2023,1452.550049,1452.550049,1456.339966,1443.430054,1454.569946,3029800
06/10/2023,1438.449951,1438.449951,1457.810059,1434,1457.810059,3175700
09/10/2023,1431.719971,1431.719971,1435.790039,1423.170044,1434.670044,3518700
10/10/2023,1434.449951,1434.449951,1442.030029,1429.920044,1441.839966,3768800
11/10/2023,1455.98999,1455.98999,1456.72998,1434.449951,1438.079956,4205500
12/10/2023,1450.75,1450.75,1459.189941,1448.380005,1457,3010500
16/10/2023,1427.109985,1427.109985,1446.26001,1416.209961,1443.890015,4282500
17/10/2023,1433.400024,1433.400024,1441,1429.180054,1431.829956,2907600
18/10/2023,1437.849976,1437.849976,1445.339966,1429.780029,1432.939941,4027900
19/10/2023,1423.040039,1423.040039,1428.75,1419.390015,1425.069946,2718100
20/10/2023,1399.349976,1399.349976,1422.329956,1397.800049,1420.23999,4090500
24/10/2023,1391.030029,1391.030029,1398.72998,1387.599976,1395.920044,3135800
25/10/2023,1401.699951,1401.699951,1414.130005,1399.439941,1401.25,2996800
26/10/2023,1371.219971,1371.219971,1396.170044,1370.300049,1394.5,3727100
27/10/2023,1388.22998,1388.22998,1390.790039,1366.189941,1381.51001,3704100
30/10/2023,1395.849976,1395.849976,1398.040039,1381.209961,1381.569946,2506200
31/10/2023,1381.829956,1381.829956,1395.790039,1374.660034,1395.599976,2678100
01/11/2023,1379.959961,1379.959961,1388.01001,1373.199951,1380.890015,3228700
02/11/2023,1403.98999,1403.98999,1407.810059,1391.540039,1391.969971,3113300
03/11/2023,1419.76001,1419.76001,1424.660034,1410.040039,1412.890015,3362300
06/11/2023,1417.209961,1417.209961,1431.51001,1417.209961,1430.01001,3016700
07/11/2023,1408.300049,1408.300049,1420.030029,1406.719971,1413.640015,11480700
08/11/2023,1411.77002,1411.77002,1417.160034,1406.949951,1410.069946,3206700
09/11/2023,1404.969971,1404.969971,1411.839966,1389.459961,1410.829956,3357700
10/11/2023,1389.569946,1389.569946,1406.079956,1387.410034,1392.680054,3432200
13/11/2023,1387.130005,1387.130005,1392.540039,1378.079956,1391.469971,12051300
14/11/2023,1386.040039,1386.040039,1393.199951,1377.689941,1390.369995,3876500
15/11/2023,1415.170044,1415.170044,1416.890015,1400.26001,1401.47998,4144300
16/11/2023,1415.339966,1415.339966,1417.199951,1407.790039,1413.050049,3182800
17/11/2023,1415.780029,1415.780029,1422.680054,1406.209961,1408.040039,3013800
20/11/2023,1419.439941,1419.439941,1419.859985,1409.550049,1415.680054,2779600
21/11/2023,1423.609985,1423.609985,1427.130005,1418.420044,1427.040039,2916400
22/11/2023,1414.150024,1414.150024,1423.069946,1407.369995,1422.02002,3381200
23/11/2023,1406.609985,1406.609985,1415.02002,1400.47998,1414.930054,3392000
24/11/2023,1397.430054,1397.430054,1410.829956,1395.829956,1407.390015,2794200
27/11/2023,1393.420044,1393.420044,1397.880005,1385.329956,1393.02002,2644500
28/11/2023,1401.420044,1401.420044,1406.079956,1394.040039,1398.569946,10975000
29/11/2023,1387.689941,1387.689941,1405.349976,1386.97998,1404.890015,3189100
30/11/2023,1380.180054,1380.180054,1390.040039,1371.73999,1389.25,5202200
01/12/2023,1380.310059,1380.310059,1384.130005,1374.060059,1382.25,2388100
04/12/2023,1383.540039,1383.540039,1389.48999,1374.599976,1376.719971,2626900
06/12/2023,1389.550049,1389.550049,1393.459961,1379.619995,1383.140015,2966400
07/12/2023,1378.72998,1378.72998,1384.52002,1373.339966,1382.180054,3055800
08/12/2023,1380.98999,1380.98999,1389.400024,1376.290039,1381.800049,2775700
12/12/2023,1373.920044,1373.920044,1383.410034,1370.040039,1382.910034,2868500
13/12/2023,1357.969971,1357.969971,1370.390015,1354.72998,1369.880005,2903200
14/12/2023,1378.939941,1378.939941,1380.880005,1366.72998,1370.160034,2530600
15/12/2023,1391.030029,1391.030029,1398.650024,1382.130005,1384.869995,3806500
18/12/2023,1393.410034,1393.410034,1396.01001,1383.890015,1387.329956,2538900
19/12/2023,1394.900024,1394.900024,1397.689941,1388.910034,1395.26001,3030000
20/12/2023,1400.369995,1400.369995,1406.400024,1395.189941,1398.01001,3656100
21/12/2023,1404.839966,1404.839966,1407.869995,1394.280029,1394.910034,3444400
22/12/2023,1405.089966,1405.089966,1407.569946,1397.930054,1407.390015,2643700
26/12/2023,1413.449951,1413.449951,1413.449951,1413.449951,1413.449951,0
27/12/2023,1410.430054,1410.430054,1416.099976,1407.619995,1415.060059,2746000
28/12/2023,1415.849976,1415.849976,1418.97998,1410.869995,1410.869995,3250100
03/01/2024,1429.619995,1429.619995,1436.380005,1426.209961,1431.880005,4909500
04/01/2024,1434.589966,1434.589966,1435.300049,1420.73999,1427.97998,12928400
05/01/2024,1427.959961,1427.959961,1438.099976,1425.400024,1432.930054,3858400
08/01/2024,1418.449951,1418.449951,1428.060059,1413.859985,1426.949951,3942400
09/01/2024,1414.930054,1414.930054,1428.439941,1414.420044,1427.51001,2964900
10/01/2024,1413.52002,1413.52002,1418.329956,1410.209961,1416.030029,4167200
11/01/2024,1408.23999,1408.23999,1417.640015,1407.26001,1417.300049,3102500
12/01/2024,1413.530029,1413.530029,1416.329956,1407.77002,1407.949951,3241600
15/01/2024,1407.02002,1407.02002,1416.01001,1404.810059,1415.630005,12756400
16/01/2024,1401.719971,1401.719971,1407.079956,1399.849976,1406.109985,3165100
17/01/2024,1380.650024,1380.650024,1397.969971,1378.849976,1397.640015,4182700
18/01/2024,1377.930054,1377.930054,1387.530029,1374.079956,1382.339966,3515900
19/01/2024,1382.51001,1382.51001,1389.26001,1378.280029,1384.839966,3844500
22/01/2024,1369.920044,1369.920044,1383.51001,1369.420044,1383.420044,5317000
23/01/2024,1356.540039,1356.540039,1375.76001,1352.47998,1373.619995,4801900
24/01/2024,1381.189941,1381.189941,1382.800049,1354.97998,1356.97998,4351100
25/01/2024,1376.089966,1376.089966,1379.150024,1370.780029,1377.469971,4665900
26/01/2024,1368.150024,1368.150024,1379.890015,1364.410034,1375.76001,4225400
29/01/2024,1376.280029,1376.280029,1379.599976,1366.839966,1373.780029,4378000
30/01/2024,1373.140015,1373.140015,1378.339966,1370.699951,1376.290039,3992200
31/01/2024,1364.52002,1364.52002,1374.869995,1359.540039,1374.349976,3856600
01/02/2024,1367.959961,1367.959961,1372.829956,1357.390015,1363.650024,3226800
02/02/2024,1384.079956,1384.079956,1386.670044,1375.369995,1376.040039,3888200
05/02/2024,1383.930054,1383.930054,1389.670044,1379.859985,1383.380005,3602500
06/02/2024,1396.959961,1396.959961,1400.630005,1385.920044,1385.920044,4885100
07/02/2024,1400.02002,1400.02002,1402.650024,1394.02002,1400.199951,5029800
08/02/2024,1388.599976,1388.599976,1403.800049,1388.109985,1399.400024,4794100
09/02/2024,1388.369995,1388.369995,1391.75,1385.02002,1389.920044,2843000
12/02/2024,1389.300049,1389.300049,1392.469971,1386.280029,1389.540039,3437200
13/02/2024,1391.72998,1391.72998,1397.800049,1390.400024,1391.699951,3593800
14/02/2024,1385.109985,1385.109985,1386.859985,1378.76001,1382.069946,3878300
15/02/2024,1387.27002,1387.27002,1392.459961,1383.660034,1387.050049,3526900
16/02/2024,1386.27002,1386.27002,1397.050049,1383.380005,1394.160034,3427100
19/02/2024,1387.329956,1387.329956,1390.920044,1382.880005,1383.969971,3019300
20/02/2024,1381.069946,1381.069946,1389.060059,1376.650024,1388.410034,3508400
21/02/2024,1393.609985,1393.609985,1395.109985,1379.02002,1382.900024,4153000
22/02/2024,1402.469971,1402.469971,1405.130005,1393.52002,1396.650024,3829700
23/02/2024,1398.140015,1398.140015,1404.839966,1396.77002,1404.26001,4793600
27/02/2024,1393.699951,1393.699951,1401.140015,1390.050049,1397.800049,22936400
28/02/2024,1382.050049,1382.050049,1390.26001,1380.880005,1389.390015,5544300
29/02/2024,1370.670044,1370.670044,1381.369995,1366.930054,1380.839966,25776100
01/03/2024,1367.420044,1367.420044,1375.219971,1364.310059,1369.630005,4072700
04/03/2024,1362.589966,1362.589966,1372.01001,1362.050049,1369.130005,3344900
05/03/2024,1359.26001,1359.26001,1362.459961,1350.97998,1358.869995,3615600
06/03/2024,1370.550049,1370.550049,1375.819946,1356.099976,1356.449951,3517600
07/03/2024,1372.160034,1372.160034,1377.569946,1364.920044,1374.060059,2978700
08/03/2024,1386.420044,1386.420044,1386.579956,1373.050049,1373.410034,3470100
11/03/2024,1380.22998,1380.22998,1387.609985,1379.719971,1383.380005,2945200
12/03/2024,1379.630005,1379.630005,1385.650024,1374.689941,1383.359985,3938000
13/03/2024,1384.51001,1384.51001,1388.319946,1378.430054,1379.599976,4626400
14/03/2024,1394.930054,1394.930054,1395.880005,1383.26001,1384.719971,4751000
15/03/2024,1386.040039,1386.040039,1393.26001,1386.040039,1390.119995,5102700
18/03/2024,1385.939941,1385.939941,1393.459961,1385.01001,1388.400024,3729700
19/03/2024,1382.459961,1382.459961,1391.209961,1382.459961,1385.26001,3340300
20/03/2024,1373.180054,1373.180054,1386.670044,1372.280029,1384.930054,2951100
21/03/2024,1387.619995,1387.619995,1388.660034,1382.98999,1383.609985,3483300
22/03/2024,1381.040039,1381.040039,1389.790039,1379.430054,1383.810059,3441300
25/03/2024,1372.48999,1372.48999,1385.609985,1368.209961,1381,3693900
26/03/2024,1377.22998,1377.22998,1379.51001,1369.630005,1372.400024,4601200
27/03/2024,1380.829956,1380.829956,1385.069946,1374.920044,1375.599976,3608500
28/03/2024,1370.339966,1370.339966,1383.599976,1368.810059,1381.810059,3892400
29/03/2024,1377.939941,1377.939941,1378.459961,1371.170044,1372.97998,2959200
01/04/2024,1379.47998,1379.47998,1384.319946,1374.23999,1379.859985,3446500
02/04/2024,1379.459961,1379.459961,1382.01001,1374.77002,1377.689941,3387000
03/04/2024,1375.689941,1375.689941,1384.170044,1374.26001,1375.060059,3786100
04/04/2024,1373.890015,1373.890015,1379.410034,1368.800049,1378.150024,2853400
05/04/2024,1375.579956,1375.579956,1377.859985,1367.589966,1369.849976,3147700
09/04/2024,1401.109985,1401.109985,1401.109985,1376.829956,1378.790039,4004600
10/04/2024,1408.170044,1408.170044,1411.459961,1402.890015,1404.030029,3970700
11/04/2024,1396.380005,1396.380005,1406.77002,1394.709961,1405.650024,3344200
17/04/2024,1366.939941,1366.939941,1380.119995,1363.439941,1378.040039,4499300
18/04/2024,1361.02002,1361.02002,1372.98999,1349,1368.199951,4403500
19/04/2024,1332.079956,1332.079956,1343.319946,1330.23999,1339.949951,4808000
22/04/2024,1349.52002,1349.52002,1350.939941,1339.920044,1343.550049,3833500
23/04/2024,1357.459961,1357.459961,1362.530029,1353.349976,1353.5,3873300
24/04/2024,1361.099976,1361.099976,1364.910034,1355.439941,1364.719971,3496600
25/04/2024,1364.27002,1364.27002,1365.780029,1356.959961,1358.699951,3110000
26/04/2024,1359.939941,1359.939941,1366.23999,1358.26001,1364.949951,3288500
29/04/2024,1361.969971,1361.969971,1364.699951,1355.359985,1364.52002,3071500
30/04/2024,1367.949951,1367.949951,1372.849976,1363.209961,1364.689941,3620100
02/05/2024,1363.25,1363.25,1372.01001,1362.839966,1368.23999,3740900
03/05/2024,1369.920044,1369.920044,1372.719971,1364.26001,1367.280029,3865600
07/05/2024,1376.369995,1376.369995,1384.73999,1373.97998,1374.099976,3860100
08/05/2024,1373.329956,1373.329956,1379.040039,1372.859985,1377.810059,3478600
09/05/2024,1369.290039,1369.290039,1379.75,1367.880005,1374.400024,3846500
10/05/2024,1371.900024,1371.900024,1372.319946,1365.920044,1371.300049,3219400
13/05/2024,1372.5,1372.5,1375.140015,1366.060059,1371.900024,3735400
14/05/2024,1376.569946,1376.569946,1380.449951,1372.77002,1374.339966,3500600
15/05/2024,1370.439941,1370.439941,1378.359985,1366.849976,1377.569946,4902000
16/05/2024,1377.719971,1377.719971,1383.380005,1373.640015,1375.02002,4306900
17/05/2024,1382.680054,1382.680054,1384.819946,1376.790039,1378.599976,3574300
20/05/2024,1378.699951,1378.699951,1389.280029,1377.420044,1385.550049,3999700
21/05/2024,1370.829956,1370.829956,1376.939941,1367.140015,1376.920044,3576300
23/05/2024,1367.839966,1367.839966,1374.040039,1364.310059,1368.23999,4376800
24/05/2024,1364.47998,1364.47998,1365.969971,1359.219971,1361.160034,4022700
27/05/2024,1366.369995,1366.369995,1369.680054,1362.189941,1368.040039,13394300
28/05/2024,1362.699951,1362.699951,1368.949951,1361.27002,1368.140015,3104900
29/05/2024,1349.829956,1349.829956,1363.959961,1349.829956,1360.579956,3286600
30/05/2024,1351.52002,1351.52002,1353.5,1340.829956,1345.709961,3355200
31/05/2024,1345.660034,1345.660034,1359.25,1342.619995,1353.939941,6489700
04/06/2024,1337.319946,1337.319946,1354.75,1336.069946,1350.900024,4742200
05/06/2024,1338.319946,1338.319946,1344.390015,1333.969971,1339.579956,4143800
06/06/2024,1328.410034,1328.410034,1344.47998,1325.709961,1341.73999,3771900
07/06/2024,1332.73999,1332.73999,1334.119995,1325.949951,1327.300049,3533600
10/06/2024,1318.569946,1318.569946,1329.810059,1313.26001,1328.900024,3844900
11/06/2024,1316.099976,1316.099976,1325.52002,1314.349976,1318.680054,4585800
12/06/2024,1316.689941,1316.689941,1320.51001,1311.040039,1316.619995,3829400
13/06/2024,1311.780029,1311.780029,1323.329956,1310.400024,1320.589966,3599400
14/06/2024,1306.560059,1306.560059,1315.699951,1304.310059,1311.380005,3368400
17/06/2024,1296.589966,1296.589966,1305.199951,1288.579956,1305.130005,3922800
18/06/2024,1297.410034,1297.410034,1310.76001,1296.180054,1300.209961,3602100
19/06/2024,1303.819946,1303.819946,1304.150024,1281.869995,1300.969971,6281200
20/06/2024,1298.290039,1298.290039,1304.23999,1293.689941,1302.449951,3836000
21/06/2024,1306.410034,1306.410034,1311.310059,1289.209961,1295.099976,6508800
24/06/2024,1316.72998,1316.72998,1317.630005,1300.359985,1302.619995,4298300
25/06/2024,1319.140015,1319.140015,1323.72998,1315.640015,1318.180054,4360600
26/06/2024,1319.150024,1319.150024,1324.47998,1315.5,1322.719971,3308700
27/06/2024,1309.459961,1309.459961,1316.579956,1307.670044,1315.609985,3575800
28/06/2024,1300.959961,1300.959961,1311.72998,1296.670044,1311.420044,5350900
01/07/2024,1299.349976,1299.349976,1306.280029,1296.109985,1301.959961,3175800
02/07/2024,1288.579956,1288.579956,1297.849976,1286.829956,1297.47998,3567000
03/07/2024,1294.699951,1294.699951,1296.130005,1286.790039,1289.569946,2527300
04/07/2024,1301.040039,1301.040039,1309.459961,1300.26001,1300.619995,2517400
05/07/2024,1311.98999,1311.98999,1312.75,1298.430054,1303.060059,3588200
08/07/2024,1322.5,1322.5,1322.5,1311.050049,1311.699951,3271700
09/07/2024,1319.920044,1319.920044,1325.180054,1317.02002,1323.810059,3207500
10/07/2024,1323.280029,1323.280029,1327.160034,1318.719971,1320.680054,3122300
11/07/2024,1329.369995,1329.369995,1330.01001,1320,1326.199951,3313000
12/07/2024,1332.040039,1332.040039,1332.76001,1325.640015,1327.780029,3686600
15/07/2024,1327.430054,1327.430054,1328.51001,1320.560059,1326.060059,3734500
16/07/2024,1321.310059,1321.310059,1330.839966,1320.079956,1327.77002,3561600
17/07/2024,1319.790039,1319.790039,1330.219971,1318.410034,1325.390015,3704600
18/07/2024,1324.76001,1324.76001,1327.02002,1317.890015,1318.459961,4251100
19/07/2024,1317.140015,1317.140015,1324.569946,1317.140015,1321.300049,2799800
23/07/2024,1301.540039,1301.540039,1321.209961,1300.040039,1318.810059,4110900
24/07/2024,1298.079956,1298.079956,1301.550049,1293.949951,1299.640015,3665700
25/07/2024,1291.579956,1291.579956,1295.880005,1288.219971,1289.97998,3611800
26/07/2024,1307.209961,1307.209961,1307.209961,1290.47998,1292.640015,3753100
30/07/2024,1308.089966,1308.089966,1315.780029,1306.219971,1311.949951,4129200
31/07/2024,1320.859985,1320.859985,1322.079956,1311.930054,1312.689941,3642300
01/08/2024,1322.75,1322.75,1329.76001,1319.290039,1322.51001,3794000
02/08/2024,1313.079956,1313.079956,1318.26001,1310.52002,1315.069946,3147200
05/08/2024,1274.670044,1274.670044,1296.109985,1273.170044,1295.650024,5238700
06/08/2024,1274.01001,1274.01001,1289.23999,1274.01001,1285.619995,3247700
07/08/2024,1290.550049,1290.550049,1293.939941,1282.050049,1282.050049,4038200
08/08/2024,1296.25,1296.25,1299.140015,1287.140015,1287.530029,3635700
09/08/2024,1297.069946,1297.069946,1309.660034,1292.800049,1305.880005,3821200
13/08/2024,1297.790039,1297.790039,1300.829956,1292.410034,1299.72998,3792500
14/08/2024,1292.689941,1292.689941,1306.880005,1280.98999,1300.589966,5413800
15/08/2024,1289.839966,1289.839966,1293.099976,1279.339966,1291.890015,3870500
16/08/2024,1303,1303,1305.030029,1295.349976,1295.949951,3503400
19/08/2024,1323.380005,1323.380005,1323.380005,1302.969971,1305.890015,5146100
20/08/2024,1328.119995,1328.119995,1337.349976,1323.939941,1327.25,4341200
21/08/2024,1337.829956,1337.829956,1339.609985,1327.119995,1328.5,4990900
22/08/2024,1341.030029,1341.030029,1343.349976,1334.790039,1338.839966,4055400
23/08/2024,1354.869995,1354.869995,1355.52002,1340.589966,1341.530029,6408000
26/08/2024,1364.810059,1364.810059,1366.76001,1351.329956,1356.109985,5902000
27/08/2024,1364.310059,1364.310059,1368.550049,1360.73999,1365.640015,4895000
28/08/2024,1365.719971,1365.719971,1370.670044,1356.51001,1361.589966,4050200
29/08/2024,1357.410034,1357.410034,1366.76001,1355.98999,1361.339966,3321900
30/08/2024,1359.069946,1359.069946,1367.089966,1355.459961,1360.160034,5566400
02/09/2024,1353.640015,1353.640015,1353.640015,1353.640015,1353.640015,0
03/09/2024,1364.599976,1364.599976,1370.040039,1354.26001,1354.26001,3945000
04/09/2024,1365.48999,1365.48999,1367.880005,1355.310059,1355.310059,3522800
05/09/2024,1404.280029,1404.280029,1406.48999,1371.48999,1372.290039,6841900
06/09/2024,1427.640015,1427.640015,1431.23999,1412.76001,1413.939941,8722900
09/09/2024,1431.130005,1431.130005,1438.310059,1417.680054,1429.160034,7500300
10/09/2024,1428.030029,1428.030029,1434.680054,1422.630005,1431.910034,6123800
11/09/2024,1415.410034,1415.410034,1428.130005,1405.300049,1424.689941,5734400
12/09/2024,1421.579956,1421.579956,1429.449951,1419.939941,1422.420044,4569400
13/09/2024,1424.390015,1424.390015,1433.660034,1421.469971,1428.150024,5600100
16/09/2024,1435.530029,1435.530029,1436.800049,1423.199951,1425.890015,8451200
17/09/2024,1436.599976,1436.599976,1439.349976,1431.560059,1437.469971,7316600
18/09/2024,1435.77002,1435.77002,1446.52002,1432.910034,1437.689941,6480100
19/09/2024,1454.839966,1454.839966,1454.839966,1436.140015,1440.349976,6953900
20/09/2024,1451.689941,1451.689941,1462.349976,1451.689941,1458.209961,7876100
23/09/2024,1447.900024,1447.900024,1455.439941,1442.02002,1454.189941,4849300
24/09/2024,1462.099976,1462.099976,1463.310059,1447.589966,1451.670044,4468100
25/09/2024,1461.579956,1461.579956,1471.689941,1460.22998,1466.369995,6325300
26/09/2024,1455.030029,1455.030029,1464.810059,1449.680054,1463.369995,5682300
27/09/2024,1450.150024,1450.150024,1460.550049,1446.599976,1453.97998,5389900
30/09/2024,1448.829956,1448.829956,1453.540039,1444.109985,1445.180054,4717400
01/10/2024,1464.660034,1464.660034,1468.140015,1449.640015,1449.810059,4035900
02/10/2024,1451.400024,1451.400024,1464.27002,1447.400024,1461.709961,5561800
03/10/2024,1442.72998,1442.72998,1452,1440.310059,1446.650024,4205800
04/10/2024,1444.25,1444.25,1447.650024,1432.219971,1441.839966,4571900
07/10/2024,1452.199951,1452.199951,1453.699951,1443.560059,1444.27002,3779000
08/10/2024,1452.800049,1452.800049,1459.640015,1447.349976,1448.27002,3988000
09/10/2024,1456.969971,1456.969971,1460.329956,1453.329956,1454.780029,4474300
10/10/2024,1468.52002,1468.52002,1474.51001,1458.589966,1462.469971,4199400
11/10/2024,1470.099976,1470.099976,1482.02002,1470.099976,1471.930054,4214800
15/10/2024,1465.030029,1465.030029,1478.369995,1463.319946,1472.689941,4542000
16/10/2024,1485.01001,1485.01001,1488.589966,1461.119995,1462.650024,5744400
17/10/2024,1495.02002,1495.02002,1498.609985,1489.719971,1490.099976,4485000
18/10/2024,1489.819946,1489.819946,1506.819946,1488.609985,1493.97998,4687400
21/10/2024,1488.73999,1488.73999,1494.670044,1482.75,1493.079956,3366700
22/10/2024,1470.319946,1470.319946,1487.800049,1467.77002,1485.810059,3560700
24/10/2024,1460.640015,1460.640015,1476.579956,1458.670044,1466.27002,4476700
25/10/2024,1463.420044,1463.420044,1468.790039,1456.589966,1463.77002,3036300
28/10/2024,1453.030029,1453.030029,1465.859985,1449.72998,1464.119995,3841100
29/10/2024,1451.160034,1451.160034,1461.930054,1449.23999,1453.900024,2987100
30/10/2024,1447.199951,1447.199951,1456.02002,1443.209961,1448.949951,3285000
31/10/2024,1466.040039,1466.040039,1468.449951,1446.26001,1446.26001,3140900
01/11/2024,1464.170044,1464.170044,1466.910034,1459.26001,1464.170044,3002600
04/11/2024,1462.949951,1462.949951,1473.280029,1461.459961,1467.969971,2647900
05/11/2024,1481.670044,1481.670044,1486.550049,1462.630005,1464.550049,2650200
06/11/2024,1467.420044,1467.420044,1487.579956,1463.060059,1484.380005,4411100
07/11/2024,1469.719971,1469.719971,1478.77002,1468.560059,1469.709961,3442000
08/11/2024,1464.689941,1464.689941,1474.589966,1458.339966,1473.189941,2914200
11/11/2024,1456.469971,1456.469971,1465.290039,1452.810059,1463.75,3667100
12/11/2024,1445.069946,1445.069946,1460.130005,1443.150024,1455.900024,3755000
13/11/2024,1451.469971,1451.469971,1463.310059,1447.819946,1447.819946,3086500
14/11/2024,1450.119995,1450.119995,1461.98999,1441.150024,1450.01001,3902000
15/11/2024,1442.630005,1442.630005,1458.319946,1436.790039,1455.810059,3556700
18/11/2024,1452.780029,1452.780029,1456.569946,1442.160034,1448.300049,2898900
19/11/2024,1460.109985,1460.109985,1471.47998,1458.910034,1460.25,3280400
20/11/2024,1462.47998,1462.47998,1462.77002,1454.689941,1462.650024,2411000
21/11/2024,1440.459961,1440.459961,1453.119995,1436.72998,1442.72998,2693000
22/11/2024,1446.300049,1446.300049,1451.52002,1435.780029,1445.170044,3417900
25/11/2024,1443.310059,1443.310059,1455.390015,1441.859985,1452.77002,3001900
26/11/2024,1438.25,1438.25,1448.589966,1435.540039,1442.27002,2837600
27/11/2024,1430.400024,1430.400024,1437.27002,1425.930054,1436.319946,2759400
28/11/2024,1428.01001,1428.01001,1433.609985,1421.959961,1430.310059,2938900
29/11/2024,1427.540039,1427.540039,1433.030029,1422.880005,1429.02002,3437200
02/12/2024,1437.109985,1437.109985,1437.109985,1421.180054,1430.550049,2991100
03/12/2024,1454.76001,1454.76001,1455.839966,1441.430054,1441.430054,3795700
04/12/2024,1450.819946,1450.819946,1457.709961,1448.540039,1455.160034,4401300
06/12/2024,1451.959961,1451.959961,1454.969971,1448.209961,1450.050049,2915600
09/12/2024,1447.530029,1447.530029,1450.410034,1441.98999,1448.939941,2570700
11/12/2024,1443.050049,1443.050049,1454.319946,1441.680054,1444.949951,2647400
12/12/2024,1439.890015,1439.890015,1456.920044,1439.01001,1448.589966,3080000
13/12/2024,1431.670044,1431.670044,1438.670044,1429.680054,1435.310059,3648100
16/12/2024,1419.719971,1419.719971,1424.680054,1414.859985,1422.800049,3076000
17/12/2024,1395.569946,1395.569946,1421.650024,1393.939941,1418.02002,4249900
18/12/2024,1398.949951,1398.949951,1404.47998,1389.23999,1399.280029,3363700
19/12/2024,1377.530029,1377.530029,1394.26001,1374.329956,1384.23999,3597200
20/12/2024,1365.069946,1365.069946,1379.910034,1361.339966,1375.829956,4330100
23/12/2024,1386.910034,1386.910034,1386.930054,1366.709961,1374.060059,4369500
24/12/2024,1394.670044,1394.670044,1397.51001,1388.219971,1390.160034,2174600
26/12/2024,1397.800049,1397.800049,1403.449951,1395.400024,1400.599976,2432200
27/12/2024,1401.459961,1401.459961,1410.02002,1395.150024,1398.130005,3608700
30/12/2024,1400.209961,1400.209961,1409.130005,1398.390015,1403.27002,2930700
02/01/2025,1379.849976,1379.849976,1399.349976,1378.439941,1397.930054,2817600
03/01/2025,1384.76001,1384.76001,1390.27002,1379.089966,1383.280029,2416300
06/01/2025,1372.650024,1372.650024,1390.839966,1370.689941,1388.640015,2888400
07/01/2025,1390.880005,1390.880005,1395.699951,1375.290039,1375.290039,2979100
08/01/2025,1387.719971,1387.719971,1392.430054,1381.719971,1390.810059,2625900
09/01/2025,1362.969971,1362.969971,1385.339966,1360.27002,1385.339966,4249300
10/01/2025,1367.98999,1367.98999,1371.099976,1352.329956,1362.910034,4870500
13/01/2025,1354.339966,1354.339966,1362.140015,1349.02002,1359.209961,3911000
14/01/2025,1340.25,1340.25,1363.859985,1340.25,1363.859985,3743900
15/01/2025,1353.170044,1353.170044,1353.170044,1334.790039,1343.189941,3352600
16/01/2025,1352.560059,1352.560059,1363.550049,1346.449951,1362.140015,3080800
17/01/2025,1340.630005,1340.630005,1356.329956,1338.839966,1348.060059,3204600
20/01/2025,1340.5,1340.5,1350.410034,1338.290039,1344.530029,2099600
21/01/2025,1352.530029,1352.530029,1357.5,1343.22998,1346.589966,2975000
22/01/2025,1361.77002,1361.77002,1363.920044,1355.219971,1355.219971,3528000
23/01/2025,1344.170044,1344.170044,1362,1344.170044,1359.869995,2948600
24/01/2025,1354.069946,1354.069946,1354.069946,1344.619995,1350.030029,2532500
27/01/2025,1340.939941,1340.939941,1354.73999,1340.589966,1349.050049,2806500
28/01/2025,1345.77002,1345.77002,1347.540039,1334.26001,1334.26001,2821000
29/01/2025,1343.189941,1343.189941,1351.680054,1341.319946,1350.72998,2867400
30/01/2025,1335.640015,1335.640015,1345.76001,1333.27002,1342.719971,2803900
31/01/2025,1314.5,1314.5,1337.800049,1310.719971,1336.420044,3630700
03/02/2025,1304.390015,1304.390015,1304.390015,1270.869995,1276.910034,4144800
04/02/2025,1301.02002,1301.02002,1316.410034,1300.109985,1310.75,3015100
05/02/2025,1286.73999,1286.73999,1305.170044,1282.040039,1300.73999,3179300
06/02/2025,1262.069946,1262.069946,1290.26001,1260.02002,1289,3586600
07/02/2025,1282.089966,1282.089966,1282.089966,1252.26001,1266.349976,4205200
10/02/2025,1270.48999,1270.48999,1275.880005,1262.410034,1273.949951,3040700
11/02/2025,1283.969971,1283.969971,1285.97998,1269.579956,1272.910034,2678300
13/02/2025,1284.109985,1284.109985,1298.719971,1281.160034,1287.160034,2844400
14/02/2025,1272.099976,1272.099976,1287.660034,1269.810059,1286.569946,2792100
17/02/2025,1256.47998,1256.47998,1256.47998,1236.800049,1244.560059,9807200
18/02/2025,1257.47998,1257.47998,1263.01001,1252.72998,1257.680054,3459300
19/02/2025,1262.27002,1262.27002,1267.719971,1254.180054,1255.150024,4125100
20/02/2025,1245.609985,1245.609985,1261.410034,1240.560059,1255.25,4252900
21/02/2025,1246.209961,1246.209961,1252.5,1240.670044,1243.890015,3227700
24/02/2025,1235.849976,1235.849976,1242.5,1227.420044,1242.5,3715400
25/02/2025,1206.390015,1206.390015,1231.47998,1206.390015,1231.47998,4213000
26/02/2025,1231.140015,1231.140015,1233.349976,1208.910034,1209.719971,4527000
27/02/2025,1215.72998,1215.72998,1235.109985,1212.540039,1228.650024,3389300
28/02/2025,1203.719971,1203.719971,1206.579956,1186.359985,1192.430054,5262600
03/03/2025,1188.410034,1188.410034,1211.209961,1185.72998,1207.27002,3541700
04/03/2025,1177.640015,1177.640015,1195.660034,1173.130005,1182.319946,3815800
05/03/2025,1206.959961,1206.959961,1208.76001,1183.209961,1185.359985,3760200
06/03/2025,1189.550049,1189.550049,1207.040039,1186.910034,1206.859985,3430500
07/03/2025,1202.030029,1202.030029,1202.030029,1186.930054,1188.660034,3046800
10/03/2025,1177.439941,1177.439941,1196.52002,1177.439941,1195.369995,3122200
11/03/2025,1187.630005,1187.630005,1189.400024,1160.98999,1167.189941,3629200
12/03/2025,1160.060059,1160.060059,1186.569946,1158.170044,1184.859985,3572400
13/03/2025,1159.640015,1159.640015,1168.72998,1157.959961,1164.180054,2448200
14/03/2025,1173.76001,1173.76001,1176.920044,1160.130005,1162.550049,2850100
17/03/2025,1170.199951,1170.199951,1178.51001,1165.459961,1175.73999,2642800
18/03/2025,1176.170044,1176.170044,1181.310059,1165.98999,1177.680054,2778800
19/03/2025,1189.660034,1189.660034,1195.560059,1174.619995,1177.369995,3380500
20/03/2025,1181.709961,1181.709961,1200.089966,1181.709961,1192.280029,3300200
21/03/2025,1186.609985,1186.609985,1190.619995,1180.48999,1187.060059,4732000
24/03/2025,1190.060059,1190.060059,1192.589966,1182.599976,1188.199951,2365600
25/03/2025,1184.930054,1184.930054,1191.01001,1181.130005,1190.660034,2541400
26/03/2025,1190.359985,1190.359985,1194.650024,1186.410034,1186.410034,2285700
27/03/2025,1187.900024,1187.900024,1193.959961,1185.199951,1190.26001,2605100
28/03/2025,1175.449951,1175.449951,1185.180054,1173.48999,1185.02002,2001200
31/03/2025,1158.089966,1158.089966,1169.089966,1155.050049,1155.050049,3765700
01/04/2025,1168.02002,1168.02002,1174.219971,1165.329956,1165.76001,2323300
02/04/2025,1172.689941,1172.689941,1176.839966,1166.589966,1168.119995,2600500
03/04/2025,1161.810059,1161.810059,1164.290039,1156.390015,1159.930054,2975200
04/04/2025,1125.209961,1125.209961,1156.02002,1122.51001,1155.459961,3967700
08/04/2025,1074.589966,1074.589966,1083.75,1056.410034,1076.109985,5434400
09/04/2025,1088.180054,1088.180054,1094.380005,1062.540039,1070.859985,4444600
10/04/2025,1133.949951,1133.949951,1146.859985,1122.949951,1135.790039,3940800
11/04/2025,1128.660034,1128.660034,1136.130005,1118.959961,1127.869995,2881300
16/04/2025,1138.900024,1138.900024,1142.349976,1120.719971,1127.589966,3082700
17/04/2025,1141.280029,1141.280029,1145.189941,1133.900024,1136.819946,2852800
18/04/2025,1150.949951,1150.949951,1153.199951,1141.319946,1143.26001,3127500
21/04/2025,1134.709961,1134.709961,1153.829956,1130.560059,1149.329956,6993500
22/04/2025,1144.050049,1144.050049,1146.02002,1127.459961,1129.349976,3301000
23/04/2025,1153.77002,1153.77002,1160.01001,1147.650024,1153.709961,3434000
24/04/2025,1146.859985,1146.859985,1155.130005,1143.290039,1149.52002,2997900
25/04/2025,1159,1159,1161.030029,1151.650024,1154.560059,2828500
28/04/2025,1159.530029,1159.530029,1166.319946,1156.630005,1161.469971,2624700
29/04/2025,1171.119995,1171.119995,1171.119995,1155.469971,1160.880005,3116700
30/04/2025,1197.26001,1197.26001,1197.26001,1169.22998,1171.459961,4590000
02/05/2025,1198.97998,1198.97998,1214.75,1196.329956,1210.699951,3786600
06/05/2025,1187.859985,1187.859985,1201.040039,1187.859985,1200.329956,3853000
07/05/2025,1220.27002,1220.27002,1220.27002,1195.23999,1197.130005,4382300
08/05/2025,1206.589966,1206.589966,1221.339966,1205.569946,1217.530029,4456500
09/05/2025,1210.939941,1210.939941,1213.680054,1195.859985,1211.589966,3965000
13/05/2025,1214.390015,1214.390015,1231.02002,1212.189941,1226.930054,4073100
14/05/2025,1216.709961,1216.709961,1218.640015,1207.209961,1215.209961,3597100
15/05/2025,1194.48999,1194.48999,1212.47998,1191.400024,1210.099976,4088200
16/05/2025,1195.77002,1195.77002,1204.329956,1190.209961,1198.680054,3471800
19/05/2025,1187.060059,1187.060059,1195.790039,1184.859985,1191.23999,3970300
20/05/2025,1189.140015,1189.140015,1197.800049,1186.339966,1193.52002,3850800
21/05/2025,1179.810059,1179.810059,1199.290039,1176.650024,1192.689941,3645900
22/05/2025,1173.369995,1173.369995,1182.540039,1171.76001,1175.140015,3734700
23/05/2025,1176.359985,1176.359985,1184.859985,1173.540039,1177.890015,2719700
26/05/2025,1178.430054,1178.430054,1180.030029,1168.170044,1178.719971,2797100
27/05/2025,1163.420044,1163.420044,1176.339966,1159.609985,1176.339966,3162700
28/05/2025,1160.73999,1160.73999,1173.680054,1160.589966,1167.97998,3297900
29/05/2025,1164.01001,1164.01001,1178.23999,1162.880005,1175.439941,3041600
30/05/2025,1149.180054,1149.180054,1160.430054,1149.180054,1155.599976,4873800
04/06/2025,1132.02002,1132.02002,1149.680054,1127.569946,1147.660034,3552900
05/06/2025,1140.630005,1140.630005,1145.01001,1135.099976,1138.119995,2701000
06/06/2025,1136.430054,1136.430054,1141.050049,1129.410034,1140.27002,2753700
09/06/2025,1135.23999,1135.23999,1144.23999,1132.670044,1142.349976,2275500
10/06/2025,1139.160034,1139.160034,1144.400024,1134.819946,1134.819946,3001500
11/06/2025,1141.579956,1141.579956,1145.189941,1139.640015,1141.709961,2602500
12/06/2025,1128.619995,1128.619995,1143.449951,1126.920044,1140.609985,2764100
13/06/2025,1122.699951,1122.699951,1127.290039,1118.589966,1124.339966,3569000
16/06/2025,1114.48999,1114.48999,1123.829956,1107.790039,1121.140015,3324900
17/06/2025,1113.579956,1113.579956,1119.130005,1112.25,1117.170044,2026100
18/06/2025,1094.579956,1094.579956,1120.329956,1094.579956,1113.589966,3575400
19/06/2025,1068.72998,1068.72998,1085.709961,1066.069946,1082.800049,8758700
20/06/2025,1067.630005,1067.630005,1082.900024,1066.02002,1071.959961,4239100
23/06/2025,1062.780029,1062.780029,1067.880005,1053.790039,1059.369995,3563300
24/06/2025,1100.01001,1100.01001,1100.01001,1074.959961,1076.27002,4532400
25/06/2025,1107.689941,1107.689941,1110.439941,1090.73999,1095.01001,7562900
26/06/2025,1106.72998,1106.72998,1117.640015,1104.719971,1104.859985,4593900
27/06/2025,1082.420044,1082.420044,1104.920044,1078.569946,1104.680054,3428400
30/06/2025,1089.560059,1089.560059,1094.77002,1080.920044,1089.01001,7904000
01/07/2025,1110.01001,1110.01001,1110.01001,1086.560059,1094.910034,3109100
02/07/2025,1115.689941,1115.689941,1115.689941,1103.98999,1107.130005,2811300
03/07/2025,1127.209961,1127.209961,1127.660034,1113.77002,1114.829956,3356100
04/07/2025,1119.939941,1119.939941,1128.079956,1115.369995,1127.349976,2861300
07/07/2025,1123,1123,1123,1107.459961,1113.359985,3664700
08/07/2025,1115.650024,1115.650024,1121.369995,1110.160034,1112.390015,2651600
09/07/2025,1110.400024,1110.400024,1120.449951,1108.089966,1115.579956,2712500
11/07/2025,1121.130005,1121.130005,1130.280029,1115.469971,1116.609985,2364100
14/07/2025,1143.310059,1143.310059,1143.310059,1121.640015,1122.390015,3173400
15/07/2025,1161.01001,1161.01001,1162.719971,1139.640015,1143.72998,4165700
16/07/2025,1157.630005,1157.630005,1167.800049,1154.130005,1160.140015,4316500
17/07/2025,1198.109985,1198.109985,1199.140015,1162.699951,1163.900024,4464500
18/07/2025,1206.579956,1206.579956,1210.01001,1195.300049,1197.359985,4248300
21/07/2025,1208.130005,1208.130005,1217.829956,1199.540039,1213.52002,3394400
22/07/2025,1191.75,1191.75,1213.23999,1191.650024,1209.569946,3928900
23/07/2025,1219.619995,1219.619995,1222.75,1202.25,1202.819946,3860500
24/07/2025,1212.48999,1212.48999,1227.709961,1206.189941,1214.290039,3626100
25/07/2025,1217.150024,1217.150024,1218.709961,1204.699951,1205.25,2721100
29/07/2025,1233.680054,1233.680054,1235.189941,1213.869995,1224.27002,3425200
30/07/2025,1244.140015,1244.140015,1245.439941,1234.209961,1236.01001,4528600
31/07/2025,1242.349976,1242.349976,1251.160034,1229.76001,1241.790039,4009900
01/08/2025,1218.329956,1218.329956,1255.390015,1217.369995,1252.5,4796000
04/08/2025,1229.400024,1229.400024,1231.109985,1212.680054,1222.579956,3153600
05/08/2025,1246.959961,1246.959961,1250.359985,1233.439941,1235.130005,4058800
06/08/2025,1264.469971,1264.469971,1266.52002,1248.089966,1253.849976,5670100
07/08/2025,1265.150024,1265.150024,1280.780029,1260.310059,1270.439941,5528300
08/08/2025,1259.069946,1259.069946,1266.01001,1253.23999,1260.47998,4359000
13/08/2025,1277.430054,1277.430054,1280.160034,1263.930054,1270.550049,5198500
14/08/2025,1266.670044,1266.670044,1283.550049,1266.050049,1277.089966,4744300
15/08/2025,1259.420044,1259.420044,1270.890015,1253.51001,1268.880005,4432500
18/08/2025,1242.310059,1242.310059,1260.22998,1242.310059,1260.22998,3479100
19/08/2025,1235.76001,1235.76001,1248.400024,1235.76001,1238.849976,3308400
20/08/2025,1248.130005,1248.130005,1251.140015,1228.430054,1234.48999,3841400
21/08/2025,1244.790039,1244.790039,1254.52002,1243.530029,1252.609985,4098900
22/08/2025,1253.390015,1253.390015,1257.98999,1245.300049,1247.25,3186500
25/08/2025,1262.670044,1262.670044,1268.130005,1260.76001,1264.689941,3288600
26/08/2025,1251.26001,1251.26001,1262.930054,1249.449951,1255.949951,4758300
27/08/2025,1248.030029,1248.030029,1260.75,1246.859985,1253.410034,3144200
28/08/2025,1250.089966,1250.089966,1255.439941,1246,1247.76001,3094000
29/08/2025,1236.609985,1236.609985,1255.839966,1236.609985,1248.319946,4142500
01/09/2025,1244.47998,1244.47998,1246.579956,1230.550049,1234.939941,7450600
02/09/2025,1248.780029,1248.780029,1253.599976,1243.47998,1248.589966,3314200
03/09/2025,1259.310059,1259.310059,1261.849976,1249.910034,1250.790039,4728000
04/09/2025,1252.550049,1252.550049,1270.73999,1250.859985,1262.380005,4258600
05/09/2025,1264.800049,1264.800049,1270.310059,1255.709961,1258.619995,5329700
08/09/2025,1266.109985,1266.109985,1276.150024,1264.790039,1273.619995,4890500
09/09/2025,1276.079956,1276.079956,1276.079956,1266.579956,1269.310059,4699300
10/09/2025,1278.050049,1278.050049,1281.189941,1274.390015,1279.02002,4590600
11/09/2025,1288.030029,1288.030029,1291.640015,1279.47998,1279.47998,4333200
12/09/2025,1293.619995,1293.619995,1299.189941,1289.310059,1295.439941,3602100
15/09/2025,1299.780029,1299.780029,1300.599976,1287.939941,1294.589966,3933700
16/09/2025,1308.189941,1308.189941,1309.900024,1303.290039,1304.369995,4562700
17/09/2025,1306.689941,1306.689941,1311.800049,1304.670044,1308.72998,5327800
18/09/2025,1297.01001,1297.01001,1312.73999,1292.72998,1312.150024,5205300
19/09/2025,1292.719971,1292.719971,1302.48999,1292.410034,1299.849976,4907700
22/09/2025,1282.540039,1282.540039,1296.420044,1282.540039,1294.689941,4005200
23/09/2025,1273.199951,1273.199951,1290.839966,1272.680054,1284.98999,4298700
24/09/2025,1278.410034,1278.410034,1282.189941,1268.48999,1273.5,3551200
25/09/2025,1288.26001,1288.26001,1289.709961,1279.109985,1280.790039,3132600
26/09/2025,1278.73999,1278.73999,1288.130005,1278.199951,1285.449951,3083400
29/09/2025,1288.069946,1288.069946,1292.23999,1278.900024,1285.709961,3297200
30/09/2025,1274.170044,1274.170044,1290.540039,1270.420044,1286.400024,3608500
01/10/2025,1275.030029,1275.030029,1280.810059,1271.780029,1272.459961,3466200
02/10/2025,1288.290039,1288.290039,1294.140015,1282.949951,1284.75,3201300
03/10/2025,1293.609985,1293.609985,1300.050049,1286.27002,1290.329956,3463700
06/10/2025,1285.640015,1285.640015,1299.23999,1285.640015,1296.290039,3225600
07/10/2025,1305.23999,1305.23999,1310.680054,1291.900024,1293.680054,2927900
08/10/2025,1304.920044,1304.920044,1314.069946,1303.47998,1305.119995,3154300
09/10/2025,1313.98999,1313.98999,1317.880005,1309.01001,1309.569946,3252900
10/10/2025,1286.97998,1286.97998,1296.550049,1282.469971,1291.069946,2631700
14/10/2025,1266.380005,1266.380005,1291.199951,1266.380005,1287.23999,10144100
15/10/2025,1286.689941,1286.689941,1289.089966,1274.209961,1276.880005,3862600
16/10/2025,1291.459961,1291.459961,1299.430054,1286.599976,1292.569946,2761100
17/10/2025,1274.609985,1274.609985,1289.72998,1274.099976,1282.339966,3162300
20/10/2025,1284.469971,1284.469971,1289.650024,1281.800049,1285.910034,2307300
21/10/2025,1290.719971,1290.719971,1295.109985,1286.829956,1290.420044,2983300
22/10/2025,1302.349976,1302.349976,1311.23999,1287.290039,1292.109985,3629000
24/10/2025,1313.910034,1313.910034,1321.569946,1305.48999,1308.810059,3392600
27/10/2025,1323.52002,1323.52002,1345.859985,1322.910034,1324.150024,3610400
28/10/2025,1314.280029,1314.280029,1331.689941,1311.410034,1328.910034,3354800
29/10/2025,1315.640015,1315.640015,1321.790039,1312.800049,1315.680054,2447700
30/10/2025,1314.650024,1314.650024,1320.22998,1302.300049,1308.069946,3656900
31/10/2025,1309.5,1309.5,1318.329956,1304.109985,1308.030029,2654000
03/11/2025,1308.859985,1308.859985,1317.47998,1304.719971,1315.689941,2418100
04/11/2025,1298.599976,1298.599976,1313.400024,1296.030029,1306.189941,3060900
05/11/2025,1295.290039,1295.290039,1301.060059,1283.130005,1286.390015,2720400
06/11/2025,1313.310059,1313.310059,1316.589966,1298.640015,1303.5,2858500
07/11/2025,1302.910034,1302.910034,1314.630005,1302.459961,1309.550049,2202400
10/11/2025,1306.26001,1306.26001,1310.709961,1299.290039,1306.969971,6308000
11/11/2025,1300.469971,1300.469971,1309.859985,1297.630005,1307.699951,2746500
12/11/2025,1284.810059,1284.810059,1303.709961,1284.800049,1303.709961,3145400
13/11/2025,1287.439941,1287.439941,1292.420044,1282.060059,1288.640015,2872300
14/11/2025,1269.26001,1269.26001,1286.709961,1263.619995,1278.550049,2923500
17/11/2025,1280.069946,1280.069946,1282.030029,1262.930054,1268.119995,2603700
18/11/2025,1270.040039,1270.040039,1277.72998,1267.079956,1268.569946,2333000
19/11/2025,1272.170044,1272.170044,1275.599976,1263.219971,1272.040039,2795300
20/11/2025,1281.810059,1281.810059,1294.449951,1278.439941,1282.630005,2808400
21/11/2025,1254.400024,1254.400024,1272.310059,1248.890015,1268.209961,3135000
24/11/2025,1252.72998,1252.72998,1261.439941,1252.719971,1260.459961,3184300
25/11/2025,1268.780029,1268.780029,1270.319946,1256.72998,1260.969971,2925000
26/11/2025,1261.180054,1261.180054,1274.609985,1259.329956,1274.23999,3318400
27/11/2025,1252.709961,1252.709961,1264.790039,1251.939941,1264.359985,2021200
28/11/2025,1256.689941,1256.689941,1264.109985,1251.140015,1256.73999,2541600
01/12/2025,1276.569946,1276.569946,1278.630005,1257.219971,1259.02002,3643700
02/12/2025,1277.579956,1277.579956,1279.349976,1267.640015,1278.75,2732200
03/12/2025,1274.819946,1274.819946,1282.869995,1272.630005,1276.880005,2733500
04/12/2025,1273.77002,1273.77002,1284.319946,1270.890015,1279.040039,2633700
08/12/2025,1261.390015,1261.390015,1279.540039,1258.469971,1274.22998,2509300
09/12/2025,1269.869995,1269.869995,1269.869995,1262.670044,1263.290039,1816400
11/12/2025,1253.540039,1253.540039,1274.5,1250.290039,1274.5,2143700
12/12/2025,1254.099976,1254.099976,1263.339966,1252.650024,1255.75,2495200
15/12/2025,1273.400024,1273.400024,1273.400024,1248.069946,1249.719971,2668500
16/12/2025,1260.680054,1260.680054,1269.069946,1258.540039,1269.069946,2323500
17/12/2025,1256.849976,1256.849976,1265.170044,1255.119995,1261.849976,6006800
18/12/2025,1250.069946,1250.069946,1262.630005,1243.939941,1258.5,3273000
19/12/2025,1252.189941,1252.189941,1257.5,1248.349976,1254.319946,2492800
22/12/2025,1269.680054,1269.680054,1270.160034,1258.73999,1261.5,2488100
23/12/2025,1271.109985,1271.109985,1278.119995,1268.969971,1272.420044,2415600
24/12/2025,1275.329956,1275.329956,1275.329956,1269.02002,1272.579956,2654700
26/12/2025,1259.25,1259.25,1267.300049,1256.349976,1265.160034,1854500
29/12/2025,1254.030029,1254.030029,1260.670044,1246.829956,1258.709961,1807000
30/12/2025,1259.670044,1259.670044,1260.469971,1251.349976,1251.349976,2528600
05/01/2026,1280.050049,1280.050049,1287.469971,1269.689941,1271.719971,3059000
06/01/2026,1274.75,1274.75,1282.430054,1270.5,1280.420044,2518200
07/01/2026,1280.819946,1280.819946,1281.040039,1272.829956,1273.680054,2976200
08/01/2026,1253.599976,1253.599976,1268.609985,1251.400024,1263.119995,2232500
09/01/2026,1254.089966,1254.089966,1265.089966,1251.949951,1255.839966,2243600
12/01/2026,1242.199951,1242.199951,1259.680054,1241.469971,1258.199951,2618000
13/01/2026,1235.300049,1235.300049,1251.040039,1232.400024,1249.48999,2716700
14/01/2026,1244.300049,1244.300049,1247.300049,1235.859985,1239.650024,2269100
15/01/2026,1261.390015,1261.390015,1262.829956,1236.859985,1241.069946,2766900
16/01/2026,1275.599976,1275.599976,1278.550049,1257.849976,1261.780029,3040800
19/01/2026,1283.199951,1283.199951,1288.22998,1271.800049,1273.959961,2838000
20/01/2026,1296.369995,1296.369995,1306.150024,1283.47998,1283.910034,3499700
21/01/2026,1317.560059,1317.560059,1320.089966,1299.640015,1300.709961,3970000
22/01/2026,1311.640015,1311.640015,1327.910034,1305.209961,1320.22998,4512000
23/01/2026,1314.390015,1314.390015,1323.569946,1309.650024,1313,3439400
26/01/2026,1307.069946,1307.069946,1313.060059,1302.73999,1312.709961,3038200
27/01/2026,1334.449951,1334.449951,1336.5,1308.140015,1310.290039,3225400
28/01/2026,1338.900024,1338.900024,1344.869995,1331.699951,1340.439941,2872600
29/01/2026,1331.069946,1331.069946,1342.189941,1326.829956,1338.410034,2929700
30/01/2026,1325.619995,1325.619995,1331.619995,1322.349976,1325.140015,2731300
02/02/2026,1321.420044,1321.420044,1324.449951,1308.040039,1321.150024,2656600
03/02/2026,1336.109985,1336.109985,1348.76001,1328.27002,1330.410034,3388500
04/02/2026,1346.540039,1346.540039,1347.420044,1337.869995,1338.780029,3409900
05/02/2026,1346.22998,1346.22998,1351.97998,1338.319946,1344.199951,3426900
06/02/2026,1354.01001,1354.01001,1361.52002,1341.550049,1342.310059,2661500
09/02/2026,1400.890015,1400.890015,1407.73999,1384.609985,1390.569946,8061300
10/02/2026,1410.439941,1410.439941,1414.949951,1402.290039,1412.319946,4664900
11/02/2026,1411.699951,1411.699951,1418.22998,1408.689941,1411.75,4482200
12/02/2026,1441.530029,1441.530029,1441.530029,1412.449951,1413.900024,5686200
13/02/2026,1430.410034,1430.410034,1443.969971,1426.410034,1437.01001,5445500
16/02/2026,1438.089966,1438.089966,1447.680054,1432.73999,1441.300049,4228200
17/02/2026,1459.680054,1459.680054,1460.569946,1433.910034,1437.72998,5407800
18/02/2026,1466.670044,1466.670044,1470.829956,1456.900024,1462.819946,5924000
19/02/2026,1493.910034,1493.910034,1496.609985,1471.119995,1473.23999,6408300
20/02/2026,1479.709961,1479.709961,1495.439941,1474.069946,1491.680054,6717700
23/02/2026,1480.23999,1480.23999,1506.079956,1468.02002,1488.27002,6123100
24/02/2026,1490.400024,1490.400024,1492.619995,1468,1481.780029,4664300
25/02/2026,1516.01001,1516.01001,1522.699951,1502.670044,1505.719971,5357500
26/02/2026,1533.640015,1533.640015,1535.880005,1519.199951,1528.030029,4450000
27/02/2026,1528.26001,1528.26001,1545.310059,1520.900024,1522.560059,5499100
02/03/2026,1466.51001,1466.51001,1515.98999,1466.51001,1491.910034,7835100
04/03/2026,1384.609985,1384.609985,1404.72998,1341.140015,1395.890015,17646400
05/03/2026,1417.290039,1417.290039,1430.579956,1386.699951,1423.869995,6515500
06/03/2026,1410.369995,1410.369995,1418.51001,1404.310059,1410.02002,3670600
09/03/2026,1382.969971,1382.969971,1386.040039,1331.22998,1344.819946,5365400
10/03/2026,1405.76001,1405.76001,1417.430054,1393.030029,1410.689941,4203400
11/03/2026,1407.339966,1407.339966,1428.060059,1407.339966,1414.390015,4415900
12/03/2026,1429.800049,1429.800049,1429.800049,1396.849976,1398.680054,3954000
13/03/2026,1409.349976,1409.349976,1424.77002,1404.449951,1420.26001,6280000
16/03/2026,1405.02002,1405.02002,1418.670044,1403.310059,1414.619995,3659800
17/03/2026,1433.880005,1433.880005,1441.969971,1418.680054,1422.689941,4624000
18/03/2026,1440.849976,1440.849976,1454.47998,1438.130005,1446.189941,4231300
19/03/2026,1417.449951,1417.449951,1442.040039,1416.609985,1431.359985,4838900
20/03/2026,1432.98999,1432.98999,1438.790039,1419.880005,1435.22998,5262000
23/03/2026,1397.339966,1397.339966,1409.810059,1396.109985,1400.329956,4831200
24/03/2026,1410.390015,1410.390015,1422.959961,1407,1416.609985,3858100
25/03/2026,1457.910034,1457.910034,1461.189941,1431.180054,1436.25,4732700
26/03/2026,1442.920044,1442.920044,1453.790039,1439.380005,1445.709961,4729800
27/03/2026,1447.050049,1447.050049,1457.709961,1442.160034,1449.339966,4141600
30/03/2026,1449.619995,1449.619995,1453.050049,1432.569946,1436.410034,3768300
31/03/2026,1448.140015,1448.140015,1454.160034,1439.459961,1454.160034,4583600
01/04/2026,1470.98999,1470.98999,1477.959961,1464.280029,1471.719971,5748500
02/04/2026,1465.719971,1465.719971,1472.390015,1459.5,1464.300049,3857700
03/04/2026,1454,1454,1473.26001,1453.77002,1471.75,3494300
07/04/2026,1464.430054,1464.430054,1466.47998,1449.430054,1458.209961,3176200
08/04/2026,1485.030029,1485.030029,1491.26001,1479.97998,1488.339966,4358200
09/04/2026,1489.660034,1489.660034,1495.420044,1482.119995,1485.160034,3386100
10/04/2026,1506.839966,1506.839966,1510.02002,1494.599976,1496.48999,2674400
16/04/2026,1489.72998,1489.72998,1510.079956,1486.609985,1508.73999,3884000
17/04/2026,1482.449951,1482.449951,1489.140015,1472.579956,1483.219971,4135200
20/04/2026,1481.849976,1481.849976,1484.969971,1472.23999,1480.01001,2611700
21/04/2026,1483.5,1483.5,1487.280029,1476.569946,1483.790039,3253700
22/04/2026,1479.73999,1479.73999,1488.680054,1477.050049,1477.050049,3706200
23/04/2026,1461.349976,1461.349976,1476.839966,1452.359985,1471.27002,3719500
24/04/2026,1456.099976,1456.099976,1458.469971,1438.329956,1454.689941,3093400
27/04/2026,1479.130005,1479.130005,1484.130005,1463,1466.23999,3352200
28/04/2026,1480.199951,1480.199951,1489.780029,1467.670044,1486.22998,3908400
29/04/2026,1491.73999,1491.73999,1492.719971,1475.300049,1478.680054,4207300
30/04/2026,1493.689941,1493.689941,1493.689941,1481.050049,1485.98999,0
